SID,RTms,ivec_cosine_dist,SAME_SPEAKER,RESPONSE,LABEL
CMU_13,780,1.059422,0,1,3
CMU_13,489,0.981999,0,1,3
CMU_13,288,1.020667,0,1,3
CMU_13,548,1.017691,0,1,3
CMU_13,325,0.995904,0,1,3
CMU_13,437,1.058828,0,1,3
CMU_13,-5808,0.648251,1,1,0
CMU_13,360,1.054271,0,1,3
CMU_13,776,0.936656,0,1,3
CMU_13,612,1.053416,0,1,3
CMU_13,-5582,0.683995,1,1,0
CMU_13,-70,NaN,0,0,1
CMU_13,339,1.056237,0,1,3
CMU_13,536,1.048136,0,1,3
CMU_13,442,0.876977,0,1,3
CMU_13,534,1.060868,0,1,3
CMU_13,582,0.941115,0,1,3
CMU_13,458,1.161350,0,1,3
CMU_13,663,1.065012,0,1,3
CMU_13,-6539,0.692981,1,1,0
CMU_13,532,0.847443,0,1,3
CMU_13,-5903,0.937953,1,1,0
CMU_13,353,0.962312,0,1,3
CMU_13,359,1.105084,0,1,3
CMU_13,375,1.208528,0,1,3
CMU_13,629,1.153207,0,1,3
CMU_13,778,0.953450,0,1,3
CMU_13,205,0.945691,0,0,1
CMU_13,653,1.045591,0,1,3
CMU_13,396,0.985211,0,1,3
CMU_13,376,1.128801,0,1,3
CMU_13,-6169,0.736783,1,1,0
CMU_13,648,1.098148,0,1,3
CMU_13,-6076,0.723478,1,1,0
CMU_13,685,0.912986,1,0,1
CMU_13,334,0.925951,0,1,3
CMU_13,826,0.967194,0,1,3
CMU_13,321,0.976506,0,1,3
CMU_13,81,0.906644,1,0,1
CMU_13,364,0.826405,0,1,3
CMU_13,444,1.122698,0,1,3
CMU_13,378,0.893441,0,1,3
CMU_13,221,1.035534,0,0,1
CMU_13,285,0.989775,0,1,3
CMU_13,645,0.980835,0,1,3
CMU_13,-6529,0.892217,1,1,0
CMU_13,482,0.930307,0,1,3
CMU_13,442,0.889335,0,1,3
CMU_13,-4485,NaN,1,0,1
CMU_13,299,1.186533,0,1,3
CMU_13,266,0.943387,0,1,3
CMU_13,1120,0.860469,0,1,3
CMU_13,391,0.984529,0,1,3
CMU_13,423,1.128678,0,1,3
CMU_13,546,0.816097,1,0,1
CMU_13,609,0.958975,0,1,3
CMU_13,682,0.819331,0,1,3
CMU_13,400,1.010597,0,1,3
CMU_13,500,0.884906,0,1,3
CMU_13,406,1.065557,0,1,3
CMU_13,471,1.048469,0,1,3
CMU_13,627,1.032955,0,1,3
CMU_13,-5637,0.611268,1,1,0
CMU_13,427,1.072883,0,1,3
CMU_13,-5747,0.632946,1,1,0
CMU_13,566,1.012333,0,1,3
CMU_13,609,0.962769,0,1,3
CMU_13,322,1.095567,0,1,3
CMU_13,325,1.042524,0,1,3
CMU_13,283,0.897474,0,1,3
CMU_13,380,1.173616,0,1,3
CMU_13,365,0.908509,0,1,3
CMU_13,737,0.894185,0,1,3
CMU_13,549,1.040724,0,1,3
CMU_13,466,1.030400,0,1,3
CMU_13,-7141,0.523526,1,1,0
CMU_13,373,0.734734,1,0,1
CMU_13,446,0.946891,0,1,3
CMU_13,-5499,0.907674,1,1,0
CMU_13,613,1.022589,0,1,3
CMU_13,297,0.944636,0,1,3
CMU_13,326,0.865988,0,1,3
CMU_13,293,0.912781,0,1,3
CMU_13,484,0.984364,0,1,3
CMU_13,540,0.933877,0,1,3
CMU_13,343,0.848674,0,1,3
CMU_13,265,0.865929,1,0,1
CMU_13,644,0.997869,0,1,3
CMU_13,655,0.948797,0,1,3
CMU_13,-126,NaN,1,0,1
CMU_13,373,0.893181,0,1,3
CMU_13,813,0.984096,0,1,3
CMU_13,402,0.801593,0,1,3
CMU_13,222,0.900853,0,0,1
CMU_13,371,0.972710,0,1,3
CMU_13,643,1.066939,0,1,3
CMU_13,485,0.660950,1,0,1
CMU_13,339,0.864240,0,1,3
CMU_13,446,0.939292,0,1,3
CMU_13,415,0.989874,0,1,3
CMU_13,368,0.927247,0,1,3
CMU_13,595,0.920615,0,1,3
CMU_13,345,0.911079,0,1,3
CMU_13,-5878,0.720919,1,1,0
CMU_13,784,1.089199,0,1,3
CMU_13,381,1.029402,0,1,3
CMU_13,139,0.960487,0,0,1
CMU_13,836,0.980176,0,1,3
CMU_13,374,0.876957,0,1,3
CMU_13,380,1.120343,0,1,3
CMU_13,591,1.001285,0,1,3
CMU_13,287,0.759239,1,0,1
CMU_13,472,0.768584,1,0,1
CMU_13,648,1.013895,0,1,3
CMU_13,726,0.997339,0,1,3
CMU_13,617,1.119219,0,1,3
CMU_13,258,1.173867,0,1,3
CMU_13,696,0.816720,0,1,3
CMU_13,313,0.828224,1,0,1
CMU_13,-5431,0.654711,1,1,0
CMU_13,557,0.718016,1,0,1
CMU_13,553,1.017832,0,1,3
CMU_13,428,1.069927,0,1,3
CMU_13,424,0.967620,0,1,3
CMU_13,560,0.966323,0,1,3
CMU_13,2814,0.652903,1,1,0
CMU_13,361,0.899589,0,1,3
CMU_13,401,1.140113,0,1,3
CMU_13,462,1.045986,0,1,3
CMU_13,498,0.981870,0,1,3
CMU_13,266,0.929803,0,1,3
CMU_13,675,0.954225,0,1,3
CMU_13,179,0.710288,1,0,1
CMU_13,495,1.061288,0,1,3
CMU_13,678,0.988482,0,1,3
CMU_13,476,0.989537,0,1,3
CMU_13,424,1.142902,0,1,3
CMU_13,255,1.054969,0,1,3
CMU_13,636,1.018438,0,1,3
CMU_13,376,1.127084,0,1,3
CMU_13,416,1.085705,0,1,3
CMU_13,-5832,0.766896,1,1,0
CMU_13,719,1.104616,0,1,3
CMU_13,539,1.203940,0,1,3
CMU_13,746,0.935021,0,1,3
CMU_13,334,0.925804,0,1,3
CMU_13,-5233,0.648100,1,1,0
CMU_13,634,0.917425,0,1,3
CMU_13,429,0.982985,0,1,3
CMU_13,-5754,0.652677,1,1,0
CMU_13,432,1.105239,0,1,3
CMU_13,592,0.960279,0,1,3
CMU_13,100,0.945042,1,0,1
CMU_13,433,0.987690,0,1,3
CMU_13,86,0.836583,0,0,1
CMU_13,422,1.041436,0,1,3
CMU_13,-5769,0.768995,1,1,0
CMU_13,375,1.118105,0,1,3
CMU_13,413,1.021756,0,1,3
CMU_13,516,0.951242,0,1,3
CMU_13,-5903,0.803391,1,1,0
CMU_13,-2683,NaN,0,0,1
CMU_13,398,0.944166,0,1,3
CMU_13,-1172,NaN,0,0,1
CMU_13,545,1.078922,0,1,3
CMU_13,427,0.934389,0,1,3
CMU_13,-6662,0.839605,1,1,0
CMU_13,407,1.206958,0,1,3
CMU_13,1610,0.677805,1,0,1
CMU_13,365,1.031393,0,1,3
CMU_13,570,1.101554,0,1,3
CMU_13,373,0.934189,0,1,3
CMU_13,-7463,0.799687,1,1,0
CMU_13,491,0.979964,0,1,3
CMU_13,403,0.991407,0,1,3
CMU_13,238,1.163229,0,1,3
CMU_13,563,0.958463,0,1,3
CMU_13,58,0.969358,0,0,1
CMU_13,242,0.946495,0,1,3
CMU_13,582,1.047638,0,1,3
CMU_13,429,1.033652,0,1,3
CMU_13,1537,0.929475,0,1,3
CMU_13,-5860,0.842145,1,1,0
CMU_13,-5185,0.751142,1,1,0
CMU_13,361,1.120214,0,1,3
CMU_13,468,1.143522,0,1,3
CMU_13,972,1.101886,0,1,3
CMU_13,420,0.875517,0,1,3
CMU_13,-6385,0.857511,1,1,0
CMU_13,248,1.006248,0,1,3
CMU_13,316,1.090369,0,1,3
CMU_13,324,0.946845,0,1,3
CMU_13,747,1.158924,0,1,3
CMU_13,767,1.160525,0,1,3
CMU_13,426,1.030112,0,1,3
CMU_13,431,0.751817,1,0,1
CMU_13,328,0.962157,0,1,3
CMU_13,452,1.087750,0,1,3
CMU_13,609,1.054471,0,1,3
CMU_13,345,1.050813,0,1,3
CMU-14,697,1.047071,0,1,3
CMU-14,950,1.002232,0,1,3
CMU-14,511,1.012000,0,1,3
CMU-14,906,0.974475,0,1,3
CMU-14,530,0.966516,0,1,3
CMU-14,518,1.083258,0,1,3
CMU-14,-5808,0.648251,1,1,0
CMU-14,711,1.069654,0,1,3
CMU-14,679,0.921145,0,1,3
CMU-14,959,0.952204,0,1,3
CMU-14,-5582,0.683995,1,1,0
CMU-14,549,0.950465,0,1,3
CMU-14,859,0.982139,0,1,3
CMU-14,1205,1.154962,0,1,3
CMU-14,900,0.964288,0,1,3
CMU-14,694,1.029825,0,1,3
CMU-14,714,0.997693,0,1,3
CMU-14,595,1.150204,0,1,3
CMU-14,924,1.046345,0,1,3
CMU-14,-6539,0.692981,1,1,0
CMU-14,663,0.883764,0,1,3
CMU-14,-5903,0.937953,1,1,0
CMU-14,511,0.942546,0,1,3
CMU-14,1019,1.116953,0,1,3
CMU-14,741,1.184126,0,1,3
CMU-14,847,1.063136,0,1,3
CMU-14,925,0.947359,0,1,3
CMU-14,470,1.035628,0,1,3
CMU-14,673,1.045066,0,1,3
CMU-14,747,0.939020,0,1,3
CMU-14,503,1.075623,0,1,3
CMU-14,-6169,0.736783,1,1,0
CMU-14,624,1.058613,0,1,3
CMU-14,-6076,0.723478,1,1,0
CMU-14,1756,0.814178,1,0,1
CMU-14,692,0.935875,0,1,3
CMU-14,723,0.959984,0,1,3
CMU-14,758,0.849012,0,1,3
CMU-14,-5637,0.723320,1,1,0
CMU-14,699,0.803367,0,1,3
CMU-14,939,1.087959,0,1,3
CMU-14,936,0.886187,0,1,3
CMU-14,1106,1.056435,0,1,3
CMU-14,75,1.033163,0,0,1
CMU-14,553,0.966429,0,1,3
CMU-14,-6529,0.892217,1,1,0
CMU-14,734,0.950101,0,1,3
CMU-14,1280,0.980817,0,1,3
CMU-14,-5735,0.924606,1,1,0
CMU-14,1159,1.097768,0,1,3
CMU-14,425,1.019662,0,1,3
CMU-14,831,0.892600,0,1,3
CMU-14,567,0.969004,0,1,3
CMU-14,500,1.128227,0,1,3
CMU-14,356,0.820284,1,0,1
CMU-14,1098,0.959561,0,1,3
CMU-14,383,0.837629,0,1,3
CMU-14,674,0.990120,0,1,3
CMU-14,750,0.837058,0,1,3
CMU-14,687,1.074755,0,1,3
CMU-14,483,1.045544,0,1,3
CMU-14,428,1.007571,0,1,3
CMU-14,-5637,0.611268,1,1,0
CMU-14,-4602,NaN,0,0,1
CMU-14,-5747,0.632946,1,1,0
CMU-14,823,0.987092,0,1,3
CMU-14,930,0.928025,0,1,3
CMU-14,354,1.108891,0,1,3
CMU-14,465,1.055450,0,1,3
CMU-14,546,1.006259,0,1,3
CMU-14,400,1.170588,0,1,3
CMU-14,722,0.965670,0,1,3
CMU-14,527,0.883897,0,1,3
CMU-14,652,1.002301,0,1,3
CMU-14,476,1.032124,0,1,3
CMU-14,-7141,0.523526,1,1,0
CMU-14,-6991,0.417996,1,1,0
CMU-14,764,1.003946,0,1,3
CMU-14,-5499,0.907674,1,1,0
CMU-14,582,0.998938,0,1,3
CMU-14,743,1.013588,0,1,3
CMU-14,591,0.814689,0,1,3
CMU-14,536,0.922536,0,1,3
CMU-14,580,1.007580,0,1,3
CMU-14,738,0.946918,0,1,3
CMU-14,800,0.901883,0,1,3
CMU-14,1033,0.783781,1,0,1
CMU-14,857,0.963135,0,1,3
CMU-14,1105,0.858462,0,1,3
CMU-14,-6495,0.796510,1,1,0
CMU-14,672,0.869411,0,1,3
CMU-14,1116,1.011063,0,1,3
CMU-14,1021,0.866383,0,1,3
CMU-14,1218,0.916666,0,1,3
CMU-14,669,1.041018,0,1,3
CMU-14,591,1.043346,0,1,3
CMU-14,695,0.588461,1,0,1
CMU-14,710,0.914755,0,1,3
CMU-14,570,1.001595,0,1,3
CMU-14,788,0.961325,0,1,3
CMU-14,950,0.872007,0,1,3
CMU-14,713,0.957855,0,1,3
CMU-14,-5274,0.926274,0,0,1
CMU-14,1643,0.696046,1,0,1
CMU-14,1145,1.059493,0,1,3
CMU-14,649,0.952536,0,1,3
CMU-14,1648,0.936930,0,1,3
CMU-14,632,0.955695,0,1,3
CMU-14,2667,0.936065,0,0,2
CMU-14,697,1.125522,0,1,3
CMU-14,694,0.978652,0,1,3
CMU-14,1034,0.745763,1,0,1
CMU-14,712,0.708639,1,0,1
CMU-14,667,1.012433,0,1,3
CMU-14,533,0.962868,0,1,3
CMU-14,707,1.129442,0,1,3
CMU-14,799,1.159273,0,1,3
CMU-14,704,0.816720,0,1,3
CMU-14,-5530,0.707318,1,1,0
CMU-14,-5431,0.654711,1,1,0
CMU-14,1109,0.721905,1,0,1
CMU-14,789,0.988679,0,1,3
CMU-14,587,1.081887,0,1,3
CMU-14,803,0.987425,0,1,3
CMU-14,610,0.979191,0,1,3
CMU-14,-6790,0.691530,1,1,0
CMU-14,1076,1.026274,0,1,3
CMU-14,656,1.186530,0,1,3
CMU-14,1198,1.096790,0,1,3
CMU-14,464,0.977176,0,1,3
CMU-14,737,0.815458,0,1,3
CMU-14,968,0.929375,0,1,3
CMU-14,-5355,0.661495,1,1,0
CMU-14,651,1.054635,0,1,3
CMU-14,322,1.041494,0,1,3
CMU-14,664,0.962929,0,1,3
CMU-14,1089,1.084120,0,1,3
CMU-14,407,1.060260,0,1,3
CMU-14,749,1.025471,0,1,3
CMU-14,675,1.212707,0,1,3
CMU-14,843,1.009195,0,1,3
CMU-14,-5832,0.766896,1,1,0
CMU-14,745,1.105943,0,1,3
CMU-14,660,1.193932,0,1,3
CMU-14,704,0.940320,0,1,3
CMU-14,469,0.927652,0,1,3
CMU-14,-5233,0.648100,1,1,0
CMU-14,729,0.913562,0,1,3
CMU-14,997,0.919640,0,1,3
CMU-14,-5754,0.652677,1,1,0
CMU-14,598,1.187364,0,1,3
CMU-14,715,0.952817,0,1,3
CMU-14,-6387,0.610384,1,1,0
CMU-14,772,0.984731,0,1,3
CMU-14,511,1.029173,0,1,3
CMU-14,993,1.022113,0,1,3
CMU-14,-5769,0.768995,1,1,0
CMU-14,660,1.153990,0,1,3
CMU-14,727,1.018565,0,1,3
CMU-14,1038,1.039510,0,1,3
CMU-14,-5903,0.803391,1,1,0
CMU-14,1129,0.955077,0,1,3
CMU-14,899,0.943965,0,1,3
CMU-14,1089,0.968414,0,1,3
CMU-14,774,1.071555,0,1,3
CMU-14,668,0.943974,0,1,3
CMU-14,-6662,0.839605,1,1,0
CMU-14,403,1.206958,0,1,3
CMU-14,755,0.820752,1,0,1
CMU-14,289,1.049026,0,1,3
CMU-14,726,1.120044,0,1,3
CMU-14,766,0.959024,0,1,3
CMU-14,-7463,0.799687,1,1,0
CMU-14,745,1.005433,0,1,3
CMU-14,1068,0.948458,0,1,3
CMU-14,518,1.031917,0,1,3
CMU-14,1313,0.949778,0,1,3
CMU-14,639,0.998636,0,1,3
CMU-14,527,0.870479,0,1,3
CMU-14,476,1.092927,0,1,3
CMU-14,663,1.104145,0,1,3
CMU-14,859,0.866716,0,1,3
CMU-14,-5860,0.842145,1,1,0
CMU-14,-5185,0.751142,1,1,0
CMU-14,1225,1.019557,0,1,3
CMU-14,738,1.202973,0,1,3
CMU-14,628,1.089135,0,1,3
CMU-14,489,0.913915,0,1,3
CMU-14,-6385,0.857511,1,1,0
CMU-14,958,0.969765,0,1,3
CMU-14,838,1.105609,0,1,3
CMU-14,690,0.989954,0,1,3
CMU-14,842,1.103362,0,1,3
CMU-14,717,1.151001,0,1,3
CMU-14,810,1.061895,0,1,3
CMU-14,-6213,0.613649,1,1,0
CMU-14,693,0.951112,0,1,3
CMU-14,1002,1.001661,0,1,3
CMU-14,573,1.057500,0,1,3
CMU-14,636,1.072881,0,1,3
cmu_15,606,1.026851,0,1,3
cmu_15,520,0.970597,0,1,3
cmu_15,234,1.020964,0,1,3
cmu_15,696,0.959991,0,1,3
cmu_15,553,0.975374,0,1,3
cmu_15,817,1.123875,0,1,3
cmu_15,-5808,0.648251,1,1,0
cmu_15,532,1.058630,0,1,3
cmu_15,2489,0.942902,0,0,2
cmu_15,719,1.008755,0,1,3
cmu_15,-5582,0.683995,1,1,0
cmu_15,931,0.986842,0,1,3
cmu_15,571,1.015659,0,1,3
cmu_15,799,1.060939,0,1,3
cmu_15,882,0.964504,0,1,3
cmu_15,524,1.058397,0,1,3
cmu_15,-484,NaN,0,0,1
cmu_15,654,1.122698,0,1,3
cmu_15,-6271,1.032262,0,0,1
cmu_15,-6539,0.692981,1,1,0
cmu_15,527,0.847443,0,1,3
cmu_15,34,1.037062,1,0,1
cmu_15,376,0.970497,0,1,3
cmu_15,469,1.193059,0,1,3
cmu_15,-5074,NaN,0,0,1
cmu_15,857,1.078033,0,1,3
cmu_15,814,0.962200,0,1,3
cmu_15,214,0.943678,0,0,1
cmu_15,711,1.046419,0,1,3
cmu_15,746,0.939020,0,1,3
cmu_15,292,1.125536,0,1,3
cmu_15,-6169,0.736783,1,1,0
cmu_15,1900,1.072213,0,1,3
cmu_15,-6076,0.723478,1,1,0
cmu_15,-5710,0.798695,1,1,0
cmu_15,987,0.932502,0,1,3
cmu_15,665,0.969995,0,1,3
cmu_15,916,0.856443,0,1,3
cmu_15,-5637,0.723320,1,1,0
cmu_15,742,0.796521,0,1,3
cmu_15,937,1.096273,0,1,3
cmu_15,318,0.900351,0,1,3
cmu_15,-6408,1.008895,0,0,1
cmu_15,616,1.111777,0,1,3
cmu_15,370,1.009630,0,1,3
cmu_15,-6529,0.892217,1,1,0
cmu_15,75,0.959900,0,0,1
cmu_15,609,0.903519,0,1,3
cmu_15,-5735,0.924606,1,1,0
cmu_15,610,1.094605,0,1,3
cmu_15,266,0.943387,0,1,3
cmu_15,4672,0.904693,0,0,2
cmu_15,1022,0.968727,0,1,3
cmu_15,1425,1.094611,0,1,3
cmu_15,345,0.817424,1,0,1
cmu_15,1040,0.965833,0,1,3
cmu_15,-1197,NaN,0,0,1
cmu_15,932,0.926211,0,1,3
cmu_15,746,0.837058,0,1,3
cmu_15,834,1.065666,0,1,3
cmu_15,836,1.056432,0,1,3
cmu_15,475,1.021273,0,1,3
cmu_15,-5637,0.611268,1,1,0
cmu_15,673,1.083532,0,1,3
cmu_15,-5747,0.632946,1,1,0
cmu_15,940,0.959026,0,1,3
cmu_15,658,0.976575,0,1,3
cmu_15,879,1.161870,0,1,3
cmu_15,652,0.992815,0,1,3
cmu_15,400,0.995701,0,1,3
cmu_15,856,1.267041,0,1,3
cmu_15,714,0.963693,0,1,3
cmu_15,622,0.883408,0,1,3
cmu_15,699,0.993327,0,1,3
cmu_15,3016,0.985839,0,0,2
cmu_15,-7141,0.523526,1,1,0
cmu_15,190,0.779994,1,0,1
cmu_15,779,1.005890,0,1,3
cmu_15,-5499,0.907674,1,1,0
cmu_15,677,1.024271,0,1,3
cmu_15,686,1.021718,0,1,3
cmu_15,394,0.872365,0,1,3
cmu_15,1715,0.897133,0,1,3
cmu_15,454,0.975034,0,1,3
cmu_15,210,0.997603,0,0,1
cmu_15,1093,0.896745,0,1,3
cmu_15,184,0.996592,1,0,1
cmu_15,607,1.015328,0,1,3
cmu_15,1197,0.874974,0,1,3
cmu_15,410,0.868194,1,0,1
cmu_15,608,0.880455,0,1,3
cmu_15,974,1.017339,0,1,3
cmu_15,1352,0.900388,0,1,3
cmu_15,635,0.944146,0,1,3
cmu_15,946,0.952105,0,1,3
cmu_15,889,1.100894,0,1,3
cmu_15,-5900,0.746720,1,1,0
cmu_15,372,0.872114,0,1,3
cmu_15,1031,1.024177,0,1,3
cmu_15,1062,0.968334,0,1,3
cmu_15,-6419,0.818534,0,0,1
cmu_15,1913,1.043934,0,1,3
cmu_15,867,1.050249,0,1,3
cmu_15,-5878,0.720919,1,1,0
cmu_15,2226,1.054772,0,0,2
cmu_15,883,0.956696,0,1,3
cmu_15,1885,0.939545,0,1,3
cmu_15,835,0.980176,0,1,3
cmu_15,889,0.836635,0,1,3
cmu_15,916,1.086745,0,1,3
cmu_15,1177,0.949924,0,1,3
cmu_15,-4560,NaN,1,0,1
cmu_15,390,0.785002,1,0,1
cmu_15,751,1.017318,0,1,3
cmu_15,400,1.009505,0,1,3
cmu_15,1546,1.165415,0,1,3
cmu_15,109,1.184844,0,0,1
cmu_15,1521,0.925471,0,1,3
cmu_15,-5530,0.707318,1,1,0
cmu_15,-5431,0.654711,1,1,0
cmu_15,618,0.746191,1,0,1
cmu_15,710,1.009325,0,1,3
cmu_15,1046,1.111177,0,1,3
cmu_15,1216,1.087102,0,1,3
cmu_15,957,1.087669,0,1,3
cmu_15,-6790,0.691530,1,1,0
cmu_15,383,0.898021,0,1,3
cmu_15,1434,1.101486,0,1,3
cmu_15,400,1.051144,0,1,3
cmu_15,609,1.025609,0,1,3
cmu_15,790,0.788388,0,1,3
cmu_15,-4694,NaN,0,0,1
cmu_15,-5355,0.661495,1,1,0
cmu_15,1978,1.152295,0,1,3
cmu_15,3024,1.074322,0,0,2
cmu_15,61,0.920853,0,0,1
cmu_15,746,1.105547,0,1,3
cmu_15,452,1.022525,0,1,3
cmu_15,609,1.014262,0,1,3
cmu_15,437,1.141267,0,1,3
cmu_15,1160,0.945123,0,1,3
cmu_15,-5832,0.766896,1,1,0
cmu_15,619,1.159047,0,1,3
cmu_15,408,1.178901,0,1,3
cmu_15,821,0.966563,0,1,3
cmu_15,743,0.991337,0,1,3
cmu_15,-5233,0.648100,1,1,0
cmu_15,3380,0.852963,0,0,2
cmu_15,935,0.905558,0,1,3
cmu_15,-5754,0.652677,1,1,0
cmu_15,799,1.183233,0,1,3
cmu_15,-6357,0.984275,0,0,1
cmu_15,-6387,0.610384,1,1,0
cmu_15,464,1.001775,0,1,3
cmu_15,473,1.039915,0,1,3
cmu_15,901,1.001721,0,1,3
cmu_15,1964,0.771765,1,0,1
cmu_15,1386,1.133690,0,1,3
cmu_15,1183,1.043391,0,1,3
cmu_15,1104,1.043299,0,1,3
cmu_15,-5903,0.803391,1,1,0
cmu_15,2410,0.878431,0,0,2
cmu_15,1025,0.940232,0,1,3
cmu_15,951,0.937511,0,1,3
cmu_15,928,1.028370,0,1,3
cmu_15,890,0.976411,0,1,3
cmu_15,-6662,0.839605,1,1,0
cmu_15,319,1.234387,0,1,3
cmu_15,-5676,0.702218,1,1,0
cmu_15,602,1.159784,0,1,3
cmu_15,734,1.118304,0,1,3
cmu_15,947,0.916132,0,1,3
cmu_15,-7463,0.799687,1,1,0
cmu_15,-4055,NaN,0,0,1
cmu_15,2454,1.014195,0,0,2
cmu_15,620,1.040836,0,1,3
cmu_15,1162,0.942023,0,1,3
cmu_15,938,0.940560,0,1,3
cmu_15,773,0.971145,0,1,3
cmu_15,-2518,NaN,0,0,1
cmu_15,591,1.060868,0,1,3
cmu_15,2041,0.971006,0,0,2
cmu_15,-5860,0.842145,1,1,0
cmu_15,-5185,0.751142,1,1,0
cmu_15,699,1.078181,0,1,3
cmu_15,583,1.148552,0,1,3
cmu_15,2180,1.109764,0,0,2
cmu_15,735,0.922079,0,1,3
cmu_15,-6385,0.857511,1,1,0
cmu_15,-6204,1.053113,0,0,1
cmu_15,1200,1.040308,0,1,3
cmu_15,713,0.996020,0,1,3
cmu_15,723,1.158616,0,1,3
cmu_15,743,1.154690,0,1,3
cmu_15,573,1.016737,0,1,3
cmu_15,869,0.695015,1,0,1
cmu_15,974,0.910736,0,1,3
cmu_15,979,0.993501,0,1,3
cmu_15,832,1.080993,0,1,3
cmu_15,1017,1.043365,0,1,3
CMU_16,1019,1.096290,0,1,3
CMU_16,524,0.968942,0,1,3
CMU_16,484,1.013915,0,1,3
CMU_16,598,0.974588,0,1,3
CMU_16,401,0.982809,0,1,3
CMU_16,401,1.026426,0,1,3
CMU_16,-5808,0.648251,1,1,0
CMU_16,387,1.047099,0,1,3
CMU_16,1774,0.954025,0,1,3
CMU_16,548,1.070617,0,1,3
CMU_16,-5582,0.683995,1,1,0
CMU_16,618,0.953307,0,1,3
CMU_16,494,1.067473,0,1,3
CMU_16,379,1.096098,0,1,3
CMU_16,666,0.996535,0,1,3
CMU_16,618,1.018924,0,1,3
CMU_16,686,0.971629,0,1,3
CMU_16,427,1.162019,0,1,3
CMU_16,434,1.015966,0,1,3
CMU_16,-6539,0.692981,1,1,0
CMU_16,611,0.853711,0,1,3
CMU_16,502,0.871520,1,0,1
CMU_16,496,0.944588,0,1,3
CMU_16,918,1.129330,0,1,3
CMU_16,664,1.183127,0,1,3
CMU_16,484,1.088062,0,1,3
CMU_16,597,0.953894,0,1,3
CMU_16,38,0.966872,0,0,1
CMU_16,706,1.047175,0,1,3
CMU_16,443,0.982432,0,1,3
CMU_16,378,1.120941,0,1,3
CMU_16,-6169,0.736783,1,1,0
CMU_16,656,1.103346,0,1,3
CMU_16,-6076,0.723478,1,1,0
CMU_16,484,0.838596,1,0,1
CMU_16,633,0.893157,0,1,3
CMU_16,520,1.002374,0,1,3
CMU_16,378,0.970086,0,1,3
CMU_16,-5637,0.723320,1,1,0
CMU_16,231,0.847696,0,1,3
CMU_16,745,1.068366,0,1,3
CMU_16,612,0.953151,0,1,3
CMU_16,654,1.023645,0,1,3
CMU_16,266,0.970353,0,1,3
CMU_16,632,0.980901,0,1,3
CMU_16,-6529,0.892217,1,1,0
CMU_16,706,0.943424,0,1,3
CMU_16,698,0.916401,0,1,3
CMU_16,-5735,0.924606,1,1,0
CMU_16,351,1.170140,0,1,3
CMU_16,475,1.000734,0,1,3
CMU_16,909,0.882042,0,1,3
CMU_16,546,0.965747,0,1,3
CMU_16,598,1.140534,0,1,3
CMU_16,583,0.795075,1,0,1
CMU_16,658,0.942837,0,1,3
CMU_16,600,0.831426,0,1,3
CMU_16,1446,0.909795,0,1,3
CMU_16,594,0.867836,0,1,3
CMU_16,902,1.079011,0,1,3
CMU_16,432,1.019692,0,1,3
CMU_16,513,1.027279,0,1,3
CMU_16,-5637,0.611268,1,1,0
CMU_16,565,1.023006,0,1,3
CMU_16,-5747,0.632946,1,1,0
CMU_16,479,0.962752,0,1,3
CMU_16,300,0.902315,0,1,3
CMU_16,560,1.076325,0,1,3
CMU_16,344,1.040517,0,1,3
CMU_16,386,0.992451,0,1,3
CMU_16,435,1.170821,0,1,3
CMU_16,527,0.903512,0,1,3
CMU_16,697,0.883401,0,1,3
CMU_16,393,1.062562,0,1,3
CMU_16,832,0.987077,0,1,3
CMU_16,-7141,0.523526,1,1,0
CMU_16,-6991,0.417996,1,1,0
CMU_16,714,0.994086,0,1,3
CMU_16,-5499,0.907674,1,1,0
CMU_16,473,0.962622,0,1,3
CMU_16,1232,1.008332,0,1,3
CMU_16,627,0.805886,0,1,3
CMU_16,708,0.923235,0,1,3
CMU_16,929,0.950166,0,1,3
CMU_16,321,0.949212,0,1,3
CMU_16,894,0.903089,0,1,3
CMU_16,486,0.786729,1,0,1
CMU_16,533,1.019816,0,1,3
CMU_16,489,0.968139,0,1,3
CMU_16,395,0.877188,1,0,1
CMU_16,564,0.879881,0,1,3
CMU_16,1225,1.011670,0,1,3
CMU_16,401,0.801593,0,1,3
CMU_16,412,0.905369,0,1,3
CMU_16,310,0.984491,0,1,3
CMU_16,814,1.105823,0,1,3
CMU_16,-5900,0.746720,1,1,0
CMU_16,493,0.825024,0,1,3
CMU_16,277,0.773700,0,1,3
CMU_16,674,0.981325,0,1,3
CMU_16,544,0.961914,0,1,3
CMU_16,1053,1.004071,0,1,3
CMU_16,288,0.929955,0,1,3
CMU_16,601,0.771824,1,0,1
CMU_16,334,1.123576,0,1,3
CMU_16,1014,0.951515,0,1,3
CMU_16,244,0.978574,0,1,3
CMU_16,843,0.980801,0,1,3
CMU_16,554,0.852957,0,1,3
CMU_16,411,1.110576,0,1,3
CMU_16,737,0.967060,0,1,3
CMU_16,812,0.729164,1,0,1
CMU_16,-5446,0.766201,1,1,0
CMU_16,580,1.010217,0,1,3
CMU_16,976,1.000661,0,1,3
CMU_16,-6657,1.126552,0,0,1
CMU_16,319,1.183256,0,1,3
CMU_16,1153,0.915714,0,1,3
CMU_16,544,0.778023,1,0,1
CMU_16,-5431,0.654711,1,1,0
CMU_16,-5913,0.751194,1,1,0
CMU_16,770,0.992286,0,1,3
CMU_16,265,1.018042,0,1,3
CMU_16,569,0.942982,0,1,3
CMU_16,726,1.040780,0,1,3
CMU_16,-6790,0.691530,1,1,0
CMU_16,846,0.995013,0,1,3
CMU_16,492,1.154417,0,1,3
CMU_16,501,1.044075,0,1,3
CMU_16,381,0.955762,0,1,3
CMU_16,541,0.831419,0,1,3
CMU_16,563,0.926729,0,1,3
CMU_16,-5355,0.661495,1,1,0
CMU_16,462,1.056049,0,1,3
CMU_16,587,1.017807,0,1,3
CMU_16,396,0.964422,0,1,3
CMU_16,455,1.145496,0,1,3
CMU_16,444,1.022525,0,1,3
CMU_16,521,1.030109,0,1,3
CMU_16,592,1.205145,0,1,3
CMU_16,632,1.076184,0,1,3
CMU_16,-5832,0.766896,1,1,0
CMU_16,679,1.132545,0,1,3
CMU_16,469,1.192439,0,1,3
CMU_16,426,0.937207,0,1,3
CMU_16,1618,1.065192,0,1,3
CMU_16,-5233,0.648100,1,1,0
CMU_16,872,0.888327,0,1,3
CMU_16,1707,0.969322,0,1,3
CMU_16,257,0.704445,1,0,1
CMU_16,568,1.176981,0,1,3
CMU_16,417,0.997825,0,1,3
CMU_16,-6387,0.610384,1,1,0
CMU_16,356,0.982224,0,1,3
CMU_16,598,1.053887,0,1,3
CMU_16,339,1.043805,0,1,3
CMU_16,-5769,0.768995,1,1,0
CMU_16,600,1.143093,0,1,3
CMU_16,644,1.009894,0,1,3
CMU_16,1220,1.078641,0,1,3
CMU_16,549,0.910657,1,0,1
CMU_16,1011,0.941730,0,1,3
CMU_16,661,0.878966,0,1,3
CMU_16,997,0.950205,0,1,3
CMU_16,640,1.102620,0,1,3
CMU_16,664,0.943974,0,1,3
CMU_16,-6662,0.839605,1,1,0
CMU_16,435,1.207635,0,1,3
CMU_16,843,0.779131,1,0,1
CMU_16,869,1.089069,0,1,3
CMU_16,496,1.089660,0,1,3
CMU_16,575,0.982443,0,1,3
CMU_16,-7463,0.799687,1,1,0
CMU_16,522,0.976981,0,1,3
CMU_16,401,0.991407,0,1,3
CMU_16,624,1.042587,0,1,3
CMU_16,548,0.950853,0,1,3
CMU_16,441,0.974011,0,1,3
CMU_16,484,0.879529,0,1,3
CMU_16,394,1.039783,0,1,3
CMU_16,733,1.087969,0,1,3
CMU_16,1988,0.968014,0,1,3
CMU_16,-5860,0.842145,1,1,0
CMU_16,-5185,0.751142,1,1,0
CMU_16,650,1.085782,0,1,3
CMU_16,503,1.140119,0,1,3
CMU_16,912,1.100204,0,1,3
CMU_16,566,0.919252,0,1,3
CMU_16,927,0.953771,1,0,1
CMU_16,-6204,1.053113,0,0,1
CMU_16,376,1.091428,0,1,3
CMU_16,401,0.992632,0,1,3
CMU_16,778,1.149555,0,1,3
CMU_16,1090,1.150640,0,1,3
CMU_16,654,1.038058,0,1,3
CMU_16,457,0.754020,1,0,1
CMU_16,642,0.948297,0,1,3
CMU_16,531,1.062483,0,1,3
CMU_16,1324,1.153071,0,1,3
CMU_16,340,1.050813,0,1,3
CMU_17,436,1.072485,0,1,3
CMU_17,590,0.985428,0,1,3
CMU_17,394,1.056260,0,1,3
CMU_17,636,0.951958,0,1,3
CMU_17,671,0.970458,0,1,3
CMU_17,796,1.119552,0,1,3
CMU_17,-5808,0.648251,1,1,0
CMU_17,629,1.077210,0,1,3
CMU_17,955,1.000162,0,1,3
CMU_17,611,1.053416,0,1,3
CMU_17,-5582,0.683995,1,1,0
CMU_17,475,0.944148,0,1,3
CMU_17,660,1.017720,0,1,3
CMU_17,551,1.043921,0,1,3
CMU_17,432,0.869819,0,1,3
CMU_17,648,1.016961,0,1,3
CMU_17,379,0.989610,0,1,3
CMU_17,492,1.150807,0,1,3
CMU_17,406,1.009979,0,1,3
CMU_17,-6539,0.692981,1,1,0
CMU_17,403,0.900516,0,1,3
CMU_17,-5903,0.937953,1,1,0
CMU_17,840,0.977832,0,1,3
CMU_17,451,1.182138,0,1,3
CMU_17,663,1.183127,0,1,3
CMU_17,430,1.096980,0,1,3
CMU_17,613,0.955133,0,1,3
CMU_17,529,1.019196,0,1,3
CMU_17,506,0.974929,0,1,3
CMU_17,538,0.972063,0,1,3
CMU_17,563,1.072503,0,1,3
CMU_17,-6169,0.736783,1,1,0
CMU_17,681,1.094146,0,1,3
CMU_17,-6076,0.723478,1,1,0
CMU_17,-5710,0.798695,1,1,0
CMU_17,406,0.937391,0,1,3
CMU_17,478,1.008604,0,1,3
CMU_17,668,0.861314,0,1,3
CMU_17,-5637,0.723320,1,1,0
CMU_17,486,0.820948,0,1,3
CMU_17,407,1.119158,0,1,3
CMU_17,595,0.970653,0,1,3
CMU_17,1251,1.085593,0,1,3
CMU_17,396,1.080709,0,1,3
CMU_17,495,0.998562,0,1,3
CMU_17,-6529,0.892217,1,1,0
CMU_17,465,0.934430,0,1,3
CMU_17,692,0.913268,0,1,3
CMU_17,-5735,0.924606,1,1,0
CMU_17,559,1.089509,0,1,3
CMU_17,504,0.961748,0,1,3
CMU_17,738,0.899443,0,1,3
CMU_17,436,0.977494,0,1,3
CMU_17,352,1.084329,0,1,3
CMU_17,-5605,0.706472,1,1,0
CMU_17,490,0.971233,0,1,3
CMU_17,423,0.824426,0,1,3
CMU_17,694,0.984023,0,1,3
CMU_17,481,0.895036,0,1,3
CMU_17,473,1.042152,0,1,3
CMU_17,416,1.005388,0,1,3
CMU_17,489,1.022848,0,1,3
CMU_17,-5637,0.611268,1,1,0
CMU_17,329,1.094943,0,1,3
CMU_17,-5747,0.632946,1,1,0
CMU_17,470,0.962986,0,1,3
CMU_17,621,0.964414,0,1,3
CMU_17,439,1.097795,0,1,3
CMU_17,427,1.059297,0,1,3
CMU_17,529,1.010612,0,1,3
CMU_17,350,1.151151,0,1,3
CMU_17,474,0.883151,0,1,3
CMU_17,613,0.888569,0,1,3
CMU_17,599,1.005867,0,1,3
CMU_17,433,1.040275,0,1,3
CMU_17,-7141,0.523526,1,1,0
CMU_17,-6991,0.417996,1,1,0
CMU_17,563,0.977539,0,1,3
CMU_17,-5499,0.907674,1,1,0
CMU_17,427,0.963879,0,1,3
CMU_17,872,0.995401,0,1,3
CMU_17,418,0.872977,0,1,3
CMU_17,582,0.914740,0,1,3
CMU_17,531,1.011871,0,1,3
CMU_17,498,0.934600,0,1,3
CMU_17,551,0.886158,0,1,3
CMU_17,-5450,0.729082,1,1,0
CMU_17,495,1.018673,0,1,3
CMU_17,453,0.968818,0,1,3
CMU_17,-6495,0.796510,1,1,0
CMU_17,442,0.889375,0,1,3
CMU_17,859,0.996402,0,1,3
CMU_17,483,0.826115,0,1,3
CMU_17,563,0.944114,0,1,3
CMU_17,508,1.002044,0,1,3
CMU_17,559,1.038103,0,1,3
CMU_17,-5900,0.746720,1,1,0
CMU_17,544,0.824949,0,1,3
CMU_17,459,0.941132,0,1,3
CMU_17,374,0.994093,0,1,3
CMU_17,556,0.953355,0,1,3
CMU_17,994,0.978786,0,1,3
CMU_17,378,0.922190,0,1,3
CMU_17,-5878,0.720919,1,1,0
CMU_17,436,1.089326,0,1,3
CMU_17,400,1.022696,0,1,3
CMU_17,497,0.927504,0,1,3
CMU_17,581,0.949832,0,1,3
CMU_17,561,0.847831,0,1,3
CMU_17,489,1.081531,0,1,3
CMU_17,545,0.999569,0,1,3
CMU_17,471,0.742435,1,0,1
CMU_17,704,0.711839,1,0,1
CMU_17,577,1.013008,0,1,3
CMU_17,440,0.991769,0,1,3
CMU_17,461,1.131228,0,1,3
CMU_17,510,1.162901,0,1,3
CMU_17,449,0.783667,0,1,3
CMU_17,-5530,0.707318,1,1,0
CMU_17,-5431,0.654711,1,1,0
CMU_17,-5913,0.751194,1,1,0
CMU_17,541,1.019598,0,1,3
CMU_17,563,1.081940,0,1,3
CMU_17,824,0.993394,0,1,3
CMU_17,366,0.951748,0,1,3
CMU_17,-6790,0.691530,1,1,0
CMU_17,617,0.989823,0,1,3
CMU_17,431,1.149038,0,1,3
CMU_17,666,1.047518,0,1,3
CMU_17,281,0.937662,0,1,3
CMU_17,581,0.801268,0,1,3
CMU_17,608,0.934797,0,1,3
CMU_17,-5355,0.661495,1,1,0
CMU_17,460,1.056049,0,1,3
CMU_17,1152,1.081646,0,1,3
CMU_17,582,0.973840,0,1,3
CMU_17,548,1.133788,0,1,3
CMU_17,506,1.026335,0,1,3
CMU_17,575,1.009541,0,1,3
CMU_17,735,1.220884,0,1,3
CMU_17,470,1.081732,0,1,3
CMU_17,-5832,0.766896,1,1,0
CMU_17,434,1.148765,0,1,3
CMU_17,457,1.193561,0,1,3
CMU_17,431,0.937207,0,1,3
CMU_17,665,0.969194,0,1,3
CMU_17,-5233,0.648100,1,1,0
CMU_17,904,0.914445,0,1,3
CMU_17,1399,0.964205,0,1,3
CMU_17,-5754,0.652677,1,1,0
CMU_17,395,1.105145,0,1,3
CMU_17,498,0.947071,0,1,3
CMU_17,-6387,0.610384,1,1,0
CMU_17,627,0.986170,0,1,3
CMU_17,497,1.026861,0,1,3
CMU_17,506,1.017447,0,1,3
CMU_17,-5769,0.768995,1,1,0
CMU_17,519,1.134870,0,1,3
CMU_17,513,1.020622,0,1,3
CMU_17,919,1.040431,0,1,3
CMU_17,-5903,0.803391,1,1,0
CMU_17,737,0.974848,0,1,3
CMU_17,559,0.911932,0,1,3
CMU_17,670,0.869311,0,1,3
CMU_17,459,1.078899,0,1,3
CMU_17,776,0.935430,0,1,3
CMU_17,-6662,0.839605,1,1,0
CMU_17,718,1.190293,0,1,3
CMU_17,-5676,0.702218,1,1,0
CMU_17,686,1.161241,0,1,3
CMU_17,481,1.088432,0,1,3
CMU_17,633,0.982714,0,1,3
CMU_17,-7463,0.799687,1,1,0
CMU_17,489,0.979543,0,1,3
CMU_17,779,1.016909,0,1,3
CMU_17,497,1.045343,0,1,3
CMU_17,638,0.957931,0,1,3
CMU_17,629,0.990640,0,1,3
CMU_17,434,0.919770,0,1,3
CMU_17,639,1.070828,0,1,3
CMU_17,642,1.098581,0,1,3
CMU_17,1130,0.901064,0,1,3
CMU_17,-5860,0.842145,1,1,0
CMU_17,-5185,0.751142,1,1,0
CMU_17,452,1.110098,0,1,3
CMU_17,451,1.131372,0,1,3
CMU_17,1002,1.095922,0,1,3
CMU_17,424,0.875517,0,1,3
CMU_17,-6385,0.857511,1,1,0
CMU_17,961,0.969765,0,1,3
CMU_17,562,1.037109,0,1,3
CMU_17,1102,1.013844,0,1,3
CMU_17,583,1.144157,0,1,3
CMU_17,431,1.131126,0,1,3
CMU_17,577,1.016737,0,1,3
CMU_17,740,0.688664,1,0,1
CMU_17,483,0.950861,0,1,3
CMU_17,921,0.990696,0,1,3
CMU_17,837,1.091565,0,1,3
CMU_17,784,1.045066,0,1,3
iisc_01,2479,1.169004,0,0,2
iisc_01,407,0.981874,0,1,3
iisc_01,391,1.058108,0,1,3
iisc_01,626,0.951958,0,1,3
iisc_01,295,0.954885,0,1,3
iisc_01,436,1.058828,0,1,3
iisc_01,-5808,0.648251,1,1,0
iisc_01,493,1.042157,0,1,3
iisc_01,751,0.930992,0,1,3
iisc_01,1661,0.843507,0,1,3
iisc_01,-5582,0.683995,1,1,0
iisc_01,607,0.955281,0,1,3
iisc_01,675,1.019465,0,1,3
iisc_01,501,1.065004,0,1,3
iisc_01,420,0.868604,0,1,3
iisc_01,1038,1.029449,0,1,3
iisc_01,524,0.927149,0,1,3
iisc_01,759,1.138989,0,1,3
iisc_01,730,1.050352,0,1,3
iisc_01,-1135,NaN,1,0,1
iisc_01,628,0.869916,0,1,3
iisc_01,719,0.793185,1,0,1
iisc_01,522,0.931279,0,1,3
iisc_01,417,1.141106,0,1,3
iisc_01,513,1.212641,0,1,3
iisc_01,415,1.086937,0,1,3
iisc_01,869,0.964405,0,1,3
iisc_01,599,1.004955,0,1,3
iisc_01,524,1.008795,0,1,3
iisc_01,1137,0.942580,0,1,3
iisc_01,488,1.077821,0,1,3
iisc_01,-845,NaN,1,0,1
iisc_01,567,1.041342,0,1,3
iisc_01,-6076,0.723478,1,1,0
iisc_01,-5710,0.798695,1,1,0
iisc_01,826,0.904137,0,1,3
iisc_01,449,1.004862,0,1,3
iisc_01,517,0.951179,0,1,3
iisc_01,-5637,0.723320,1,1,0
iisc_01,385,0.818061,0,1,3
iisc_01,444,1.122698,0,1,3
iisc_01,564,0.961090,0,1,3
iisc_01,1230,1.078952,0,1,3
iisc_01,544,1.104929,0,1,3
iisc_01,514,0.984678,0,1,3
iisc_01,-6529,0.892217,1,1,0
iisc_01,699,0.939686,0,1,3
iisc_01,443,0.889335,0,1,3
iisc_01,-5735,0.924606,1,1,0
iisc_01,294,1.186533,0,1,3
iisc_01,835,1.003861,0,1,3
iisc_01,1209,0.855988,0,1,3
iisc_01,546,0.965747,0,1,3
iisc_01,693,1.176949,0,1,3
iisc_01,796,0.680180,1,0,1
iisc_01,687,0.939584,0,1,3
iisc_01,640,0.826095,0,1,3
iisc_01,-6168,0.928716,0,0,1
iisc_01,1369,0.821362,0,1,3
iisc_01,762,1.052161,0,1,3
iisc_01,415,1.005388,0,1,3
iisc_01,569,1.033107,0,1,3
iisc_01,-5637,0.611268,1,1,0
iisc_01,401,1.082830,0,1,3
iisc_01,-5747,0.632946,1,1,0
iisc_01,739,0.988024,0,1,3
iisc_01,836,0.948146,0,1,3
iisc_01,613,1.082179,0,1,3
iisc_01,468,1.050785,0,1,3
iisc_01,387,0.992451,0,1,3
iisc_01,447,1.176887,0,1,3
iisc_01,386,0.900774,0,1,3
iisc_01,745,0.892156,0,1,3
iisc_01,705,0.984956,0,1,3
iisc_01,440,1.033279,0,1,3
iisc_01,-7141,0.523526,1,1,0
iisc_01,387,0.706183,1,0,1
iisc_01,709,0.995142,0,1,3
iisc_01,-5499,0.907674,1,1,0
iisc_01,642,1.028401,0,1,3
iisc_01,587,0.988298,0,1,3
iisc_01,412,0.867914,0,1,3
iisc_01,599,0.931754,0,1,3
iisc_01,430,0.966947,0,1,3
iisc_01,307,0.957999,0,1,3
iisc_01,503,0.917611,0,1,3
iisc_01,317,0.827894,1,0,1
iisc_01,670,0.989866,0,1,3
iisc_01,491,0.968139,0,1,3
iisc_01,1229,0.797168,1,0,1
iisc_01,504,0.865662,0,1,3
iisc_01,627,0.974757,0,1,3
iisc_01,286,0.796002,0,1,3
iisc_01,309,0.893932,0,1,3
iisc_01,-3049,NaN,0,0,1
iisc_01,-4059,NaN,0,0,1
iisc_01,-5900,0.746720,1,1,0
iisc_01,400,0.881157,0,1,3
iisc_01,469,0.941132,0,1,3
iisc_01,678,0.981325,0,1,3
iisc_01,392,0.923768,0,1,3
iisc_01,926,0.960168,0,1,3
iisc_01,669,1.019172,0,1,3
iisc_01,478,0.747972,1,0,1
iisc_01,537,1.114704,0,1,3
iisc_01,499,0.937920,0,1,3
iisc_01,569,0.924850,0,1,3
iisc_01,708,0.988724,0,1,3
iisc_01,429,0.879459,0,1,3
iisc_01,780,1.090748,0,1,3
iisc_01,578,1.009681,0,1,3
iisc_01,415,0.714308,1,0,1
iisc_01,1019,0.724711,1,0,1
iisc_01,606,1.013556,0,1,3
iisc_01,450,0.986593,0,1,3
iisc_01,548,1.112594,0,1,3
iisc_01,610,1.141691,0,1,3
iisc_01,1009,0.817755,0,1,3
iisc_01,331,0.813598,1,0,1
iisc_01,-5431,0.654711,1,1,0
iisc_01,1036,0.739514,1,0,1
iisc_01,522,1.034543,0,1,3
iisc_01,326,1.010130,0,1,3
iisc_01,387,0.988826,0,1,3
iisc_01,424,0.943088,0,1,3
iisc_01,-6790,0.691530,1,1,0
iisc_01,604,0.987241,0,1,3
iisc_01,484,1.151815,0,1,3
iisc_01,694,1.047997,0,1,3
iisc_01,456,0.975112,0,1,3
iisc_01,594,0.801549,0,1,3
iisc_01,855,0.916551,0,1,3
iisc_01,-5355,0.661495,1,1,0
iisc_01,310,1.030972,0,1,3
iisc_01,540,1.035641,0,1,3
iisc_01,469,0.984631,0,1,3
iisc_01,347,1.131801,0,1,3
iisc_01,448,1.022525,0,1,3
iisc_01,458,1.003564,0,1,3
iisc_01,519,1.173827,0,1,3
iisc_01,438,1.081433,0,1,3
iisc_01,-5832,0.766896,1,1,0
iisc_01,500,1.160464,0,1,3
iisc_01,563,1.195776,0,1,3
iisc_01,570,0.933455,0,1,3
iisc_01,327,0.925804,0,1,3
iisc_01,-5233,0.648100,1,1,0
iisc_01,1334,0.870168,0,1,3
iisc_01,332,0.983068,0,1,3
iisc_01,-5754,0.652677,1,1,0
iisc_01,-6468,1.266976,0,0,1
iisc_01,682,0.955595,0,1,3
iisc_01,-6387,0.610384,1,1,0
iisc_01,464,1.001775,0,1,3
iisc_01,480,1.035078,0,1,3
iisc_01,368,1.037645,0,1,3
iisc_01,-5769,0.768995,1,1,0
iisc_01,541,1.137195,0,1,3
iisc_01,676,1.020962,0,1,3
iisc_01,748,1.022364,0,1,3
iisc_01,961,0.817946,1,0,1
iisc_01,337,0.888342,0,1,3
iisc_01,528,0.929352,0,1,3
iisc_01,962,0.943071,0,1,3
iisc_01,835,1.024177,0,1,3
iisc_01,645,0.950779,0,1,3
iisc_01,-6662,0.839605,1,1,0
iisc_01,635,1.178566,0,1,3
iisc_01,-5676,0.702218,1,1,0
iisc_01,534,1.131366,0,1,3
iisc_01,490,1.089893,0,1,3
iisc_01,415,0.941476,0,1,3
iisc_01,-7463,0.799687,1,1,0
iisc_01,513,0.977600,0,1,3
iisc_01,429,0.996602,0,1,3
iisc_01,487,1.053804,0,1,3
iisc_01,692,0.968183,0,1,3
iisc_01,426,0.976454,0,1,3
iisc_01,571,0.915198,0,1,3
iisc_01,552,1.032525,0,1,3
iisc_01,761,1.085335,0,1,3
iisc_01,1594,0.935320,0,1,3
iisc_01,952,0.788475,1,0,1
iisc_01,-5185,0.751142,1,1,0
iisc_01,573,1.093157,0,1,3
iisc_01,689,1.187567,0,1,3
iisc_01,-5520,1.077883,0,0,1
iisc_01,553,0.920983,0,1,3
iisc_01,-6385,0.857511,1,1,0
iisc_01,-6204,1.053113,0,0,1
iisc_01,381,1.092611,0,1,3
iisc_01,650,0.982024,0,1,3
iisc_01,950,1.117352,0,1,3
iisc_01,395,1.118999,0,1,3
iisc_01,713,1.074190,0,1,3
iisc_01,-6213,0.613649,1,1,0
iisc_01,739,0.976164,0,1,3
iisc_01,799,0.998420,0,1,3
iisc_01,588,1.052848,0,1,3
iisc_01,1093,0.992012,0,1,3
iisc_02,704,1.046797,0,1,3
iisc_02,1152,1.007438,0,1,3
iisc_02,497,1.010209,0,1,3
iisc_02,490,1.010281,0,1,3
iisc_02,476,0.972815,0,1,3
iisc_02,950,1.137777,0,1,3
iisc_02,2284,0.674926,1,1,0
iisc_02,1101,0.974900,0,1,3
iisc_02,917,0.978002,0,1,3
iisc_02,765,1.001504,0,1,3
iisc_02,-5582,0.683995,1,1,0
iisc_02,717,0.968192,0,1,3
iisc_02,130,1.021544,0,0,1
iisc_02,835,1.060517,0,1,3
iisc_02,1195,0.970778,0,1,3
iisc_02,832,1.022946,0,1,3
iisc_02,729,1.001285,0,1,3
iisc_02,525,1.147424,0,1,3
iisc_02,658,1.065012,0,1,3
iisc_02,-6539,0.692981,1,1,0
iisc_02,930,0.883516,0,1,3
iisc_02,521,0.874230,1,0,1
iisc_02,993,0.949662,0,1,3
iisc_02,1015,1.116953,0,1,3
iisc_02,650,1.183625,0,1,3
iisc_02,1712,1.167609,0,1,3
iisc_02,833,0.964730,0,1,3
iisc_02,722,0.992149,0,1,3
iisc_02,811,1.013893,0,1,3
iisc_02,762,0.941065,0,1,3
iisc_02,579,1.069835,0,1,3
iisc_02,-6169,0.736783,1,1,0
iisc_02,342,1.028064,0,1,3
iisc_02,-6076,0.723478,1,1,0
iisc_02,1420,0.830786,1,0,1
iisc_02,1127,0.898591,0,1,3
iisc_02,533,1.000388,0,1,3
iisc_02,509,0.953638,0,1,3
iisc_02,-5637,0.723320,1,1,0
iisc_02,892,0.786542,0,1,3
iisc_02,1287,1.081674,0,1,3
iisc_02,820,0.899270,0,1,3
iisc_02,1104,1.056435,0,1,3
iisc_02,553,1.107791,0,1,3
iisc_02,741,1.007040,0,1,3
iisc_02,-6529,0.892217,1,1,0
iisc_02,890,0.933568,0,1,3
iisc_02,1102,0.991095,0,1,3
iisc_02,1199,0.916893,1,0,1
iisc_02,1460,1.078814,0,1,3
iisc_02,1006,1.070823,0,1,3
iisc_02,2045,0.890432,0,0,2
iisc_02,1307,0.970535,0,1,3
iisc_02,1041,1.076654,0,1,3
iisc_02,1187,0.671221,1,0,1
iisc_02,886,0.955501,0,1,3
iisc_02,961,0.748946,0,1,3
iisc_02,924,0.931171,0,1,3
iisc_02,2305,0.787890,0,0,2
iisc_02,989,1.091980,0,1,3
iisc_02,1047,0.963490,0,1,3
iisc_02,934,1.033643,0,1,3
iisc_02,2163,0.598502,1,1,0
iisc_02,640,1.061104,0,1,3
iisc_02,3456,0.624410,1,1,0
iisc_02,703,0.986424,0,1,3
iisc_02,812,0.947108,0,1,3
iisc_02,898,1.158079,0,1,3
iisc_02,1386,0.957469,0,1,3
iisc_02,795,0.985257,0,1,3
iisc_02,987,1.245406,0,1,3
iisc_02,1182,0.987049,0,1,3
iisc_02,1130,0.886800,0,1,3
iisc_02,931,1.007535,0,1,3
iisc_02,792,0.973257,0,1,3
iisc_02,-7141,0.523526,1,1,0
iisc_02,179,0.772062,1,0,1
iisc_02,1031,1.068734,0,1,3
iisc_02,-5499,0.907674,1,1,0
iisc_02,556,0.983582,0,1,3
iisc_02,890,0.992029,0,1,3
iisc_02,630,0.802096,0,1,3
iisc_02,264,0.916302,0,1,3
iisc_02,1176,0.889070,0,1,3
iisc_02,886,0.975662,0,1,3
iisc_02,1040,0.890449,0,1,3
iisc_02,1248,0.739713,1,0,1
iisc_02,1006,0.925995,0,1,3
iisc_02,582,0.941462,0,1,3
iisc_02,1123,0.719254,1,0,1
iisc_02,-330,NaN,0,0,1
iisc_02,720,0.974653,0,1,3
iisc_02,1061,0.867998,0,1,3
iisc_02,734,0.940165,0,1,3
iisc_02,869,0.973339,0,1,3
iisc_02,996,1.083429,0,1,3
iisc_02,1069,0.732049,1,0,1
iisc_02,622,0.898088,0,1,3
iisc_02,907,1.015900,0,1,3
iisc_02,1080,0.969728,0,1,3
iisc_02,1808,0.823962,0,1,3
iisc_02,839,0.975517,0,1,3
iisc_02,1102,1.020733,0,1,3
iisc_02,745,0.792160,1,0,1
iisc_02,1035,1.073627,0,1,3
iisc_02,584,0.926040,0,1,3
iisc_02,1139,0.938379,0,1,3
iisc_02,535,0.945396,0,1,3
iisc_02,2040,0.974247,0,0,2
iisc_02,668,1.131244,0,1,3
iisc_02,864,0.947414,0,1,3
iisc_02,489,0.747472,1,0,1
iisc_02,956,0.731716,1,0,1
iisc_02,529,1.014819,0,1,3
iisc_02,927,0.985991,0,1,3
iisc_02,726,1.119156,0,1,3
iisc_02,1086,1.198384,0,1,3
iisc_02,1082,0.858198,0,1,3
iisc_02,669,0.900242,1,0,1
iisc_02,-5431,0.654711,1,1,0
iisc_02,-5913,0.751194,1,1,0
iisc_02,1243,1.039555,0,1,3
iisc_02,380,1.055806,0,1,3
iisc_02,1037,1.028480,0,1,3
iisc_02,737,1.050229,0,1,3
iisc_02,-6790,0.691530,1,1,0
iisc_02,438,0.910506,0,1,3
iisc_02,810,1.164866,0,1,3
iisc_02,537,1.084094,0,1,3
iisc_02,1581,1.035366,0,1,3
iisc_02,1105,0.676689,0,1,3
iisc_02,1351,0.960541,0,1,3
iisc_02,689,0.762833,1,0,1
iisc_02,1117,1.075822,0,1,3
iisc_02,714,1.001011,0,1,3
iisc_02,239,0.903889,0,1,3
iisc_02,556,1.134065,0,1,3
iisc_02,839,1.047537,0,1,3
iisc_02,1389,1.014468,0,1,3
iisc_02,415,1.119007,0,1,3
iisc_02,848,1.009195,0,1,3
iisc_02,-5832,0.766896,1,1,0
iisc_02,2091,1.063774,0,0,2
iisc_02,1100,1.150028,0,1,3
iisc_02,750,0.935021,0,1,3
iisc_02,612,0.943462,0,1,3
iisc_02,-5233,0.648100,1,1,0
iisc_02,990,0.869142,0,1,3
iisc_02,1016,0.920508,0,1,3
iisc_02,-5754,0.652677,1,1,0
iisc_02,564,1.172816,0,1,3
iisc_02,1237,0.955918,0,1,3
iisc_02,-6387,0.610384,1,1,0
iisc_02,836,0.971669,0,1,3
iisc_02,763,1.054372,0,1,3
iisc_02,834,0.988456,0,1,3
iisc_02,-5769,0.768995,1,1,0
iisc_02,813,1.085066,0,1,3
iisc_02,758,1.015060,0,1,3
iisc_02,1144,1.061960,0,1,3
iisc_02,1179,0.812572,1,0,1
iisc_02,1101,0.947968,0,1,3
iisc_02,959,0.938545,0,1,3
iisc_02,584,0.860229,0,1,3
iisc_02,1286,1.004617,0,1,3
iisc_02,749,0.928435,0,1,3
iisc_02,-6662,0.839605,1,1,0
iisc_02,986,1.158117,0,1,3
iisc_02,3558,0.716383,1,1,0
iisc_02,1027,1.121678,0,1,3
iisc_02,2091,1.161450,0,0,2
iisc_02,523,0.979612,0,1,3
iisc_02,-7463,0.799687,1,1,0
iisc_02,815,1.027561,0,1,3
iisc_02,788,1.019810,0,1,3
iisc_02,1292,1.063686,0,1,3
iisc_02,768,0.971239,0,1,3
iisc_02,812,0.956926,0,1,3
iisc_02,342,0.884453,0,1,3
iisc_02,1318,1.010590,0,1,3
iisc_02,1390,1.101749,0,1,3
iisc_02,1663,0.947884,0,1,3
iisc_02,-5860,0.842145,1,1,0
iisc_02,-5185,0.751142,1,1,0
iisc_02,785,1.052280,0,1,3
iisc_02,806,1.186140,0,1,3
iisc_02,1651,1.083656,0,1,3
iisc_02,731,0.922079,0,1,3
iisc_02,-6385,0.857511,1,1,0
iisc_02,186,1.005509,0,0,1
iisc_02,557,1.038673,0,1,3
iisc_02,751,0.995564,0,1,3
iisc_02,1483,1.099740,0,1,3
iisc_02,604,1.150556,0,1,3
iisc_02,484,1.038838,0,1,3
iisc_02,1008,0.712431,1,0,1
iisc_02,1152,0.884206,0,1,3
iisc_02,1056,1.020723,0,1,3
iisc_02,1204,1.147763,0,1,3
iisc_02,613,1.075847,0,1,3
iisc_03,435,1.072485,0,1,3
iisc_03,640,1.019430,0,1,3
iisc_03,1048,1.124742,0,1,3
iisc_03,1380,0.998407,0,1,3
iisc_03,545,0.967719,0,1,3
iisc_03,537,1.088874,0,1,3
iisc_03,-5808,0.648251,1,1,0
iisc_03,397,1.044851,0,1,3
iisc_03,459,0.829529,0,1,3
iisc_03,554,1.070510,0,1,3
iisc_03,-5582,0.683995,1,1,0
iisc_03,574,0.947972,0,1,3
iisc_03,1054,0.965020,0,1,3
iisc_03,1087,1.143863,0,1,3
iisc_03,968,0.968898,0,1,3
iisc_03,445,1.055825,0,1,3
iisc_03,399,0.984143,0,1,3
iisc_03,443,1.162035,0,1,3
iisc_03,729,1.050352,0,1,3
iisc_03,-1195,NaN,1,0,1
iisc_03,638,0.871383,0,1,3
iisc_03,613,0.802474,1,0,1
iisc_03,916,0.967464,0,1,3
iisc_03,856,1.132025,0,1,3
iisc_03,704,1.172784,0,1,3
iisc_03,548,1.107664,0,1,3
iisc_03,575,0.955483,0,1,3
iisc_03,294,0.970905,0,1,3
iisc_03,782,1.031284,0,1,3
iisc_03,615,0.987826,0,1,3
iisc_03,547,1.070302,0,1,3
iisc_03,-1123,NaN,1,0,1
iisc_03,1284,1.139894,0,1,3
iisc_03,-6076,0.723478,1,1,0
iisc_03,-5710,0.798695,1,1,0
iisc_03,621,0.888375,0,1,3
iisc_03,479,1.008604,0,1,3
iisc_03,414,0.981454,0,1,3
iisc_03,985,0.741933,1,0,1
iisc_03,895,0.790076,0,1,3
iisc_03,715,1.063351,0,1,3
iisc_03,797,0.911182,0,1,3
iisc_03,-6408,1.008895,0,0,1
iisc_03,365,1.071616,0,1,3
iisc_03,145,1.153051,0,0,1
iisc_03,-6529,0.892217,1,1,0
iisc_03,1044,0.971620,0,1,3
iisc_03,710,0.917768,0,1,3
iisc_03,475,0.750215,1,0,1
iisc_03,721,1.103636,0,1,3
iisc_03,1175,1.017190,0,1,3
iisc_03,1438,0.902315,0,1,3
iisc_03,621,0.965415,0,1,3
iisc_03,745,1.163533,0,1,3
iisc_03,650,0.770892,1,0,1
iisc_03,729,0.948058,0,1,3
iisc_03,668,0.822558,0,1,3
iisc_03,806,0.947050,0,1,3
iisc_03,719,0.844449,0,1,3
iisc_03,1223,1.115964,0,1,3
iisc_03,728,1.069589,0,1,3
iisc_03,708,1.028793,0,1,3
iisc_03,541,0.654575,1,0,1
iisc_03,193,0.960649,0,0,1
iisc_03,-5747,0.632946,1,1,0
iisc_03,397,0.958768,0,1,3
iisc_03,574,0.935045,0,1,3
iisc_03,424,1.107519,0,1,3
iisc_03,530,1.035662,0,1,3
iisc_03,685,1.003690,0,1,3
iisc_03,597,1.269290,0,1,3
iisc_03,652,0.944279,0,1,3
iisc_03,724,0.893191,0,1,3
iisc_03,944,1.002825,0,1,3
iisc_03,1020,1.025262,0,1,3
iisc_03,-7141,0.523526,1,1,0
iisc_03,1108,0.497249,1,0,1
iisc_03,684,0.997778,0,1,3
iisc_03,-5499,0.907674,1,1,0
iisc_03,716,1.034207,0,1,3
iisc_03,554,0.991767,0,1,3
iisc_03,440,0.873859,0,1,3
iisc_03,856,0.884029,0,1,3
iisc_03,671,1.001919,0,1,3
iisc_03,513,0.937894,0,1,3
iisc_03,638,0.875805,0,1,3
iisc_03,869,0.831955,1,0,1
iisc_03,1029,0.933078,0,1,3
iisc_03,890,0.895939,0,1,3
iisc_03,614,0.700118,1,0,1
iisc_03,1050,0.837117,0,1,3
iisc_03,480,1.009943,0,1,3
iisc_03,1586,0.911999,0,1,3
iisc_03,576,0.945674,0,1,3
iisc_03,832,0.994250,0,1,3
iisc_03,835,1.106112,0,1,3
iisc_03,568,0.591658,1,0,1
iisc_03,719,0.911075,0,1,3
iisc_03,716,0.972771,0,1,3
iisc_03,1435,0.975628,0,1,3
iisc_03,754,0.918729,0,1,3
iisc_03,1153,1.023521,0,1,3
iisc_03,652,1.012287,0,1,3
iisc_03,1659,0.692041,1,0,1
iisc_03,472,1.074728,0,1,3
iisc_03,730,0.972662,0,1,3
iisc_03,551,0.923032,0,1,3
iisc_03,768,0.987508,0,1,3
iisc_03,689,0.865630,0,1,3
iisc_03,575,1.134229,0,1,3
iisc_03,493,1.012773,0,1,3
iisc_03,968,0.743659,1,0,1
iisc_03,1444,0.752229,1,0,1
iisc_03,702,1.011095,0,1,3
iisc_03,657,0.956138,0,1,3
iisc_03,586,1.114686,0,1,3
iisc_03,1045,1.191319,0,1,3
iisc_03,920,0.801920,0,1,3
iisc_03,-5530,0.707318,1,1,0
iisc_03,-5431,0.654711,1,1,0
iisc_03,-5913,0.751194,1,1,0
iisc_03,958,1.027461,0,1,3
iisc_03,145,1.086350,0,0,1
iisc_03,802,0.987425,0,1,3
iisc_03,477,0.939840,0,1,3
iisc_03,-6790,0.691530,1,1,0
iisc_03,711,0.993580,0,1,3
iisc_03,576,1.172836,0,1,3
iisc_03,441,1.044402,0,1,3
iisc_03,554,0.999154,0,1,3
iisc_03,475,0.812724,0,1,3
iisc_03,689,0.945151,0,1,3
iisc_03,512,0.766937,1,0,1
iisc_03,513,1.052620,0,1,3
iisc_03,567,1.030612,0,1,3
iisc_03,636,0.971141,0,1,3
iisc_03,718,1.115769,0,1,3
iisc_03,616,1.060431,0,1,3
iisc_03,715,1.020638,0,1,3
iisc_03,741,1.213741,0,1,3
iisc_03,389,1.096632,0,1,3
iisc_03,-5832,0.766896,1,1,0
iisc_03,459,1.137137,0,1,3
iisc_03,523,1.200607,0,1,3
iisc_03,487,0.934108,0,1,3
iisc_03,483,0.927237,0,1,3
iisc_03,-5233,0.648100,1,1,0
iisc_03,831,0.889143,0,1,3
iisc_03,444,0.992542,0,1,3
iisc_03,-5754,0.652677,1,1,0
iisc_03,793,1.180352,0,1,3
iisc_03,519,0.943374,0,1,3
iisc_03,-6387,0.610384,1,1,0
iisc_03,437,0.991492,0,1,3
iisc_03,763,1.054372,0,1,3
iisc_03,494,1.016378,0,1,3
iisc_03,-5769,0.768995,1,1,0
iisc_03,851,1.087164,0,1,3
iisc_03,514,1.020622,0,1,3
iisc_03,1038,1.039510,0,1,3
iisc_03,472,0.905341,1,0,1
iisc_03,481,0.909818,0,1,3
iisc_03,898,0.943965,0,1,3
iisc_03,530,0.888911,0,1,3
iisc_03,500,1.073538,0,1,3
iisc_03,803,0.960406,0,1,3
iisc_03,-6662,0.839605,1,1,0
iisc_03,833,1.168744,0,1,3
iisc_03,489,0.783312,1,0,1
iisc_03,580,1.151193,0,1,3
iisc_03,507,1.089664,0,1,3
iisc_03,572,0.979558,0,1,3
iisc_03,1010,0.945745,1,0,1
iisc_03,693,1.021821,0,1,3
iisc_03,1083,0.949820,0,1,3
iisc_03,521,1.031917,0,1,3
iisc_03,705,0.964446,0,1,3
iisc_03,316,0.978893,0,1,3
iisc_03,546,0.899249,0,1,3
iisc_03,504,1.074219,0,1,3
iisc_03,879,1.079321,0,1,3
iisc_03,1216,0.886000,0,1,3
iisc_03,-5860,0.842145,1,1,0
iisc_03,402,0.845338,1,0,1
iisc_03,863,1.027434,0,1,3
iisc_03,390,1.129187,0,1,3
iisc_03,491,1.045139,0,1,3
iisc_03,710,0.923331,0,1,3
iisc_03,-6385,0.857511,1,1,0
iisc_03,640,0.980923,0,1,3
iisc_03,866,1.104088,0,1,3
iisc_03,320,0.947746,0,1,3
iisc_03,1285,1.068421,0,1,3
iisc_03,693,1.147338,0,1,3
iisc_03,676,1.063709,0,1,3
iisc_03,498,0.752620,1,0,1
iisc_03,539,0.923628,0,1,3
iisc_03,708,0.987588,0,1,3
iisc_03,685,1.068041,0,1,3
iisc_03,-45,NaN,0,0,1
iisc_04,747,1.051752,0,1,3
iisc_04,757,1.008808,0,1,3
iisc_04,410,1.048320,0,1,3
iisc_04,899,0.976899,0,1,3
iisc_04,518,0.961757,0,1,3
iisc_04,1004,1.125466,0,1,3
iisc_04,-5808,0.648251,1,1,0
iisc_04,816,1.013950,0,1,3
iisc_04,-1495,NaN,0,0,1
iisc_04,718,1.008755,0,1,3
iisc_04,-5582,0.683995,1,1,0
iisc_04,787,0.975886,0,1,3
iisc_04,548,1.020613,0,1,3
iisc_04,888,1.087212,0,1,3
iisc_04,635,0.978674,0,1,3
iisc_04,705,1.031182,0,1,3
iisc_04,-6245,0.935357,0,0,1
iisc_04,830,1.136662,0,1,3
iisc_04,940,1.047542,0,1,3
iisc_04,-6539,0.692981,1,1,0
iisc_04,645,0.876263,0,1,3
iisc_04,1669,0.918115,1,0,1
iisc_04,964,0.949669,0,1,3
iisc_04,503,1.156674,0,1,3
iisc_04,1079,1.161332,0,1,3
iisc_04,793,1.061481,0,1,3
iisc_04,1500,0.965367,0,1,3
iisc_04,484,1.033168,0,1,3
iisc_04,638,1.050090,0,1,3
iisc_04,706,0.962062,0,1,3
iisc_04,522,1.075386,0,1,3
iisc_04,-6169,0.736783,1,1,0
iisc_04,676,1.094146,0,1,3
iisc_04,-6076,0.723478,1,1,0
iisc_04,-5710,0.798695,1,1,0
iisc_04,1051,0.917180,0,1,3
iisc_04,718,0.959984,0,1,3
iisc_04,536,0.926299,0,1,3
iisc_04,1038,0.758773,1,0,1
iisc_04,516,0.811747,0,1,3
iisc_04,535,1.121739,0,1,3
iisc_04,650,0.928049,0,1,3
iisc_04,1109,1.053451,0,1,3
iisc_04,606,1.105554,0,1,3
iisc_04,584,0.960170,0,1,3
iisc_04,-6529,0.892217,1,1,0
iisc_04,968,0.986091,0,1,3
iisc_04,-3864,NaN,0,0,1
iisc_04,-5735,0.924606,1,1,0
iisc_04,490,1.095269,0,1,3
iisc_04,620,0.986501,0,1,3
iisc_04,1707,0.886744,0,1,3
iisc_04,548,0.967693,0,1,3
iisc_04,673,1.169351,0,1,3
iisc_04,735,0.718725,1,0,1
iisc_04,1227,0.924418,0,1,3
iisc_04,-1162,NaN,0,0,1
iisc_04,1876,0.936937,0,1,3
iisc_04,657,0.849147,0,1,3
iisc_04,837,1.068517,0,1,3
iisc_04,494,1.054090,0,1,3
iisc_04,606,1.029788,0,1,3
iisc_04,-5637,0.611268,1,1,0
iisc_04,960,1.124733,0,1,3
iisc_04,-5747,0.632946,1,1,0
iisc_04,888,0.961953,0,1,3
iisc_04,706,0.965309,0,1,3
iisc_04,614,1.082179,0,1,3
iisc_04,546,1.034989,0,1,3
iisc_04,726,0.996005,0,1,3
iisc_04,628,1.268556,0,1,3
iisc_04,787,0.983032,0,1,3
iisc_04,2641,0.916541,0,0,2
iisc_04,745,0.973617,0,1,3
iisc_04,490,1.034720,0,1,3
iisc_04,-7141,0.523526,1,1,0
iisc_04,-6991,0.417996,1,1,0
iisc_04,605,0.999671,0,1,3
iisc_04,-5499,0.907674,1,1,0
iisc_04,710,1.034207,0,1,3
iisc_04,591,0.983711,0,1,3
iisc_04,-5060,NaN,0,0,1
iisc_04,356,0.914185,0,1,3
iisc_04,1026,0.959604,0,1,3
iisc_04,1175,1.009592,0,1,3
iisc_04,1074,0.890087,0,1,3
iisc_04,2430,0.632550,1,1,0
iisc_04,862,0.963135,0,1,3
iisc_04,927,0.912659,0,1,3
iisc_04,648,0.677816,1,0,1
iisc_04,-3907,NaN,0,0,1
iisc_04,1426,1.028699,0,1,3
iisc_04,1606,0.910716,0,1,3
iisc_04,534,0.939289,0,1,3
iisc_04,503,0.997720,0,1,3
iisc_04,3290,1.026577,0,0,2
iisc_04,-5900,0.746720,1,1,0
iisc_04,649,0.905771,0,1,3
iisc_04,545,0.981855,0,1,3
iisc_04,856,0.947860,0,1,3
iisc_04,1331,0.840306,0,1,3
iisc_04,971,0.973359,0,1,3
iisc_04,664,1.019172,0,1,3
iisc_04,-5878,0.720919,1,1,0
iisc_04,866,1.114730,0,1,3
iisc_04,1035,0.951131,0,1,3
iisc_04,575,0.934021,0,1,3
iisc_04,753,0.989002,0,1,3
iisc_04,2504,0.957460,0,0,2
iisc_04,783,1.090748,0,1,3
iisc_04,608,0.998804,0,1,3
iisc_04,1379,0.756064,1,0,1
iisc_04,-5446,0.766201,1,1,0
iisc_04,833,1.028100,0,1,3
iisc_04,585,0.941541,0,1,3
iisc_04,794,1.100562,0,1,3
iisc_04,603,1.143061,0,1,3
iisc_04,933,0.800700,0,1,3
iisc_04,-5530,0.707318,1,1,0
iisc_04,-5431,0.654711,1,1,0
iisc_04,1024,0.743856,1,0,1
iisc_04,733,1.010529,0,1,3
iisc_04,781,1.080632,0,1,3
iisc_04,544,0.945831,0,1,3
iisc_04,666,0.983754,0,1,3
iisc_04,-6790,0.691530,1,1,0
iisc_04,828,0.987033,0,1,3
iisc_04,1253,1.137683,0,1,3
iisc_04,814,1.070396,0,1,3
iisc_04,751,1.042511,0,1,3
iisc_04,723,0.817107,0,1,3
iisc_04,721,0.932418,0,1,3
iisc_04,-5355,0.661495,1,1,0
iisc_04,913,1.078847,0,1,3
iisc_04,858,1.020823,0,1,3
iisc_04,570,0.968841,0,1,3
iisc_04,888,1.121416,0,1,3
iisc_04,499,1.028900,0,1,3
iisc_04,590,1.009416,0,1,3
iisc_04,534,1.178825,0,1,3
iisc_04,583,1.067159,0,1,3
iisc_04,-5832,0.766896,1,1,0
iisc_04,589,1.159664,0,1,3
iisc_04,802,1.166456,0,1,3
iisc_04,1438,1.023935,0,1,3
iisc_04,717,0.980471,0,1,3
iisc_04,-5233,0.648100,1,1,0
iisc_04,744,0.911982,0,1,3
iisc_04,1450,0.957546,0,1,3
iisc_04,-3234,NaN,1,0,1
iisc_04,739,1.198552,0,1,3
iisc_04,1380,0.996271,0,1,3
iisc_04,-6387,0.610384,1,1,0
iisc_04,1104,0.950747,0,1,3
iisc_04,551,1.057498,0,1,3
iisc_04,1091,1.006412,0,1,3
iisc_04,-5769,0.768995,1,1,0
iisc_04,520,1.134104,0,1,3
iisc_04,-5910,1.080414,0,0,1
iisc_04,1606,1.045008,0,1,3
iisc_04,-5903,0.803391,1,1,0
iisc_04,1068,0.951340,0,1,3
iisc_04,1486,0.946597,0,1,3
iisc_04,690,0.870185,0,1,3
iisc_04,876,1.020895,0,1,3
iisc_04,559,0.926850,0,1,3
iisc_04,-6662,0.839605,1,1,0
iisc_04,675,1.181581,0,1,3
iisc_04,-5676,0.702218,1,1,0
iisc_04,740,1.147241,0,1,3
iisc_04,447,1.079916,0,1,3
iisc_04,851,0.926680,0,1,3
iisc_04,-7463,0.799687,1,1,0
iisc_04,805,1.025016,0,1,3
iisc_04,1609,0.997851,0,1,3
iisc_04,973,1.056060,0,1,3
iisc_04,778,0.972405,0,1,3
iisc_04,1099,0.928451,0,1,3
iisc_04,783,0.971329,0,1,3
iisc_04,703,1.058156,0,1,3
iisc_04,576,1.056553,0,1,3
iisc_04,1385,0.926352,0,1,3
iisc_04,-5860,0.842145,1,1,0
iisc_04,1922,0.752555,1,0,1
iisc_04,1728,0.987893,0,1,3
iisc_04,536,1.139124,0,1,3
iisc_04,1071,1.098419,0,1,3
iisc_04,897,0.897210,0,1,3
iisc_04,-6385,0.857511,1,1,0
iisc_04,1707,1.054245,0,1,3
iisc_04,1056,1.093284,0,1,3
iisc_04,947,0.976878,0,1,3
iisc_04,2094,1.113458,0,0,2
iisc_04,894,1.171569,0,1,3
iisc_04,630,1.013442,0,1,3
iisc_04,-6213,0.613649,1,1,0
iisc_04,1164,0.884090,0,1,3
iisc_04,1143,1.067973,0,1,3
iisc_04,536,1.078163,0,1,3
iisc_04,516,1.101313,0,1,3
iisc_05,478,1.060738,0,1,3
iisc_05,359,0.980097,0,1,3
iisc_05,362,1.050349,0,1,3
iisc_05,604,0.974588,0,1,3
iisc_05,379,0.989010,0,1,3
iisc_05,510,1.083408,0,1,3
iisc_05,-5808,0.648251,1,1,0
iisc_05,320,1.048974,0,1,3
iisc_05,765,0.933863,0,1,3
iisc_05,-1073,NaN,0,0,1
iisc_05,-5582,0.683995,1,1,0
iisc_05,357,0.944604,0,1,3
iisc_05,351,1.055475,0,1,3
iisc_05,454,1.064775,0,1,3
iisc_05,376,0.888093,0,1,3
iisc_05,648,1.016961,0,1,3
iisc_05,441,0.946203,0,1,3
iisc_05,423,1.162019,0,1,3
iisc_05,1352,1.041751,0,1,3
iisc_05,-6539,0.692981,1,1,0
iisc_05,563,0.830773,0,1,3
iisc_05,426,0.889008,1,0,1
iisc_05,604,0.961476,0,1,3
iisc_05,505,1.156674,0,1,3
iisc_05,544,1.203615,0,1,3
iisc_05,411,1.075102,0,1,3
iisc_05,672,0.958175,0,1,3
iisc_05,475,1.035753,0,1,3
iisc_05,424,0.963975,0,1,3
iisc_05,438,0.982432,0,1,3
iisc_05,395,1.117097,0,1,3
iisc_05,-6169,0.736783,1,1,0
iisc_05,563,1.041781,0,1,3
iisc_05,-6076,0.723478,1,1,0
iisc_05,-5710,0.798695,1,1,0
iisc_05,379,0.942594,0,1,3
iisc_05,382,0.976925,0,1,3
iisc_05,486,0.970379,0,1,3
iisc_05,-381,NaN,1,0,1
iisc_05,609,0.804230,0,1,3
iisc_05,446,1.122698,0,1,3
iisc_05,581,0.970378,0,1,3
iisc_05,899,1.012245,0,1,3
iisc_05,436,1.099133,0,1,3
iisc_05,458,1.017644,0,1,3
iisc_05,2864,0.828487,1,1,0
iisc_05,386,0.904198,0,1,3
iisc_05,-4546,NaN,0,0,1
iisc_05,-5735,0.924606,1,1,0
iisc_05,575,1.089813,0,1,3
iisc_05,727,1.003025,0,1,3
iisc_05,1087,0.856080,0,1,3
iisc_05,561,0.969004,0,1,3
iisc_05,389,1.096422,0,1,3
iisc_05,570,0.798015,1,0,1
iisc_05,644,0.944830,0,1,3
iisc_05,496,0.827327,0,1,3
iisc_05,1022,0.900135,0,1,3
iisc_05,441,0.875317,0,1,3
iisc_05,627,1.073170,0,1,3
iisc_05,377,1.012166,0,1,3
iisc_05,409,1.004102,0,1,3
iisc_05,2084,0.594312,1,1,0
iisc_05,475,1.050199,0,1,3
iisc_05,-5747,0.632946,1,1,0
iisc_05,472,0.962986,0,1,3
iisc_05,1043,0.952104,0,1,3
iisc_05,503,1.081278,0,1,3
iisc_05,568,1.027946,0,1,3
iisc_05,537,1.010612,0,1,3
iisc_05,471,1.191353,0,1,3
iisc_05,371,0.907302,0,1,3
iisc_05,933,0.858816,0,1,3
iisc_05,545,1.040724,0,1,3
iisc_05,542,1.027948,0,1,3
iisc_05,-7141,0.523526,1,1,0
iisc_05,338,0.779748,1,0,1
iisc_05,454,0.941902,0,1,3
iisc_05,-5499,0.907674,1,1,0
iisc_05,614,1.022589,0,1,3
iisc_05,482,0.980597,0,1,3
iisc_05,585,0.821649,0,1,3
iisc_05,527,0.927901,0,1,3
iisc_05,404,0.943606,0,1,3
iisc_05,378,0.933840,0,1,3
iisc_05,796,0.898175,0,1,3
iisc_05,694,0.796853,1,0,1
iisc_05,630,1.006286,0,1,3
iisc_05,552,0.940877,0,1,3
iisc_05,406,0.868194,1,0,1
iisc_05,602,0.885809,0,1,3
iisc_05,883,0.984118,0,1,3
iisc_05,435,0.801196,0,1,3
iisc_05,614,0.946825,0,1,3
iisc_05,473,0.990826,0,1,3
iisc_05,466,1.035587,0,1,3
iisc_05,1244,0.713907,1,0,1
iisc_05,412,0.866169,0,1,3
iisc_05,449,0.939292,0,1,3
iisc_05,441,0.999905,0,1,3
iisc_05,339,0.928066,0,1,3
iisc_05,581,0.928120,0,1,3
iisc_05,664,1.019172,0,1,3
iisc_05,551,0.751578,1,0,1
iisc_05,410,1.088424,0,1,3
iisc_05,376,1.028821,0,1,3
iisc_05,354,0.919953,0,1,3
iisc_05,423,0.907160,0,1,3
iisc_05,482,0.884041,0,1,3
iisc_05,521,1.113271,0,1,3
iisc_05,710,0.974327,0,1,3
iisc_05,422,0.713594,1,0,1
iisc_05,403,0.777287,1,0,1
iisc_05,489,1.018751,0,1,3
iisc_05,434,0.989147,0,1,3
iisc_05,500,1.112389,0,1,3
iisc_05,405,1.148434,0,1,3
iisc_05,2286,0.937635,0,0,2
iisc_05,631,0.871002,1,0,1
iisc_05,-793,NaN,1,0,1
iisc_05,585,0.740854,1,0,1
iisc_05,672,1.004501,0,1,3
iisc_05,371,1.050194,0,1,3
iisc_05,319,1.017729,0,1,3
iisc_05,501,0.937132,0,1,3
iisc_05,-6790,0.691530,1,1,0
iisc_05,670,1.007514,0,1,3
iisc_05,754,1.165215,0,1,3
iisc_05,324,1.071914,0,1,3
iisc_05,397,0.952636,0,1,3
iisc_05,562,0.813038,0,1,3
iisc_05,678,0.954225,0,1,3
iisc_05,489,0.757451,1,0,1
iisc_05,475,1.057628,0,1,3
iisc_05,695,0.995921,0,1,3
iisc_05,463,0.984631,0,1,3
iisc_05,395,1.149051,0,1,3
iisc_05,433,1.042423,0,1,3
iisc_05,530,1.028344,0,1,3
iisc_05,561,1.194523,0,1,3
iisc_05,560,1.070882,0,1,3
iisc_05,-5832,0.766896,1,1,0
iisc_05,658,1.148296,0,1,3
iisc_05,376,1.166369,0,1,3
iisc_05,532,0.934438,0,1,3
iisc_05,550,0.949055,0,1,3
iisc_05,-5233,0.648100,1,1,0
iisc_05,930,0.907462,0,1,3
iisc_05,2757,1.081558,0,0,2
iisc_05,-5754,0.652677,1,1,0
iisc_05,359,1.070604,0,1,3
iisc_05,452,0.971890,0,1,3
iisc_05,-6387,0.610384,1,1,0
iisc_05,420,0.988506,0,1,3
iisc_05,630,1.045346,0,1,3
iisc_05,447,1.037177,0,1,3
iisc_05,719,0.832255,1,0,1
iisc_05,500,1.131504,0,1,3
iisc_05,585,1.005969,0,1,3
iisc_05,824,1.011362,0,1,3
iisc_05,-5903,0.803391,1,1,0
iisc_05,-6194,0.970127,0,0,1
iisc_05,398,0.944166,0,1,3
iisc_05,669,0.869311,0,1,3
iisc_05,553,1.077569,0,1,3
iisc_05,1771,0.978861,0,1,3
iisc_05,-6662,0.839605,1,1,0
iisc_05,422,1.208879,0,1,3
iisc_05,-5676,0.702218,1,1,0
iisc_05,567,1.148958,0,1,3
iisc_05,444,1.072794,0,1,3
iisc_05,519,0.979612,0,1,3
iisc_05,-7463,0.799687,1,1,0
iisc_05,482,0.979543,0,1,3
iisc_05,457,1.008443,0,1,3
iisc_05,427,1.123724,0,1,3
iisc_05,656,0.963585,0,1,3
iisc_05,471,0.973951,0,1,3
iisc_05,393,0.901744,0,1,3
iisc_05,815,1.031854,0,1,3
iisc_05,1554,1.102141,0,1,3
iisc_05,1114,0.894570,0,1,3
iisc_05,-5860,0.842145,1,1,0
iisc_05,655,0.786607,1,0,1
iisc_05,495,1.117664,0,1,3
iisc_05,606,1.162393,0,1,3
iisc_05,1119,1.088839,0,1,3
iisc_05,685,0.925685,0,1,3
iisc_05,2426,0.849902,1,1,0
iisc_05,663,0.980944,0,1,3
iisc_05,386,1.092611,0,1,3
iisc_05,458,0.991436,0,1,3
iisc_05,764,1.156009,0,1,3
iisc_05,535,1.162622,0,1,3
iisc_05,514,1.041552,0,1,3
iisc_05,-6213,0.613649,1,1,0
iisc_05,568,0.930532,0,1,3
iisc_05,505,1.074631,0,1,3
iisc_05,687,1.068041,0,1,3
iisc_05,642,1.071979,0,1,3
iisc_06,714,1.044979,0,1,3
iisc_06,669,1.017753,0,1,3
iisc_06,515,1.013886,0,1,3
iisc_06,1013,0.982751,0,1,3
iisc_06,563,0.975553,0,1,3
iisc_06,692,1.134544,0,1,3
iisc_06,-5808,0.648251,1,1,0
iisc_06,954,1.004502,0,1,3
iisc_06,452,0.826546,0,1,3
iisc_06,563,1.072714,0,1,3
iisc_06,-5582,0.683995,1,1,0
iisc_06,682,0.960406,0,1,3
iisc_06,436,1.075753,0,1,3
iisc_06,357,1.100268,0,1,3
iisc_06,649,0.999319,0,1,3
iisc_06,435,1.057458,0,1,3
iisc_06,562,0.943511,0,1,3
iisc_06,431,1.160389,0,1,3
iisc_06,564,1.046628,0,1,3
iisc_06,-6539,0.692981,1,1,0
iisc_06,452,0.880676,0,1,3
iisc_06,386,0.880080,1,0,1
iisc_06,480,0.945141,0,1,3
iisc_06,591,1.144108,0,1,3
iisc_06,420,1.224792,0,1,3
iisc_06,767,1.073094,0,1,3
iisc_06,804,0.955809,0,1,3
iisc_06,511,1.025911,0,1,3
iisc_06,564,1.046640,0,1,3
iisc_06,739,0.940411,0,1,3
iisc_06,671,1.051758,0,1,3
iisc_06,-6169,0.736783,1,1,0
iisc_06,869,1.084337,0,1,3
iisc_06,-6076,0.723478,1,1,0
iisc_06,589,0.842363,1,0,1
iisc_06,712,0.940467,0,1,3
iisc_06,500,1.004528,0,1,3
iisc_06,409,0.977143,0,1,3
iisc_06,752,0.735159,1,0,1
iisc_06,613,0.804230,0,1,3
iisc_06,600,1.098113,0,1,3
iisc_06,817,0.904677,0,1,3
iisc_06,970,1.023438,0,1,3
iisc_06,652,1.116581,0,1,3
iisc_06,413,1.013946,0,1,3
iisc_06,-6529,0.892217,1,1,0
iisc_06,402,0.915504,0,1,3
iisc_06,413,0.882095,0,1,3
iisc_06,-5735,0.924606,1,1,0
iisc_06,539,1.089479,0,1,3
iisc_06,592,1.004456,0,1,3
iisc_06,630,0.905686,0,1,3
iisc_06,1001,0.962146,0,1,3
iisc_06,403,1.118032,0,1,3
iisc_06,2599,0.715961,1,1,0
iisc_06,631,0.949808,0,1,3
iisc_06,720,0.807327,0,1,3
iisc_06,814,0.945194,0,1,3
iisc_06,595,0.867836,0,1,3
iisc_06,490,1.036416,0,1,3
iisc_06,397,0.998626,0,1,3
iisc_06,438,1.010320,0,1,3
iisc_06,1986,0.613067,1,0,1
iisc_06,426,1.072883,0,1,3
iisc_06,-3207,NaN,1,0,1
iisc_06,537,0.990658,0,1,3
iisc_06,746,0.958348,0,1,3
iisc_06,367,1.110386,0,1,3
iisc_06,380,1.047806,0,1,3
iisc_06,404,0.995701,0,1,3
iisc_06,565,1.265106,0,1,3
iisc_06,505,0.891807,0,1,3
iisc_06,423,0.871477,0,1,3
iisc_06,495,1.014289,0,1,3
iisc_06,432,1.040275,0,1,3
iisc_06,-7141,0.523526,1,1,0
iisc_06,245,0.816600,1,0,1
iisc_06,679,1.006314,0,1,3
iisc_06,-5499,0.907674,1,1,0
iisc_06,452,0.959377,0,1,3
iisc_06,548,0.995071,0,1,3
iisc_06,461,0.873155,0,1,3
iisc_06,579,0.914740,0,1,3
iisc_06,757,0.976394,0,1,3
iisc_06,586,0.931429,0,1,3
iisc_06,515,0.916904,0,1,3
iisc_06,395,0.842443,1,0,1
iisc_06,910,0.954868,0,1,3
iisc_06,677,0.941188,0,1,3
iisc_06,526,0.715638,1,0,1
iisc_06,448,0.887771,0,1,3
iisc_06,646,0.976086,0,1,3
iisc_06,436,0.801196,0,1,3
iisc_06,999,0.899391,0,1,3
iisc_06,608,0.993715,0,1,3
iisc_06,713,1.076148,0,1,3
iisc_06,-5900,0.746720,1,1,0
iisc_06,551,0.825372,0,1,3
iisc_06,570,1.001595,0,1,3
iisc_06,476,1.014034,0,1,3
iisc_06,653,0.949602,0,1,3
iisc_06,1025,0.992701,0,1,3
iisc_06,464,0.931898,0,1,3
iisc_06,-5878,0.720919,1,1,0
iisc_06,583,1.102610,0,1,3
iisc_06,671,0.958165,0,1,3
iisc_06,897,0.931434,0,1,3
iisc_06,542,0.946626,0,1,3
iisc_06,1055,0.843824,0,1,3
iisc_06,564,1.132381,0,1,3
iisc_06,561,1.007194,0,1,3
iisc_06,611,0.710161,1,0,1
iisc_06,464,0.774885,1,0,1
iisc_06,522,1.013852,0,1,3
iisc_06,655,0.956138,0,1,3
iisc_06,700,1.129442,0,1,3
iisc_06,810,1.151599,0,1,3
iisc_06,-6261,0.916795,0,0,1
iisc_06,-5530,0.707318,1,1,0
iisc_06,-5431,0.654711,1,1,0
iisc_06,600,0.745897,1,0,1
iisc_06,761,0.996622,0,1,3
iisc_06,773,1.081641,0,1,3
iisc_06,487,0.955035,0,1,3
iisc_06,631,0.979113,0,1,3
iisc_06,-6790,0.691530,1,1,0
iisc_06,721,0.988154,0,1,3
iisc_06,530,1.167913,0,1,3
iisc_06,638,1.063225,0,1,3
iisc_06,506,0.985697,0,1,3
iisc_06,681,0.810142,0,1,3
iisc_06,975,0.929363,0,1,3
iisc_06,-5355,0.661495,1,1,0
iisc_06,398,1.057588,0,1,3
iisc_06,915,1.035985,0,1,3
iisc_06,877,0.948732,0,1,3
iisc_06,564,1.138660,0,1,3
iisc_06,559,1.029428,0,1,3
iisc_06,366,0.963060,0,1,3
iisc_06,578,1.202698,0,1,3
iisc_06,497,1.094342,0,1,3
iisc_06,-5832,0.766896,1,1,0
iisc_06,493,1.149928,0,1,3
iisc_06,482,1.179361,0,1,3
iisc_06,485,0.930519,0,1,3
iisc_06,767,1.006292,0,1,3
iisc_06,-5233,0.648100,1,1,0
iisc_06,800,0.902349,0,1,3
iisc_06,663,0.923729,0,1,3
iisc_06,1071,0.610583,1,0,1
iisc_06,542,1.161256,0,1,3
iisc_06,488,0.970010,0,1,3
iisc_06,-6387,0.610384,1,1,0
iisc_06,512,1.013659,0,1,3
iisc_06,480,1.035078,0,1,3
iisc_06,483,1.022227,0,1,3
iisc_06,-5769,0.768995,1,1,0
iisc_06,390,1.120138,0,1,3
iisc_06,588,1.005969,0,1,3
iisc_06,735,1.014991,0,1,3
iisc_06,-2071,NaN,1,0,1
iisc_06,878,1.005306,0,1,3
iisc_06,500,0.939154,0,1,3
iisc_06,-956,NaN,0,0,1
iisc_06,-577,NaN,0,0,1
iisc_06,791,0.950211,0,1,3
iisc_06,-6662,0.839605,1,1,0
iisc_06,536,1.200237,0,1,3
iisc_06,997,0.769871,1,0,1
iisc_06,586,1.155211,0,1,3
iisc_06,584,1.097028,0,1,3
iisc_06,431,0.941199,0,1,3
iisc_06,-1482,NaN,1,0,1
iisc_06,459,0.975872,0,1,3
iisc_06,605,1.006673,0,1,3
iisc_06,488,1.053804,0,1,3
iisc_06,-418,NaN,0,0,1
iisc_06,554,0.952874,0,1,3
iisc_06,896,0.990461,0,1,3
iisc_06,557,1.035333,0,1,3
iisc_06,754,1.085335,0,1,3
iisc_06,-9486,0.969497,0,0,1
iisc_06,-5860,0.842145,1,1,0
iisc_06,-5185,0.751142,1,1,0
iisc_06,436,1.112813,0,1,3
iisc_06,478,1.148438,0,1,3
iisc_06,1454,1.130772,0,1,3
iisc_06,454,0.905427,0,1,3
iisc_06,-6385,0.857511,1,1,0
iisc_06,805,0.977926,0,1,3
iisc_06,514,1.044678,0,1,3
iisc_06,488,0.982897,0,1,3
iisc_06,741,1.162201,0,1,3
iisc_06,627,1.152810,0,1,3
iisc_06,-2003,NaN,0,0,1
iisc_06,513,0.741150,1,0,1
iisc_06,531,0.921584,0,1,3
iisc_06,499,1.074631,0,1,3
iisc_06,783,1.088282,0,1,3
iisc_06,440,1.090623,0,1,3
iisc_07,1041,1.098015,0,1,3
iisc_07,1013,1.004637,0,1,3
iisc_07,770,1.094507,0,1,3
iisc_07,730,0.965417,0,1,3
iisc_07,1146,0.953614,0,1,3
iisc_07,653,1.112526,0,1,3
iisc_07,-5808,0.648251,1,1,0
iisc_07,800,1.014306,0,1,3
iisc_07,780,0.936656,0,1,3
iisc_07,572,1.071102,0,1,3
iisc_07,-5582,0.683995,1,1,0
iisc_07,667,0.954102,0,1,3
iisc_07,670,1.019465,0,1,3
iisc_07,769,1.061442,0,1,3
iisc_07,972,0.968898,0,1,3
iisc_07,758,1.029567,0,1,3
iisc_07,708,0.987895,0,1,3
iisc_07,699,1.132951,0,1,3
iisc_07,3085,1.083702,0,0,2
iisc_07,-6539,0.692981,1,1,0
iisc_07,770,0.929433,0,1,3
iisc_07,1313,0.816910,1,0,1
iisc_07,806,0.977287,0,1,3
iisc_07,726,1.117181,0,1,3
iisc_07,891,1.193303,0,1,3
iisc_07,878,1.098749,0,1,3
iisc_07,811,0.962200,0,1,3
iisc_07,438,1.025091,0,1,3
iisc_07,701,1.046879,0,1,3
iisc_07,426,0.987545,0,1,3
iisc_07,923,1.046478,0,1,3
iisc_07,-6169,0.736783,1,1,0
iisc_07,1645,1.122964,0,1,3
iisc_07,-6076,0.723478,1,1,0
iisc_07,-5710,0.798695,1,1,0
iisc_07,647,0.914625,0,1,3
iisc_07,295,0.979093,0,1,3
iisc_07,789,0.848493,0,1,3
iisc_07,-5637,0.723320,1,1,0
iisc_07,311,0.841313,0,1,3
iisc_07,562,1.109383,0,1,3
iisc_07,1156,0.873070,0,1,3
iisc_07,678,0.983826,0,1,3
iisc_07,592,1.102974,0,1,3
iisc_07,583,0.960170,0,1,3
iisc_07,-6529,0.892217,1,1,0
iisc_07,903,0.935647,0,1,3
iisc_07,459,0.906472,0,1,3
iisc_07,-5735,0.924606,1,1,0
iisc_07,526,1.093848,0,1,3
iisc_07,1099,1.038434,0,1,3
iisc_07,1089,0.856080,0,1,3
iisc_07,652,0.976388,0,1,3
iisc_07,569,1.148038,0,1,3
iisc_07,-5605,0.706472,1,1,0
iisc_07,634,0.949808,0,1,3
iisc_07,1112,0.719564,0,1,3
iisc_07,840,0.942715,0,1,3
iisc_07,1118,0.819251,0,1,3
iisc_07,1127,1.104534,0,1,3
iisc_07,1021,0.966523,0,1,3
iisc_07,945,1.020806,0,1,3
iisc_07,-5637,0.611268,1,1,0
iisc_07,430,1.072883,0,1,3
iisc_07,-5747,0.632946,1,1,0
iisc_07,839,0.987957,0,1,3
iisc_07,423,0.904733,0,1,3
iisc_07,766,1.138289,0,1,3
iisc_07,839,0.957917,0,1,3
iisc_07,1073,0.948897,0,1,3
iisc_07,544,1.255520,0,1,3
iisc_07,539,0.906666,0,1,3
iisc_07,797,0.859574,0,1,3
iisc_07,712,0.984956,0,1,3
iisc_07,926,0.996314,0,1,3
iisc_07,-7141,0.523526,1,1,0
iisc_07,719,0.590209,1,0,1
iisc_07,578,0.989702,0,1,3
iisc_07,-5499,0.907674,1,1,0
iisc_07,492,0.965057,0,1,3
iisc_07,500,0.984729,0,1,3
iisc_07,877,0.774020,0,1,3
iisc_07,644,0.946118,0,1,3
iisc_07,780,0.967558,0,1,3
iisc_07,876,0.972061,0,1,3
iisc_07,874,0.906728,0,1,3
iisc_07,677,0.799974,1,0,1
iisc_07,1308,0.954956,0,1,3
iisc_07,545,0.946073,0,1,3
iisc_07,-6495,0.796510,1,1,0
iisc_07,1007,0.854026,0,1,3
iisc_07,822,0.987673,0,1,3
iisc_07,746,0.869297,0,1,3
iisc_07,909,0.944346,0,1,3
iisc_07,793,0.990008,0,1,3
iisc_07,1305,1.020931,0,1,3
iisc_07,-5900,0.746720,1,1,0
iisc_07,946,0.925022,0,1,3
iisc_07,738,0.985823,0,1,3
iisc_07,703,0.986904,0,1,3
iisc_07,1106,0.841271,0,1,3
iisc_07,758,0.972290,0,1,3
iisc_07,416,0.926573,0,1,3
iisc_07,-5878,0.720919,1,1,0
iisc_07,656,1.076898,0,1,3
iisc_07,492,0.945469,0,1,3
iisc_07,916,0.927467,0,1,3
iisc_07,397,0.897857,0,1,3
iisc_07,704,0.869080,0,1,3
iisc_07,783,1.090748,0,1,3
iisc_07,857,0.949141,0,1,3
iisc_07,575,0.732339,1,0,1
iisc_07,1471,0.741045,1,0,1
iisc_07,721,1.011921,0,1,3
iisc_07,813,0.997018,0,1,3
iisc_07,1485,1.174566,0,1,3
iisc_07,758,1.162540,0,1,3
iisc_07,645,0.776998,0,1,3
iisc_07,-5530,0.707318,1,1,0
iisc_07,-5431,0.654711,1,1,0
iisc_07,-5913,0.751194,1,1,0
iisc_07,732,1.010529,0,1,3
iisc_07,1153,1.115363,0,1,3
iisc_07,890,1.016414,0,1,3
iisc_07,1180,1.137354,0,1,3
iisc_07,-6790,0.691530,1,1,0
iisc_07,1030,1.028459,0,1,3
iisc_07,1028,1.158753,0,1,3
iisc_07,566,1.086541,0,1,3
iisc_07,485,0.982594,0,1,3
iisc_07,972,0.706749,0,1,3
iisc_07,1354,0.960541,0,1,3
iisc_07,398,0.737367,1,0,1
iisc_07,778,1.094310,0,1,3
iisc_07,920,1.035985,0,1,3
iisc_07,959,0.968807,0,1,3
iisc_07,526,1.136501,0,1,3
iisc_07,864,1.045901,0,1,3
iisc_07,830,0.998302,0,1,3
iisc_07,549,1.189869,0,1,3
iisc_07,547,1.075113,0,1,3
iisc_07,-5832,0.766896,1,1,0
iisc_07,851,1.076587,0,1,3
iisc_07,796,1.169599,0,1,3
iisc_07,775,0.927568,0,1,3
iisc_07,757,1.001592,0,1,3
iisc_07,-5233,0.648100,1,1,0
iisc_07,-229,NaN,0,0,1
iisc_07,857,0.887112,0,1,3
iisc_07,-5754,0.652677,1,1,0
iisc_07,434,1.105239,0,1,3
iisc_07,3458,1.017866,0,0,2
iisc_07,-6387,0.610384,1,1,0
iisc_07,545,1.005515,0,1,3
iisc_07,1410,1.058998,0,1,3
iisc_07,1009,1.016139,0,1,3
iisc_07,-5769,0.768995,1,1,0
iisc_07,1062,1.106914,0,1,3
iisc_07,-5910,1.080414,0,0,1
iisc_07,810,1.018595,0,1,3
iisc_07,-5903,0.803391,1,1,0
iisc_07,1288,0.997545,0,1,3
iisc_07,926,0.942901,0,1,3
iisc_07,521,0.888456,0,1,3
iisc_07,1050,1.014029,0,1,3
iisc_07,2332,1.009544,0,0,2
iisc_07,-6662,0.839605,1,1,0
iisc_07,499,1.196750,0,1,3
iisc_07,483,0.783312,1,0,1
iisc_07,431,1.082169,0,1,3
iisc_07,502,1.089660,0,1,3
iisc_07,823,0.940127,0,1,3
iisc_07,-7463,0.799687,1,1,0
iisc_07,901,0.992737,0,1,3
iisc_07,904,0.960188,0,1,3
iisc_07,417,1.144132,0,1,3
iisc_07,355,0.918922,0,1,3
iisc_07,402,0.984533,0,1,3
iisc_07,757,0.969962,0,1,3
iisc_07,496,1.090013,0,1,3
iisc_07,585,1.060868,0,1,3
iisc_07,2141,0.964418,0,0,2
iisc_07,-5860,0.842145,1,1,0
iisc_07,-5185,0.751142,1,1,0
iisc_07,753,1.057766,0,1,3
iisc_07,733,1.202422,0,1,3
iisc_07,-5520,1.077883,0,0,1
iisc_07,794,0.911460,0,1,3
iisc_07,-6385,0.857511,1,1,0
iisc_07,1292,0.997456,0,1,3
iisc_07,881,1.101791,0,1,3
iisc_07,715,0.996020,0,1,3
iisc_07,968,1.111258,0,1,3
iisc_07,613,1.148873,0,1,3
iisc_07,664,1.053037,0,1,3
iisc_07,-6213,0.613649,1,1,0
iisc_07,602,0.941974,0,1,3
iisc_07,685,0.988838,0,1,3
iisc_07,648,1.058751,0,1,3
iisc_07,701,1.053015,0,1,3
iisc_08,742,1.051752,0,1,3
iisc_08,618,1.007571,0,1,3
iisc_08,1000,1.114428,0,1,3
iisc_08,687,0.959991,0,1,3
iisc_08,427,0.980204,0,1,3
iisc_08,479,1.079933,0,1,3
iisc_08,-5808,0.648251,1,1,0
iisc_08,295,1.046909,0,1,3
iisc_08,574,0.869631,0,1,3
iisc_08,733,1.008543,0,1,3
iisc_08,-5582,0.683995,1,1,0
iisc_08,709,0.969041,0,1,3
iisc_08,688,1.023780,0,1,3
iisc_08,682,1.069075,0,1,3
iisc_08,595,0.933966,0,1,3
iisc_08,705,1.031182,0,1,3
iisc_08,802,0.980026,0,1,3
iisc_08,363,1.153079,0,1,3
iisc_08,1311,1.051910,0,1,3
iisc_08,-6539,0.692981,1,1,0
iisc_08,506,0.868461,0,1,3
iisc_08,-5903,0.937953,1,1,0
iisc_08,415,0.943802,0,1,3
iisc_08,454,1.182138,0,1,3
iisc_08,536,1.203615,0,1,3
iisc_08,620,1.149189,0,1,3
iisc_08,1091,0.967229,0,1,3
iisc_08,477,1.035753,0,1,3
iisc_08,899,0.991503,0,1,3
iisc_08,693,0.969135,0,1,3
iisc_08,480,1.077821,0,1,3
iisc_08,-6169,0.736783,1,1,0
iisc_08,590,1.036871,0,1,3
iisc_08,-3213,NaN,1,0,1
iisc_08,533,0.833659,1,0,1
iisc_08,395,0.941688,0,1,3
iisc_08,597,0.985566,0,1,3
iisc_08,416,0.981454,0,1,3
iisc_08,-5637,0.723320,1,1,0
iisc_08,467,0.821107,0,1,3
iisc_08,439,1.122698,0,1,3
iisc_08,915,0.890003,0,1,3
iisc_08,1027,1.057101,0,1,3
iisc_08,443,1.103500,0,1,3
iisc_08,533,0.974267,0,1,3
iisc_08,-6529,0.892217,1,1,0
iisc_08,1095,0.963802,0,1,3
iisc_08,605,0.906199,0,1,3
iisc_08,-5735,0.924606,1,1,0
iisc_08,559,1.089509,0,1,3
iisc_08,693,0.998028,0,1,3
iisc_08,558,0.907766,0,1,3
iisc_08,591,0.972126,0,1,3
iisc_08,715,1.179381,0,1,3
iisc_08,1560,0.674705,1,0,1
iisc_08,592,0.970337,0,1,3
iisc_08,622,0.827954,0,1,3
iisc_08,2097,0.923781,0,0,2
iisc_08,505,0.885803,0,1,3
iisc_08,701,1.073984,0,1,3
iisc_08,-7578,0.988951,0,0,1
iisc_08,757,1.036730,0,1,3
iisc_08,-3092,NaN,1,0,1
iisc_08,485,1.044483,0,1,3
iisc_08,-5747,0.632946,1,1,0
iisc_08,441,0.960929,0,1,3
iisc_08,771,0.954901,0,1,3
iisc_08,283,1.080173,0,1,3
iisc_08,589,1.022011,0,1,3
iisc_08,310,0.955013,0,1,3
iisc_08,526,1.240909,0,1,3
iisc_08,416,0.905560,0,1,3
iisc_08,3313,0.994977,0,0,2
iisc_08,667,0.996232,0,1,3
iisc_08,615,1.010905,0,1,3
iisc_08,-7141,0.523526,1,1,0
iisc_08,-6991,0.417996,1,1,0
iisc_08,742,0.995770,0,1,3
iisc_08,-5499,0.907674,1,1,0
iisc_08,566,0.986288,0,1,3
iisc_08,1085,0.999373,0,1,3
iisc_08,416,0.867914,0,1,3
iisc_08,665,0.943114,0,1,3
iisc_08,553,1.013399,0,1,3
iisc_08,729,0.946315,0,1,3
iisc_08,1260,0.931803,0,1,3
iisc_08,-5450,0.729082,1,1,0
iisc_08,827,0.964233,0,1,3
iisc_08,807,0.923705,0,1,3
iisc_08,669,0.676723,1,0,1
iisc_08,824,0.874774,0,1,3
iisc_08,799,0.981036,0,1,3
iisc_08,1279,0.879434,0,1,3
iisc_08,1108,0.904115,0,1,3
iisc_08,595,0.999397,0,1,3
iisc_08,848,1.107014,0,1,3
iisc_08,-5900,0.746720,1,1,0
iisc_08,618,0.885047,0,1,3
iisc_08,567,0.999214,0,1,3
iisc_08,895,0.955256,0,1,3
iisc_08,802,0.910899,0,1,3
iisc_08,671,0.947347,0,1,3
iisc_08,544,0.982827,0,1,3
iisc_08,-5878,0.720919,1,1,0
iisc_08,519,1.110434,0,1,3
iisc_08,513,0.938730,0,1,3
iisc_08,774,0.968411,0,1,3
iisc_08,742,0.991411,0,1,3
iisc_08,-7259,0.983757,0,0,1
iisc_08,453,1.088996,0,1,3
iisc_08,468,1.011021,0,1,3
iisc_08,-2279,NaN,1,0,1
iisc_08,-5446,0.766201,1,1,0
iisc_08,534,1.014819,0,1,3
iisc_08,725,0.997339,0,1,3
iisc_08,539,1.112594,0,1,3
iisc_08,479,1.140202,0,1,3
iisc_08,826,0.823095,0,1,3
iisc_08,629,0.871002,1,0,1
iisc_08,-571,NaN,1,0,1
iisc_08,581,0.734376,1,0,1
iisc_08,929,1.014990,0,1,3
iisc_08,458,1.069352,0,1,3
iisc_08,408,0.973327,0,1,3
iisc_08,420,0.943088,0,1,3
iisc_08,-6790,0.691530,1,1,0
iisc_08,490,0.921151,0,1,3
iisc_08,574,1.172836,0,1,3
iisc_08,847,1.075795,0,1,3
iisc_08,430,0.969070,0,1,3
iisc_08,558,0.821958,0,1,3
iisc_08,1142,0.916996,0,1,3
iisc_08,-5355,0.661495,1,1,0
iisc_08,1268,1.069956,0,1,3
iisc_08,486,1.036292,0,1,3
iisc_08,478,0.989537,0,1,3
iisc_08,415,1.149730,0,1,3
iisc_08,532,1.033676,0,1,3
iisc_08,669,1.017976,0,1,3
iisc_08,551,1.189869,0,1,3
iisc_08,556,1.070882,0,1,3
iisc_08,-5832,0.766896,1,1,0
iisc_08,849,1.076883,0,1,3
iisc_08,519,1.200607,0,1,3
iisc_08,587,0.929832,0,1,3
iisc_08,603,0.941544,0,1,3
iisc_08,-5233,0.648100,1,1,0
iisc_08,709,0.916214,0,1,3
iisc_08,762,0.900870,0,1,3
iisc_08,-5754,0.652677,1,1,0
iisc_08,363,1.070604,0,1,3
iisc_08,627,0.958433,0,1,3
iisc_08,-6387,0.610384,1,1,0
iisc_08,495,1.018624,0,1,3
iisc_08,416,1.045911,0,1,3
iisc_08,490,1.016378,0,1,3
iisc_08,-5769,0.768995,1,1,0
iisc_08,797,1.095924,0,1,3
iisc_08,472,1.023916,0,1,3
iisc_08,884,1.015058,0,1,3
iisc_08,902,0.845779,1,0,1
iisc_08,-2138,NaN,0,0,1
iisc_08,755,0.919722,0,1,3
iisc_08,1015,0.947939,0,1,3
iisc_08,863,1.017460,0,1,3
iisc_08,658,0.947496,0,1,3
iisc_08,-6662,0.839605,1,1,0
iisc_08,427,1.208879,0,1,3
iisc_08,3432,0.711507,1,1,0
iisc_08,740,1.147241,0,1,3
iisc_08,871,1.095542,0,1,3
iisc_08,458,0.944621,0,1,3
iisc_08,-7463,0.799687,1,1,0
iisc_08,461,0.978757,0,1,3
iisc_08,554,1.025361,0,1,3
iisc_08,459,1.078244,0,1,3
iisc_08,393,0.913482,0,1,3
iisc_08,585,0.946098,0,1,3
iisc_08,460,0.905656,0,1,3
iisc_08,689,1.059576,0,1,3
iisc_08,1130,1.063671,0,1,3
iisc_08,1512,0.923876,0,1,3
iisc_08,-5860,0.842145,1,1,0
iisc_08,-5185,0.751142,1,1,0
iisc_08,558,1.098396,0,1,3
iisc_08,471,1.143522,0,1,3
iisc_08,746,1.084354,0,1,3
iisc_08,747,0.920484,0,1,3
iisc_08,-6385,0.857511,1,1,0
iisc_08,-6204,1.053113,0,0,1
iisc_08,584,1.034525,0,1,3
iisc_08,608,0.960521,0,1,3
iisc_08,1290,1.068421,0,1,3
iisc_08,615,1.148873,0,1,3
iisc_08,636,1.013442,0,1,3
iisc_08,-6213,0.613649,1,1,0
iisc_08,1427,0.870103,0,1,3
iisc_08,658,0.994890,0,1,3
iisc_08,633,1.055782,0,1,3
iisc_08,365,1.048922,0,1,3
