SID,RTms,fbank_avg_dist,SAME_SPEAKER,RESPONSE,LABEL
CMU_13,780,8.010237,0,1,3
CMU_13,489,13.369484,0,1,3
CMU_13,288,17.632346,0,1,3
CMU_13,548,18.287740,0,1,3
CMU_13,325,10.017826,0,1,3
CMU_13,437,17.509800,0,1,3
CMU_13,-5808,1000.000000,1,1,0
CMU_13,360,21.028169,0,1,3
CMU_13,776,7.314114,0,1,3
CMU_13,612,19.410045,0,1,3
CMU_13,-5582,1000.000000,1,1,0
CMU_13,-70,1000.000000,0,0,1
CMU_13,339,15.102967,0,1,3
CMU_13,536,10.316908,0,1,3
CMU_13,442,13.484064,0,1,3
CMU_13,534,17.715994,0,1,3
CMU_13,582,15.426300,0,1,3
CMU_13,458,12.594972,0,1,3
CMU_13,663,12.411728,0,1,3
CMU_13,-6539,1000.000000,1,1,0
CMU_13,532,10.426516,0,1,3
CMU_13,-5903,1000.000000,1,1,0
CMU_13,353,17.236953,0,1,3
CMU_13,359,12.402131,0,1,3
CMU_13,375,7.289600,0,1,3
CMU_13,629,7.542747,0,1,3
CMU_13,778,11.204273,0,1,3
CMU_13,205,1000.000000,0,0,1
CMU_13,653,11.594915,0,1,3
CMU_13,396,15.862034,0,1,3
CMU_13,376,12.004913,0,1,3
CMU_13,-6169,1000.000000,1,1,0
CMU_13,648,12.825516,0,1,3
CMU_13,-6076,1000.000000,1,1,0
CMU_13,685,5.407085,1,0,1
CMU_13,334,18.661834,0,1,3
CMU_13,826,18.327594,0,1,3
CMU_13,321,8.832911,0,1,3
CMU_13,81,1000.000000,1,0,1
CMU_13,364,14.994295,0,1,3
CMU_13,444,10.272985,0,1,3
CMU_13,378,14.627217,0,1,3
CMU_13,221,1000.000000,0,0,1
CMU_13,285,12.021131,0,1,3
CMU_13,645,9.874762,0,1,3
CMU_13,-6529,1000.000000,1,1,0
CMU_13,482,8.862181,0,1,3
CMU_13,442,16.378156,0,1,3
CMU_13,-4485,1000.000000,1,0,1
CMU_13,299,13.619695,0,1,3
CMU_13,266,14.585457,0,1,3
CMU_13,1120,8.625354,0,1,3
CMU_13,391,9.390376,0,1,3
CMU_13,423,15.292995,0,1,3
CMU_13,546,6.491965,1,0,1
CMU_13,609,6.901634,0,1,3
CMU_13,682,17.679658,0,1,3
CMU_13,400,12.318833,0,1,3
CMU_13,500,16.821214,0,1,3
CMU_13,406,9.940070,0,1,3
CMU_13,471,15.722225,0,1,3
CMU_13,627,10.687615,0,1,3
CMU_13,-5637,1000.000000,1,1,0
CMU_13,427,11.732586,0,1,3
CMU_13,-5747,1000.000000,1,1,0
CMU_13,566,16.648346,0,1,3
CMU_13,609,11.043457,0,1,3
CMU_13,322,11.615823,0,1,3
CMU_13,325,10.312099,0,1,3
CMU_13,283,12.204177,0,1,3
CMU_13,380,10.877872,0,1,3
CMU_13,365,16.773454,0,1,3
CMU_13,737,13.975091,0,1,3
CMU_13,549,10.089083,0,1,3
CMU_13,466,14.533699,0,1,3
CMU_13,-7141,1000.000000,1,1,0
CMU_13,373,12.398168,1,0,1
CMU_13,446,12.244640,0,1,3
CMU_13,-5499,1000.000000,1,1,0
CMU_13,613,9.234832,0,1,3
CMU_13,297,15.138816,0,1,3
CMU_13,326,20.292796,0,1,3
CMU_13,293,12.309975,0,1,3
CMU_13,484,8.881158,0,1,3
CMU_13,540,9.993174,0,1,3
CMU_13,343,8.726754,0,1,3
CMU_13,265,16.671254,1,0,1
CMU_13,644,14.666918,0,1,3
CMU_13,655,10.044106,0,1,3
CMU_13,-126,1000.000000,1,0,1
CMU_13,373,8.980960,0,1,3
CMU_13,813,9.835341,0,1,3
CMU_13,402,6.304557,0,1,3
CMU_13,222,1000.000000,0,0,1
CMU_13,371,15.757951,0,1,3
CMU_13,643,17.228431,0,1,3
CMU_13,485,17.224463,1,0,1
CMU_13,339,12.352996,0,1,3
CMU_13,446,11.224639,0,1,3
CMU_13,415,9.637671,0,1,3
CMU_13,368,14.598145,0,1,3
CMU_13,595,15.723505,0,1,3
CMU_13,345,13.064577,0,1,3
CMU_13,-5878,1000.000000,1,1,0
CMU_13,784,13.252308,0,1,3
CMU_13,381,9.281054,0,1,3
CMU_13,139,1000.000000,0,0,1
CMU_13,836,16.289800,0,1,3
CMU_13,374,8.203359,0,1,3
CMU_13,380,14.751176,0,1,3
CMU_13,591,12.145917,0,1,3
CMU_13,287,12.485350,1,0,1
CMU_13,472,17.526683,1,0,1
CMU_13,648,14.547012,0,1,3
CMU_13,726,11.622126,0,1,3
CMU_13,617,6.583214,0,1,3
CMU_13,258,13.306761,0,1,3
CMU_13,696,9.106001,0,1,3
CMU_13,313,20.342977,1,0,1
CMU_13,-5431,1000.000000,1,1,0
CMU_13,557,9.623797,1,0,1
CMU_13,553,6.534736,0,1,3
CMU_13,428,17.333767,0,1,3
CMU_13,424,10.257452,0,1,3
CMU_13,560,11.521472,0,1,3
CMU_13,2814,3.734829,1,1,0
CMU_13,361,15.726258,0,1,3
CMU_13,401,12.047384,0,1,3
CMU_13,462,9.272726,0,1,3
CMU_13,498,12.450232,0,1,3
CMU_13,266,13.677884,0,1,3
CMU_13,675,15.553169,0,1,3
CMU_13,179,1000.000000,1,0,1
CMU_13,495,9.818997,0,1,3
CMU_13,678,8.753746,0,1,3
CMU_13,476,14.580100,0,1,3
CMU_13,424,12.214978,0,1,3
CMU_13,255,13.972319,0,1,3
CMU_13,636,12.072705,0,1,3
CMU_13,376,12.294511,0,1,3
CMU_13,416,12.366044,0,1,3
CMU_13,-5832,1000.000000,1,1,0
CMU_13,719,14.215702,0,1,3
CMU_13,539,12.479874,0,1,3
CMU_13,746,10.640742,0,1,3
CMU_13,334,13.353432,0,1,3
CMU_13,-5233,1000.000000,1,1,0
CMU_13,634,14.551010,0,1,3
CMU_13,429,13.015985,0,1,3
CMU_13,-5754,1000.000000,1,1,0
CMU_13,432,15.975828,0,1,3
CMU_13,592,16.860829,0,1,3
CMU_13,100,1000.000000,1,0,1
CMU_13,433,10.641807,0,1,3
CMU_13,86,1000.000000,0,0,1
CMU_13,422,16.296821,0,1,3
CMU_13,-5769,1000.000000,1,1,0
CMU_13,375,14.884414,0,1,3
CMU_13,413,14.461108,0,1,3
CMU_13,516,3.686083,0,1,3
CMU_13,-5903,1000.000000,1,1,0
CMU_13,-2683,1000.000000,0,0,1
CMU_13,398,15.259140,0,1,3
CMU_13,-1172,1000.000000,0,0,1
CMU_13,545,13.635308,0,1,3
CMU_13,427,19.840280,0,1,3
CMU_13,-6662,1000.000000,1,1,0
CMU_13,407,16.623027,0,1,3
CMU_13,1610,7.646330,1,0,1
CMU_13,365,8.029525,0,1,3
CMU_13,570,8.555621,0,1,3
CMU_13,373,15.858914,0,1,3
CMU_13,-7463,1000.000000,1,1,0
CMU_13,491,13.334080,0,1,3
CMU_13,403,8.798545,0,1,3
CMU_13,238,11.972634,0,1,3
CMU_13,563,14.106975,0,1,3
CMU_13,58,1000.000000,0,0,1
CMU_13,242,12.212442,0,1,3
CMU_13,582,13.381686,0,1,3
CMU_13,429,9.510345,0,1,3
CMU_13,1537,4.431352,0,1,3
CMU_13,-5860,1000.000000,1,1,0
CMU_13,-5185,1000.000000,1,1,0
CMU_13,361,12.956015,0,1,3
CMU_13,468,9.315648,0,1,3
CMU_13,972,9.999138,0,1,3
CMU_13,420,18.027311,0,1,3
CMU_13,-6385,1000.000000,1,1,0
CMU_13,248,6.602276,0,1,3
CMU_13,316,11.868562,0,1,3
CMU_13,324,12.337393,0,1,3
CMU_13,747,6.608613,0,1,3
CMU_13,767,9.989358,0,1,3
CMU_13,426,8.987039,0,1,3
CMU_13,431,9.500234,1,0,1
CMU_13,328,11.256146,0,1,3
CMU_13,452,6.001444,0,1,3
CMU_13,609,9.202580,0,1,3
CMU_13,345,15.345472,0,1,3
CMU-14,697,7.279936,0,1,3
CMU-14,950,13.284094,0,1,3
CMU-14,511,14.887812,0,1,3
CMU-14,906,10.002259,0,1,3
CMU-14,530,7.473626,0,1,3
CMU-14,518,15.647806,0,1,3
CMU-14,-5808,1000.000000,1,1,0
CMU-14,711,16.533459,0,1,3
CMU-14,679,6.945375,0,1,3
CMU-14,959,15.079644,0,1,3
CMU-14,-5582,1000.000000,1,1,0
CMU-14,549,9.978671,0,1,3
CMU-14,859,14.404800,0,1,3
CMU-14,1205,10.995686,0,1,3
CMU-14,900,12.143295,0,1,3
CMU-14,694,17.811814,0,1,3
CMU-14,714,16.540662,0,1,3
CMU-14,595,11.895010,0,1,3
CMU-14,924,12.001482,0,1,3
CMU-14,-6539,1000.000000,1,1,0
CMU-14,663,9.319472,0,1,3
CMU-14,-5903,1000.000000,1,1,0
CMU-14,511,13.492807,0,1,3
CMU-14,1019,11.409281,0,1,3
CMU-14,741,6.251668,0,1,3
CMU-14,847,7.106653,0,1,3
CMU-14,925,12.044443,0,1,3
CMU-14,470,7.594309,0,1,3
CMU-14,673,11.619230,0,1,3
CMU-14,747,14.966398,0,1,3
CMU-14,503,12.691833,0,1,3
CMU-14,-6169,1000.000000,1,1,0
CMU-14,624,12.932553,0,1,3
CMU-14,-6076,1000.000000,1,1,0
CMU-14,1756,2.674004,1,0,1
CMU-14,692,15.572521,0,1,3
CMU-14,723,18.374528,0,1,3
CMU-14,758,3.422679,0,1,3
CMU-14,-5637,1000.000000,1,1,0
CMU-14,699,14.935364,0,1,3
CMU-14,939,11.300763,0,1,3
CMU-14,936,11.856775,0,1,3
CMU-14,1106,5.601938,0,1,3
CMU-14,75,1000.000000,0,0,1
CMU-14,553,10.302406,0,1,3
CMU-14,-6529,1000.000000,1,1,0
CMU-14,734,6.610335,0,1,3
CMU-14,1280,15.147289,0,1,3
CMU-14,-5735,1000.000000,1,1,0
CMU-14,1159,8.080008,0,1,3
CMU-14,425,12.674002,0,1,3
CMU-14,831,8.735239,0,1,3
CMU-14,567,9.395189,0,1,3
CMU-14,500,15.595951,0,1,3
CMU-14,356,6.701575,1,0,1
CMU-14,1098,4.774840,0,1,3
CMU-14,383,18.610818,0,1,3
CMU-14,674,13.764581,0,1,3
CMU-14,750,16.047001,0,1,3
CMU-14,687,10.590119,0,1,3
CMU-14,483,15.972715,0,1,3
CMU-14,428,10.132142,0,1,3
CMU-14,-5637,1000.000000,1,1,0
CMU-14,-4602,1000.000000,0,0,1
CMU-14,-5747,1000.000000,1,1,0
CMU-14,823,15.702199,0,1,3
CMU-14,930,11.918579,0,1,3
CMU-14,354,11.845385,0,1,3
CMU-14,465,8.662496,0,1,3
CMU-14,546,8.898481,0,1,3
CMU-14,400,10.885454,0,1,3
CMU-14,722,15.381618,0,1,3
CMU-14,527,14.559697,0,1,3
CMU-14,652,10.116031,0,1,3
CMU-14,476,14.755887,0,1,3
CMU-14,-7141,1000.000000,1,1,0
CMU-14,-6991,1000.000000,1,1,0
CMU-14,764,13.671332,0,1,3
CMU-14,-5499,1000.000000,1,1,0
CMU-14,582,9.162536,0,1,3
CMU-14,743,10.099429,0,1,3
CMU-14,591,18.740851,0,1,3
CMU-14,536,10.734445,0,1,3
CMU-14,580,10.012289,0,1,3
CMU-14,738,11.857874,0,1,3
CMU-14,800,6.925330,0,1,3
CMU-14,1033,13.073736,1,0,1
CMU-14,857,8.906714,0,1,3
CMU-14,1105,10.791890,0,1,3
CMU-14,-6495,1000.000000,1,1,0
CMU-14,672,8.555980,0,1,3
CMU-14,1116,9.752611,0,1,3
CMU-14,1021,5.981566,0,1,3
CMU-14,1218,8.490095,0,1,3
CMU-14,669,11.620344,0,1,3
CMU-14,591,18.231541,0,1,3
CMU-14,695,17.461674,1,0,1
CMU-14,710,11.617727,0,1,3
CMU-14,570,10.876731,0,1,3
CMU-14,788,10.342849,0,1,3
CMU-14,950,12.611058,0,1,3
CMU-14,713,14.064510,0,1,3
CMU-14,-5274,1000.000000,0,0,1
CMU-14,1643,7.668884,1,0,1
CMU-14,1145,12.628503,0,1,3
CMU-14,649,3.489945,0,1,3
CMU-14,1648,10.131185,0,1,3
CMU-14,632,15.521343,0,1,3
CMU-14,2667,2.167083,0,0,2
CMU-14,697,13.219296,0,1,3
CMU-14,694,12.309841,0,1,3
CMU-14,1034,11.722147,1,0,1
CMU-14,712,16.259741,1,0,1
CMU-14,667,14.460782,0,1,3
CMU-14,533,12.675534,0,1,3
CMU-14,707,5.915241,0,1,3
CMU-14,799,11.086797,0,1,3
CMU-14,704,9.229427,0,1,3
CMU-14,-5530,1000.000000,1,1,0
CMU-14,-5431,1000.000000,1,1,0
CMU-14,1109,7.747749,1,0,1
CMU-14,789,6.789684,0,1,3
CMU-14,587,15.786070,0,1,3
CMU-14,803,9.143062,0,1,3
CMU-14,610,12.412791,0,1,3
CMU-14,-6790,1000.000000,1,1,0
CMU-14,1076,15.315041,0,1,3
CMU-14,656,11.245017,0,1,3
CMU-14,1198,6.904418,0,1,3
CMU-14,464,12.630997,0,1,3
CMU-14,737,16.342733,0,1,3
CMU-14,968,16.763955,0,1,3
CMU-14,-5355,1000.000000,1,1,0
CMU-14,651,8.073340,0,1,3
CMU-14,322,12.663824,0,1,3
CMU-14,664,14.474544,0,1,3
CMU-14,1089,10.467858,0,1,3
CMU-14,407,9.887303,0,1,3
CMU-14,749,11.958267,0,1,3
CMU-14,675,8.694963,0,1,3
CMU-14,843,15.174753,0,1,3
CMU-14,-5832,1000.000000,1,1,0
CMU-14,745,14.523268,0,1,3
CMU-14,660,10.825407,0,1,3
CMU-14,704,10.159791,0,1,3
CMU-14,469,12.712557,0,1,3
CMU-14,-5233,1000.000000,1,1,0
CMU-14,729,15.246285,0,1,3
CMU-14,997,8.570120,0,1,3
CMU-14,-5754,1000.000000,1,1,0
CMU-14,598,12.990690,0,1,3
CMU-14,715,17.519272,0,1,3
CMU-14,-6387,1000.000000,1,1,0
CMU-14,772,8.652124,0,1,3
CMU-14,511,15.808465,0,1,3
CMU-14,993,15.055461,0,1,3
CMU-14,-5769,1000.000000,1,1,0
CMU-14,660,14.330169,0,1,3
CMU-14,727,13.601527,0,1,3
CMU-14,1038,6.161391,0,1,3
CMU-14,-5903,1000.000000,1,1,0
CMU-14,1129,9.553595,0,1,3
CMU-14,899,14.500283,0,1,3
CMU-14,1089,9.188241,0,1,3
CMU-14,774,13.461522,0,1,3
CMU-14,668,18.683171,0,1,3
CMU-14,-6662,1000.000000,1,1,0
CMU-14,403,17.017590,0,1,3
CMU-14,755,15.695005,1,0,1
CMU-14,289,7.938577,0,1,3
CMU-14,726,6.872356,0,1,3
CMU-14,766,15.606174,0,1,3
CMU-14,-7463,1000.000000,1,1,0
CMU-14,745,13.758047,0,1,3
CMU-14,1068,7.074227,0,1,3
CMU-14,518,11.360548,0,1,3
CMU-14,1313,12.629308,0,1,3
CMU-14,639,11.731158,0,1,3
CMU-14,527,8.756530,0,1,3
CMU-14,476,15.662024,0,1,3
CMU-14,663,9.541353,0,1,3
CMU-14,859,3.589895,0,1,3
CMU-14,-5860,1000.000000,1,1,0
CMU-14,-5185,1000.000000,1,1,0
CMU-14,1225,10.670839,0,1,3
CMU-14,738,10.826131,0,1,3
CMU-14,628,9.179884,0,1,3
CMU-14,489,19.013555,0,1,3
CMU-14,-6385,1000.000000,1,1,0
CMU-14,958,11.864088,0,1,3
CMU-14,838,4.517806,0,1,3
CMU-14,690,8.455069,0,1,3
CMU-14,842,6.574604,0,1,3
CMU-14,717,9.864351,0,1,3
CMU-14,810,8.649520,0,1,3
CMU-14,-6213,1000.000000,1,1,0
CMU-14,693,7.476161,0,1,3
CMU-14,1002,5.917397,0,1,3
CMU-14,573,8.686017,0,1,3
CMU-14,636,12.671602,0,1,3
cmu_15,606,6.387400,0,1,3
cmu_15,520,13.563332,0,1,3
cmu_15,234,17.328059,0,1,3
cmu_15,696,13.443481,0,1,3
cmu_15,553,7.064968,0,1,3
cmu_15,817,16.043929,0,1,3
cmu_15,-5808,1000.000000,1,1,0
cmu_15,532,19.315235,0,1,3
cmu_15,2489,6.954803,0,0,2
cmu_15,719,19.454527,0,1,3
cmu_15,-5582,1000.000000,1,1,0
cmu_15,931,8.674141,0,1,3
cmu_15,571,13.059511,0,1,3
cmu_15,799,10.392153,0,1,3
cmu_15,882,12.042389,0,1,3
cmu_15,524,17.860866,0,1,3
cmu_15,-484,1000.000000,0,0,1
cmu_15,654,11.607814,0,1,3
cmu_15,-6271,1000.000000,0,0,1
cmu_15,-6539,1000.000000,1,1,0
cmu_15,527,10.761530,0,1,3
cmu_15,34,1000.000000,1,0,1
cmu_15,376,15.261909,0,1,3
cmu_15,469,13.132992,0,1,3
cmu_15,-5074,1000.000000,0,0,1
cmu_15,857,7.042883,0,1,3
cmu_15,814,11.535918,0,1,3
cmu_15,214,1000.000000,0,0,1
cmu_15,711,11.945648,0,1,3
cmu_15,746,14.966398,0,1,3
cmu_15,292,11.954214,0,1,3
cmu_15,-6169,1000.000000,1,1,0
cmu_15,1900,7.096782,0,1,3
cmu_15,-6076,1000.000000,1,1,0
cmu_15,-5710,1000.000000,1,1,0
cmu_15,987,16.770768,0,1,3
cmu_15,665,17.646376,0,1,3
cmu_15,916,4.169792,0,1,3
cmu_15,-5637,1000.000000,1,1,0
cmu_15,742,15.390964,0,1,3
cmu_15,937,11.300763,0,1,3
cmu_15,318,14.726043,0,1,3
cmu_15,-6408,1000.000000,0,0,1
cmu_15,616,8.954533,0,1,3
cmu_15,370,9.779965,0,1,3
cmu_15,-6529,1000.000000,1,1,0
cmu_15,75,1000.000000,0,0,1
cmu_15,609,15.558663,0,1,3
cmu_15,-5735,1000.000000,1,1,0
cmu_15,610,9.887988,0,1,3
cmu_15,266,14.585457,0,1,3
cmu_15,4672,4.747515,0,0,2
cmu_15,1022,9.099486,0,1,3
cmu_15,1425,8.837615,0,1,3
cmu_15,345,6.628990,1,0,1
cmu_15,1040,4.892783,0,1,3
cmu_15,-1197,1000.000000,0,0,1
cmu_15,932,14.376263,0,1,3
cmu_15,746,15.941193,0,1,3
cmu_15,834,8.233669,0,1,3
cmu_15,836,16.490741,0,1,3
cmu_15,475,10.539416,0,1,3
cmu_15,-5637,1000.000000,1,1,0
cmu_15,673,6.986739,0,1,3
cmu_15,-5747,1000.000000,1,1,0
cmu_15,940,15.140641,0,1,3
cmu_15,658,11.142539,0,1,3
cmu_15,879,8.238446,0,1,3
cmu_15,652,4.973152,0,1,3
cmu_15,400,10.986201,0,1,3
cmu_15,856,7.835902,0,1,3
cmu_15,714,15.381618,0,1,3
cmu_15,622,14.310406,0,1,3
cmu_15,699,9.828200,0,1,3
cmu_15,3016,10.877862,0,0,2
cmu_15,-7141,1000.000000,1,1,0
cmu_15,190,1000.000000,1,0,1
cmu_15,779,13.461233,0,1,3
cmu_15,-5499,1000.000000,1,1,0
cmu_15,677,8.798290,0,1,3
cmu_15,686,10.349717,0,1,3
cmu_15,394,20.181496,0,1,3
cmu_15,1715,8.073429,0,1,3
cmu_15,454,8.806220,0,1,3
cmu_15,210,1000.000000,0,0,1
cmu_15,1093,7.787892,0,1,3
cmu_15,184,1000.000000,1,0,1
cmu_15,607,16.101257,0,1,3
cmu_15,1197,11.412986,0,1,3
cmu_15,410,8.707482,1,0,1
cmu_15,608,9.605406,0,1,3
cmu_15,974,9.482132,0,1,3
cmu_15,1352,5.971376,0,1,3
cmu_15,635,7.421619,0,1,3
cmu_15,946,12.834605,0,1,3
cmu_15,889,12.060064,0,1,3
cmu_15,-5900,1000.000000,1,1,0
cmu_15,372,11.602523,0,1,3
cmu_15,1031,11.822071,0,1,3
cmu_15,1062,9.963788,0,1,3
cmu_15,-6419,1000.000000,0,0,1
cmu_15,1913,10.329578,0,1,3
cmu_15,867,10.258124,0,1,3
cmu_15,-5878,1000.000000,1,1,0
cmu_15,2226,9.691552,0,0,2
cmu_15,883,4.277082,0,1,3
cmu_15,1885,7.297838,0,1,3
cmu_15,835,16.289800,0,1,3
cmu_15,889,5.392951,0,1,3
cmu_15,916,12.787071,0,1,3
cmu_15,1177,14.177704,0,1,3
cmu_15,-4560,1000.000000,1,0,1
cmu_15,390,17.333366,1,0,1
cmu_15,751,14.943909,0,1,3
cmu_15,400,14.325462,0,1,3
cmu_15,1546,7.034871,0,1,3
cmu_15,109,1000.000000,0,0,1
cmu_15,1521,8.098691,0,1,3
cmu_15,-5530,1000.000000,1,1,0
cmu_15,-5431,1000.000000,1,1,0
cmu_15,618,9.737476,1,0,1
cmu_15,710,6.396166,0,1,3
cmu_15,1046,9.752028,0,1,3
cmu_15,1216,6.965880,0,1,3
cmu_15,957,12.440655,0,1,3
cmu_15,-6790,1000.000000,1,1,0
cmu_15,383,15.171992,0,1,3
cmu_15,1434,12.636658,0,1,3
cmu_15,400,9.317101,0,1,3
cmu_15,609,12.309346,0,1,3
cmu_15,790,16.414788,0,1,3
cmu_15,-4694,1000.000000,0,0,1
cmu_15,-5355,1000.000000,1,1,0
cmu_15,1978,8.959704,0,1,3
cmu_15,3024,6.357471,0,0,2
cmu_15,61,1000.000000,0,0,1
cmu_15,746,11.120516,0,1,3
cmu_15,452,9.310931,0,1,3
cmu_15,609,12.103565,0,1,3
cmu_15,437,12.078490,0,1,3
cmu_15,1160,12.037889,0,1,3
cmu_15,-5832,1000.000000,1,1,0
cmu_15,619,13.266529,0,1,3
cmu_15,408,15.257498,0,1,3
cmu_15,821,10.991523,0,1,3
cmu_15,743,9.764628,0,1,3
cmu_15,-5233,1000.000000,1,1,0
cmu_15,3380,9.132991,0,0,2
cmu_15,935,8.870707,0,1,3
cmu_15,-5754,1000.000000,1,1,0
cmu_15,799,12.018406,0,1,3
cmu_15,-6357,1000.000000,0,0,1
cmu_15,-6387,1000.000000,1,1,0
cmu_15,464,11.279768,0,1,3
cmu_15,473,15.448248,0,1,3
cmu_15,901,15.231740,0,1,3
cmu_15,1964,3.341714,1,0,1
cmu_15,1386,12.398103,0,1,3
cmu_15,1183,12.360876,0,1,3
cmu_15,1104,6.859944,0,1,3
cmu_15,-5903,1000.000000,1,1,0
cmu_15,2410,5.309583,0,0,2
cmu_15,1025,14.521192,0,1,3
cmu_15,951,7.926513,0,1,3
cmu_15,928,14.059801,0,1,3
cmu_15,890,18.389978,0,1,3
cmu_15,-6662,1000.000000,1,1,0
cmu_15,319,18.510344,0,1,3
cmu_15,-5676,1000.000000,1,1,0
cmu_15,602,7.503141,0,1,3
cmu_15,734,6.863183,0,1,3
cmu_15,947,15.237176,0,1,3
cmu_15,-7463,1000.000000,1,1,0
cmu_15,-4055,1000.000000,0,0,1
cmu_15,2454,4.938897,0,0,2
cmu_15,620,11.413188,0,1,3
cmu_15,1162,13.309828,0,1,3
cmu_15,938,11.619850,0,1,3
cmu_15,773,7.927592,0,1,3
cmu_15,-2518,1000.000000,0,0,1
cmu_15,591,8.858683,0,1,3
cmu_15,2041,2.678041,0,0,2
cmu_15,-5860,1000.000000,1,1,0
cmu_15,-5185,1000.000000,1,1,0
cmu_15,699,11.151847,0,1,3
cmu_15,583,11.045847,0,1,3
cmu_15,2180,6.738742,0,0,2
cmu_15,735,20.009837,0,1,3
cmu_15,-6385,1000.000000,1,1,0
cmu_15,-6204,1000.000000,0,0,1
cmu_15,1200,5.632292,0,1,3
cmu_15,713,8.506543,0,1,3
cmu_15,723,6.503296,0,1,3
cmu_15,743,10.000232,0,1,3
cmu_15,573,8.665942,0,1,3
cmu_15,869,4.901470,1,0,1
cmu_15,974,8.223488,0,1,3
cmu_15,979,5.773854,0,1,3
cmu_15,832,9.322286,0,1,3
cmu_15,1017,12.802474,0,1,3
CMU_16,1019,7.986698,0,1,3
CMU_16,524,13.563332,0,1,3
CMU_16,484,14.836576,0,1,3
CMU_16,598,17.274418,0,1,3
CMU_16,401,9.290744,0,1,3
CMU_16,401,17.986287,0,1,3
CMU_16,-5808,1000.000000,1,1,0
CMU_16,387,20.845570,0,1,3
CMU_16,1774,7.563428,0,1,3
CMU_16,548,19.042277,0,1,3
CMU_16,-5582,1000.000000,1,1,0
CMU_16,618,9.831996,0,1,3
CMU_16,494,13.117686,0,1,3
CMU_16,379,11.757628,0,1,3
CMU_16,666,14.057268,0,1,3
CMU_16,618,17.322804,0,1,3
CMU_16,686,16.306183,0,1,3
CMU_16,427,12.549204,0,1,3
CMU_16,434,13.224015,0,1,3
CMU_16,-6539,1000.000000,1,1,0
CMU_16,611,9.347448,0,1,3
CMU_16,502,9.883733,1,0,1
CMU_16,496,14.077458,0,1,3
CMU_16,918,11.696419,0,1,3
CMU_16,664,6.769445,0,1,3
CMU_16,484,7.386586,0,1,3
CMU_16,597,10.449635,0,1,3
CMU_16,38,1000.000000,0,0,1
CMU_16,706,11.945648,0,1,3
CMU_16,443,16.309963,0,1,3
CMU_16,378,12.004913,0,1,3
CMU_16,-6169,1000.000000,1,1,0
CMU_16,656,12.700487,0,1,3
CMU_16,-6076,1000.000000,1,1,0
CMU_16,484,5.665863,1,0,1
CMU_16,633,15.416156,0,1,3
CMU_16,520,18.408013,0,1,3
CMU_16,378,7.404672,0,1,3
CMU_16,-5637,1000.000000,1,1,0
CMU_16,231,17.655584,0,1,3
CMU_16,745,10.406915,0,1,3
CMU_16,612,14.403793,0,1,3
CMU_16,654,6.920393,0,1,3
CMU_16,266,11.982977,0,1,3
CMU_16,632,10.035266,0,1,3
CMU_16,-6529,1000.000000,1,1,0
CMU_16,706,6.565932,0,1,3
CMU_16,698,15.845924,0,1,3
CMU_16,-5735,1000.000000,1,1,0
CMU_16,351,12.477179,0,1,3
CMU_16,475,12.766378,0,1,3
CMU_16,909,8.816322,0,1,3
CMU_16,546,9.651463,0,1,3
CMU_16,598,13.312038,0,1,3
CMU_16,583,6.308303,1,0,1
CMU_16,658,6.120668,0,1,3
CMU_16,600,16.870188,0,1,3
CMU_16,1446,13.152407,0,1,3
CMU_16,594,16.805337,0,1,3
CMU_16,902,8.791079,0,1,3
CMU_16,432,15.345897,0,1,3
CMU_16,513,10.764509,0,1,3
CMU_16,-5637,1000.000000,1,1,0
CMU_16,565,7.514372,0,1,3
CMU_16,-5747,1000.000000,1,1,0
CMU_16,479,15.100459,0,1,3
CMU_16,300,13.418910,0,1,3
CMU_16,560,12.541209,0,1,3
CMU_16,344,9.676203,0,1,3
CMU_16,386,11.058003,0,1,3
CMU_16,435,10.480905,0,1,3
CMU_16,527,15.211016,0,1,3
CMU_16,697,13.956806,0,1,3
CMU_16,393,11.407715,0,1,3
CMU_16,832,15.431041,0,1,3
CMU_16,-7141,1000.000000,1,1,0
CMU_16,-6991,1000.000000,1,1,0
CMU_16,714,13.542363,0,1,3
CMU_16,-5499,1000.000000,1,1,0
CMU_16,473,8.851539,0,1,3
CMU_16,1232,9.625068,0,1,3
CMU_16,627,19.247865,0,1,3
CMU_16,708,9.750711,0,1,3
CMU_16,929,11.681030,0,1,3
CMU_16,321,19.897998,0,1,3
CMU_16,894,7.118627,0,1,3
CMU_16,486,14.717877,1,0,1
CMU_16,533,17.384394,0,1,3
CMU_16,489,10.447213,0,1,3
CMU_16,395,9.050812,1,0,1
CMU_16,564,10.423130,0,1,3
CMU_16,1225,9.862161,0,1,3
CMU_16,401,6.304557,0,1,3
CMU_16,412,7.970646,0,1,3
CMU_16,310,15.945322,0,1,3
CMU_16,814,14.013385,0,1,3
CMU_16,-5900,1000.000000,1,1,0
CMU_16,493,11.636901,0,1,3
CMU_16,277,11.299686,0,1,3
CMU_16,674,9.524510,0,1,3
CMU_16,544,12.631725,0,1,3
CMU_16,1053,13.297939,0,1,3
CMU_16,288,11.776622,0,1,3
CMU_16,601,14.138231,1,0,1
CMU_16,334,10.630231,0,1,3
CMU_16,1014,4.842638,0,1,3
CMU_16,244,13.413892,0,1,3
CMU_16,843,16.313233,0,1,3
CMU_16,554,6.155688,0,1,3
CMU_16,411,15.141399,0,1,3
CMU_16,737,12.593857,0,1,3
CMU_16,812,9.559528,1,0,1
CMU_16,-5446,1000.000000,1,1,0
CMU_16,580,14.580791,0,1,3
CMU_16,976,12.168104,0,1,3
CMU_16,-6657,1000.000000,0,0,1
CMU_16,319,11.976548,0,1,3
CMU_16,1153,10.474394,0,1,3
CMU_16,544,20.820158,1,0,1
CMU_16,-5431,1000.000000,1,1,0
CMU_16,-5913,1000.000000,1,1,0
CMU_16,770,6.674797,0,1,3
CMU_16,265,16.757127,0,1,3
CMU_16,569,8.303943,0,1,3
CMU_16,726,13.368894,0,1,3
CMU_16,-6790,1000.000000,1,1,0
CMU_16,846,15.473924,0,1,3
CMU_16,492,11.973713,0,1,3
CMU_16,501,9.237448,0,1,3
CMU_16,381,13.984798,0,1,3
CMU_16,541,15.588611,0,1,3
CMU_16,563,16.284841,0,1,3
CMU_16,-5355,1000.000000,1,1,0
CMU_16,462,10.004300,0,1,3
CMU_16,587,11.106957,0,1,3
CMU_16,396,16.760917,0,1,3
CMU_16,455,11.249056,0,1,3
CMU_16,444,9.301363,0,1,3
CMU_16,521,11.066278,0,1,3
CMU_16,592,10.265836,0,1,3
CMU_16,632,14.082734,0,1,3
CMU_16,-5832,1000.000000,1,1,0
CMU_16,679,13.737579,0,1,3
CMU_16,469,13.758269,0,1,3
CMU_16,426,10.284606,0,1,3
CMU_16,1618,7.740354,0,1,3
CMU_16,-5233,1000.000000,1,1,0
CMU_16,872,15.095880,0,1,3
CMU_16,1707,4.845428,0,1,3
CMU_16,257,7.811611,1,0,1
CMU_16,568,13.808009,0,1,3
CMU_16,417,17.642562,0,1,3
CMU_16,-6387,1000.000000,1,1,0
CMU_16,356,11.416993,0,1,3
CMU_16,598,14.683128,0,1,3
CMU_16,339,20.444449,0,1,3
CMU_16,-5769,1000.000000,1,1,0
CMU_16,600,13.779698,0,1,3
CMU_16,644,13.187234,0,1,3
CMU_16,1220,6.779380,0,1,3
CMU_16,549,15.694990,1,0,1
CMU_16,1011,11.380530,0,1,3
CMU_16,661,13.346645,0,1,3
CMU_16,997,8.219709,0,1,3
CMU_16,640,13.113324,0,1,3
CMU_16,664,18.683171,0,1,3
CMU_16,-6662,1000.000000,1,1,0
CMU_16,435,16.254356,0,1,3
CMU_16,843,15.997415,1,0,1
CMU_16,869,9.103893,0,1,3
CMU_16,496,9.088702,0,1,3
CMU_16,575,15.870808,0,1,3
CMU_16,-7463,1000.000000,1,1,0
CMU_16,522,13.397306,0,1,3
CMU_16,401,8.798545,0,1,3
CMU_16,624,11.413188,0,1,3
CMU_16,548,14.434574,0,1,3
CMU_16,441,11.309616,0,1,3
CMU_16,484,7.681095,0,1,3
CMU_16,394,15.387144,0,1,3
CMU_16,733,7.487204,0,1,3
CMU_16,1988,3.007067,0,1,3
CMU_16,-5860,1000.000000,1,1,0
CMU_16,-5185,1000.000000,1,1,0
CMU_16,650,10.844503,0,1,3
CMU_16,503,9.644089,0,1,3
CMU_16,912,9.945540,0,1,3
CMU_16,566,19.825908,0,1,3
CMU_16,927,6.919893,1,0,1
CMU_16,-6204,1000.000000,0,0,1
CMU_16,376,9.765134,0,1,3
CMU_16,401,11.027501,0,1,3
CMU_16,778,6.785132,0,1,3
CMU_16,1090,9.473390,0,1,3
CMU_16,654,7.840980,0,1,3
CMU_16,457,9.240843,1,0,1
CMU_16,642,7.559328,0,1,3
CMU_16,531,4.875581,0,1,3
CMU_16,1324,8.384775,0,1,3
CMU_16,340,15.576463,0,1,3
CMU_17,436,12.192665,0,1,3
CMU_17,590,12.466739,0,1,3
CMU_17,394,15.955751,0,1,3
CMU_17,636,15.825354,0,1,3
CMU_17,671,6.963479,0,1,3
CMU_17,796,15.975693,0,1,3
CMU_17,-5808,1000.000000,1,1,0
CMU_17,629,16.413106,0,1,3
CMU_17,955,8.096851,0,1,3
CMU_17,611,19.410045,0,1,3
CMU_17,-5582,1000.000000,1,1,0
CMU_17,475,8.330495,0,1,3
CMU_17,660,13.398074,0,1,3
CMU_17,551,10.272361,0,1,3
CMU_17,432,13.289456,0,1,3
CMU_17,648,17.426588,0,1,3
CMU_17,379,14.799208,0,1,3
CMU_17,492,12.652156,0,1,3
CMU_17,406,15.249822,0,1,3
CMU_17,-6539,1000.000000,1,1,0
CMU_17,403,12.268716,0,1,3
CMU_17,-5903,1000.000000,1,1,0
CMU_17,840,13.453580,0,1,3
CMU_17,451,12.967312,0,1,3
CMU_17,663,6.769445,0,1,3
CMU_17,430,7.136506,0,1,3
CMU_17,613,10.534169,0,1,3
CMU_17,529,7.275916,0,1,3
CMU_17,506,10.569683,0,1,3
CMU_17,538,17.035161,0,1,3
CMU_17,563,13.063597,0,1,3
CMU_17,-6169,1000.000000,1,1,0
CMU_17,681,11.981787,0,1,3
CMU_17,-6076,1000.000000,1,1,0
CMU_17,-5710,1000.000000,1,1,0
CMU_17,406,17.139532,0,1,3
CMU_17,478,17.509466,0,1,3
CMU_17,668,3.546035,0,1,3
CMU_17,-5637,1000.000000,1,1,0
CMU_17,486,15.973992,0,1,3
CMU_17,407,10.693830,0,1,3
CMU_17,595,14.388583,0,1,3
CMU_17,1251,4.860454,0,1,3
CMU_17,396,9.576498,0,1,3
CMU_17,495,10.061347,0,1,3
CMU_17,-6529,1000.000000,1,1,0
CMU_17,465,9.070966,0,1,3
CMU_17,692,15.845924,0,1,3
CMU_17,-5735,1000.000000,1,1,0
CMU_17,559,9.741452,0,1,3
CMU_17,504,12.680329,0,1,3
CMU_17,738,7.174528,0,1,3
CMU_17,436,10.078759,0,1,3
CMU_17,352,15.058638,0,1,3
CMU_17,-5605,1000.000000,1,1,0
CMU_17,490,7.166909,0,1,3
CMU_17,423,18.592551,0,1,3
CMU_17,694,14.010513,0,1,3
CMU_17,481,16.572375,0,1,3
CMU_17,473,10.626256,0,1,3
CMU_17,416,15.205520,0,1,3
CMU_17,489,10.641290,0,1,3
CMU_17,-5637,1000.000000,1,1,0
CMU_17,329,13.963795,0,1,3
CMU_17,-5747,1000.000000,1,1,0
CMU_17,470,15.051488,0,1,3
CMU_17,621,11.027484,0,1,3
CMU_17,439,12.044968,0,1,3
CMU_17,427,8.943415,0,1,3
CMU_17,529,9.176035,0,1,3
CMU_17,350,10.404233,0,1,3
CMU_17,474,15.247519,0,1,3
CMU_17,613,14.539789,0,1,3
CMU_17,599,10.055409,0,1,3
CMU_17,433,13.947082,0,1,3
CMU_17,-7141,1000.000000,1,1,0
CMU_17,-6991,1000.000000,1,1,0
CMU_17,563,11.922955,0,1,3
CMU_17,-5499,1000.000000,1,1,0
CMU_17,427,8.537208,0,1,3
CMU_17,872,9.835091,0,1,3
CMU_17,418,20.233292,0,1,3
CMU_17,582,10.526370,0,1,3
CMU_17,531,9.342273,0,1,3
CMU_17,498,9.688791,0,1,3
CMU_17,551,6.980457,0,1,3
CMU_17,-5450,1000.000000,1,1,0
CMU_17,495,17.537548,0,1,3
CMU_17,453,10.551959,0,1,3
CMU_17,-6495,1000.000000,1,1,0
CMU_17,442,9.653238,0,1,3
CMU_17,859,10.226309,0,1,3
CMU_17,483,5.411981,0,1,3
CMU_17,563,8.046803,0,1,3
CMU_17,508,14.953119,0,1,3
CMU_17,559,18.203168,0,1,3
CMU_17,-5900,1000.000000,1,1,0
CMU_17,544,12.747592,0,1,3
CMU_17,459,11.249923,0,1,3
CMU_17,374,8.867884,0,1,3
CMU_17,556,12.475293,0,1,3
CMU_17,994,13.213620,0,1,3
CMU_17,378,13.944186,0,1,3
CMU_17,-5878,1000.000000,1,1,0
CMU_17,436,10.661215,0,1,3
CMU_17,400,8.897436,0,1,3
CMU_17,497,12.839499,0,1,3
CMU_17,581,15.473641,0,1,3
CMU_17,561,6.138685,0,1,3
CMU_17,489,14.979304,0,1,3
CMU_17,545,12.457834,0,1,3
CMU_17,471,12.597573,1,0,1
CMU_17,704,16.259741,1,0,1
CMU_17,577,14.580791,0,1,3
CMU_17,440,13.778035,0,1,3
CMU_17,461,6.234391,0,1,3
CMU_17,510,11.179855,0,1,3
CMU_17,449,14.646560,0,1,3
CMU_17,-5530,1000.000000,1,1,0
CMU_17,-5431,1000.000000,1,1,0
CMU_17,-5913,1000.000000,1,1,0
CMU_17,541,6.911403,0,1,3
CMU_17,563,16.237972,0,1,3
CMU_17,824,9.230357,0,1,3
CMU_17,366,11.379990,0,1,3
CMU_17,-6790,1000.000000,1,1,0
CMU_17,617,14.161678,0,1,3
CMU_17,431,12.514120,0,1,3
CMU_17,666,8.949718,0,1,3
CMU_17,281,16.629375,0,1,3
CMU_17,581,16.087495,0,1,3
CMU_17,608,16.025815,0,1,3
CMU_17,-5355,1000.000000,1,1,0
CMU_17,460,10.074163,0,1,3
CMU_17,1152,8.323992,0,1,3
CMU_17,582,14.024630,0,1,3
CMU_17,548,10.030367,0,1,3
CMU_17,506,10.148868,0,1,3
CMU_17,575,12.191091,0,1,3
CMU_17,735,8.684539,0,1,3
CMU_17,470,12.508694,0,1,3
CMU_17,-5832,1000.000000,1,1,0
CMU_17,434,12.323430,0,1,3
CMU_17,457,14.003648,0,1,3
CMU_17,431,10.348779,0,1,3
CMU_17,665,12.022266,0,1,3
CMU_17,-5233,1000.000000,1,1,0
CMU_17,904,15.063359,0,1,3
CMU_17,1399,6.691808,0,1,3
CMU_17,-5754,1000.000000,1,1,0
CMU_17,395,16.212934,0,1,3
CMU_17,498,17.576544,0,1,3
CMU_17,-6387,1000.000000,1,1,0
CMU_17,627,11.631805,0,1,3
CMU_17,497,15.693320,0,1,3
CMU_17,506,15.615606,0,1,3
CMU_17,-5769,1000.000000,1,1,0
CMU_17,519,14.721229,0,1,3
CMU_17,513,14.600841,0,1,3
CMU_17,919,5.056950,0,1,3
CMU_17,-5903,1000.000000,1,1,0
CMU_17,737,11.766708,0,1,3
CMU_17,559,13.009547,0,1,3
CMU_17,670,8.320647,0,1,3
CMU_17,459,13.314522,0,1,3
CMU_17,776,18.837032,0,1,3
CMU_17,-6662,1000.000000,1,1,0
CMU_17,718,14.991697,0,1,3
CMU_17,-5676,1000.000000,1,1,0
CMU_17,686,7.633403,0,1,3
CMU_17,481,9.131803,0,1,3
CMU_17,633,14.930416,0,1,3
CMU_17,-7463,1000.000000,1,1,0
CMU_17,489,13.334080,0,1,3
CMU_17,779,6.270807,0,1,3
CMU_17,497,11.164218,0,1,3
CMU_17,638,14.098312,0,1,3
CMU_17,629,11.862373,0,1,3
CMU_17,434,7.352806,0,1,3
CMU_17,639,14.032159,0,1,3
CMU_17,642,9.397326,0,1,3
CMU_17,1130,4.403780,0,1,3
CMU_17,-5860,1000.000000,1,1,0
CMU_17,-5185,1000.000000,1,1,0
CMU_17,452,10.880307,0,1,3
CMU_17,451,9.530885,0,1,3
CMU_17,1002,10.023898,0,1,3
CMU_17,424,18.099255,0,1,3
CMU_17,-6385,1000.000000,1,1,0
CMU_17,961,11.864088,0,1,3
CMU_17,562,4.959920,0,1,3
CMU_17,1102,8.490142,0,1,3
CMU_17,583,6.857728,0,1,3
CMU_17,431,11.997110,0,1,3
CMU_17,577,8.665942,0,1,3
CMU_17,740,4.080863,1,0,1
CMU_17,483,9.448571,0,1,3
CMU_17,921,5.481501,0,1,3
CMU_17,837,9.322286,0,1,3
CMU_17,784,12.638506,0,1,3
iisc_01,2479,7.440379,0,0,2
iisc_01,407,13.163790,0,1,3
iisc_01,391,15.955751,0,1,3
iisc_01,626,16.213672,0,1,3
iisc_01,295,10.475448,0,1,3
iisc_01,436,17.509800,0,1,3
iisc_01,-5808,1000.000000,1,1,0
iisc_01,493,20.189969,0,1,3
iisc_01,751,6.936657,0,1,3
iisc_01,1661,12.471687,0,1,3
iisc_01,-5582,1000.000000,1,1,0
iisc_01,607,9.979816,0,1,3
iisc_01,675,13.468031,0,1,3
iisc_01,501,10.587821,0,1,3
iisc_01,420,13.186962,0,1,3
iisc_01,1038,16.677651,0,1,3
iisc_01,524,15.179869,0,1,3
iisc_01,759,11.945749,0,1,3
iisc_01,730,12.521159,0,1,3
iisc_01,-1135,1000.000000,1,0,1
iisc_01,628,9.331393,0,1,3
iisc_01,719,7.952042,1,0,1
iisc_01,522,13.017447,0,1,3
iisc_01,417,12.604074,0,1,3
iisc_01,513,7.612802,0,1,3
iisc_01,415,7.094342,0,1,3
iisc_01,869,11.970170,0,1,3
iisc_01,599,6.626506,0,1,3
iisc_01,524,10.691908,0,1,3
iisc_01,1137,14.757512,0,1,3
iisc_01,488,12.568228,0,1,3
iisc_01,-845,1000.000000,1,0,1
iisc_01,567,12.837589,0,1,3
iisc_01,-6076,1000.000000,1,1,0
iisc_01,-5710,1000.000000,1,1,0
iisc_01,826,16.163195,0,1,3
iisc_01,449,16.999077,0,1,3
iisc_01,517,5.998246,0,1,3
iisc_01,-5637,1000.000000,1,1,0
iisc_01,385,15.146081,0,1,3
iisc_01,444,10.272985,0,1,3
iisc_01,564,14.317245,0,1,3
iisc_01,1230,5.021105,0,1,3
iisc_01,544,9.478649,0,1,3
iisc_01,514,10.019720,0,1,3
iisc_01,-6529,1000.000000,1,1,0
iisc_01,699,6.606728,0,1,3
iisc_01,443,16.378156,0,1,3
iisc_01,-5735,1000.000000,1,1,0
iisc_01,294,13.800833,0,1,3
iisc_01,835,13.031461,0,1,3
iisc_01,1209,8.592786,0,1,3
iisc_01,546,9.651463,0,1,3
iisc_01,693,13.716474,0,1,3
iisc_01,796,7.411284,1,0,1
iisc_01,687,5.959473,0,1,3
iisc_01,640,17.345727,0,1,3
iisc_01,-6168,1000.000000,0,0,1
iisc_01,1369,8.977257,0,1,3
iisc_01,762,7.801690,0,1,3
iisc_01,415,15.205520,0,1,3
iisc_01,569,11.053187,0,1,3
iisc_01,-5637,1000.000000,1,1,0
iisc_01,401,11.916663,0,1,3
iisc_01,-5747,1000.000000,1,1,0
iisc_01,739,16.522073,0,1,3
iisc_01,836,12.414541,0,1,3
iisc_01,613,12.384663,0,1,3
iisc_01,468,8.662496,0,1,3
iisc_01,387,11.058003,0,1,3
iisc_01,447,10.080779,0,1,3
iisc_01,386,15.991890,0,1,3
iisc_01,745,13.991360,0,1,3
iisc_01,705,9.828200,0,1,3
iisc_01,440,14.087520,0,1,3
iisc_01,-7141,1000.000000,1,1,0
iisc_01,387,12.386132,1,0,1
iisc_01,709,13.542363,0,1,3
iisc_01,-5499,1000.000000,1,1,0
iisc_01,642,9.026772,0,1,3
iisc_01,587,9.523373,0,1,3
iisc_01,412,20.233292,0,1,3
iisc_01,599,10.427228,0,1,3
iisc_01,430,8.785938,0,1,3
iisc_01,307,20.480828,0,1,3
iisc_01,503,7.050761,0,1,3
iisc_01,317,16.645800,1,0,1
iisc_01,670,13.511538,0,1,3
iisc_01,491,10.447213,0,1,3
iisc_01,1229,8.872015,1,0,1
iisc_01,504,10.591466,0,1,3
iisc_01,627,9.942338,0,1,3
iisc_01,286,8.942797,0,1,3
iisc_01,309,5.553202,0,1,3
iisc_01,-3049,1000.000000,0,0,1
iisc_01,-4059,1000.000000,0,0,1
iisc_01,-5900,1000.000000,1,1,0
iisc_01,400,11.091545,0,1,3
iisc_01,469,11.221990,0,1,3
iisc_01,678,9.524510,0,1,3
iisc_01,392,14.888643,0,1,3
iisc_01,926,13.377637,0,1,3
iisc_01,669,10.115265,0,1,3
iisc_01,478,13.698849,1,0,1
iisc_01,537,11.429690,0,1,3
iisc_01,499,6.191925,0,1,3
iisc_01,569,14.321570,0,1,3
iisc_01,708,15.853813,0,1,3
iisc_01,429,7.052676,0,1,3
iisc_01,780,13.419950,0,1,3
iisc_01,578,12.147956,0,1,3
iisc_01,415,12.019734,1,0,1
iisc_01,1019,16.173542,1,0,1
iisc_01,606,14.771207,0,1,3
iisc_01,450,13.718441,0,1,3
iisc_01,548,6.689121,0,1,3
iisc_01,610,9.834481,0,1,3
iisc_01,1009,10.262605,0,1,3
iisc_01,331,20.211638,1,0,1
iisc_01,-5431,1000.000000,1,1,0
iisc_01,1036,7.850396,1,0,1
iisc_01,522,7.143293,0,1,3
iisc_01,326,17.722777,0,1,3
iisc_01,387,11.744898,0,1,3
iisc_01,424,11.727662,0,1,3
iisc_01,-6790,1000.000000,1,1,0
iisc_01,604,14.041255,0,1,3
iisc_01,484,11.999440,0,1,3
iisc_01,694,8.861759,0,1,3
iisc_01,456,12.630997,0,1,3
iisc_01,594,16.142900,0,1,3
iisc_01,855,16.882006,0,1,3
iisc_01,-5355,1000.000000,1,1,0
iisc_01,310,11.946058,0,1,3
iisc_01,540,12.638296,0,1,3
iisc_01,469,14.580100,0,1,3
iisc_01,347,12.124344,0,1,3
iisc_01,448,9.301363,0,1,3
iisc_01,458,10.606123,0,1,3
iisc_01,519,11.622022,0,1,3
iisc_01,438,12.590605,0,1,3
iisc_01,-5832,1000.000000,1,1,0
iisc_01,500,12.695739,0,1,3
iisc_01,563,11.985165,0,1,3
iisc_01,570,11.207369,0,1,3
iisc_01,327,13.418555,0,1,3
iisc_01,-5233,1000.000000,1,1,0
iisc_01,1334,15.493680,0,1,3
iisc_01,332,13.474960,0,1,3
iisc_01,-5754,1000.000000,1,1,0
iisc_01,-6468,1000.000000,0,0,1
iisc_01,682,17.206883,0,1,3
iisc_01,-6387,1000.000000,1,1,0
iisc_01,464,11.279768,0,1,3
iisc_01,480,15.448248,0,1,3
iisc_01,368,17.943938,0,1,3
iisc_01,-5769,1000.000000,1,1,0
iisc_01,541,14.352980,0,1,3
iisc_01,676,13.480441,0,1,3
iisc_01,748,5.336302,0,1,3
iisc_01,961,16.127622,1,0,1
iisc_01,337,18.921568,0,1,3
iisc_01,528,13.092364,0,1,3
iisc_01,962,7.925801,0,1,3
iisc_01,835,14.002844,0,1,3
iisc_01,645,18.712100,0,1,3
iisc_01,-6662,1000.000000,1,1,0
iisc_01,635,15.059539,0,1,3
iisc_01,-5676,1000.000000,1,1,0
iisc_01,534,8.589119,0,1,3
iisc_01,490,9.131803,0,1,3
iisc_01,415,14.330278,0,1,3
iisc_01,-7463,1000.000000,1,1,0
iisc_01,513,13.373980,0,1,3
iisc_01,429,8.426839,0,1,3
iisc_01,487,11.090713,0,1,3
iisc_01,692,14.527009,0,1,3
iisc_01,426,11.200849,0,1,3
iisc_01,571,9.303435,0,1,3
iisc_01,552,13.153230,0,1,3
iisc_01,761,6.382871,0,1,3
iisc_01,1594,4.426085,0,1,3
iisc_01,952,13.440282,1,0,1
iisc_01,-5185,1000.000000,1,1,0
iisc_01,573,10.469135,0,1,3
iisc_01,689,10.871178,0,1,3
iisc_01,-5520,1000.000000,0,0,1
iisc_01,553,19.717686,0,1,3
iisc_01,-6385,1000.000000,1,1,0
iisc_01,-6204,1000.000000,0,0,1
iisc_01,381,9.765134,0,1,3
iisc_01,650,8.447797,0,1,3
iisc_01,950,7.068712,0,1,3
iisc_01,395,11.579882,0,1,3
iisc_01,713,7.953531,0,1,3
iisc_01,-6213,1000.000000,1,1,0
iisc_01,739,7.449950,0,1,3
iisc_01,799,4.963916,0,1,3
iisc_01,588,8.854825,0,1,3
iisc_01,1093,13.111651,0,1,3
iisc_02,704,7.279936,0,1,3
iisc_02,1152,11.705421,0,1,3
iisc_02,497,14.891475,0,1,3
iisc_02,490,18.691169,0,1,3
iisc_02,476,8.519166,0,1,3
iisc_02,950,16.100041,0,1,3
iisc_02,2284,13.636103,1,1,0
iisc_02,1101,17.863911,0,1,3
iisc_02,917,8.376851,0,1,3
iisc_02,765,19.487419,0,1,3
iisc_02,-5582,1000.000000,1,1,0
iisc_02,717,8.591061,0,1,3
iisc_02,130,1000.000000,0,0,1
iisc_02,835,10.213929,0,1,3
iisc_02,1195,13.209507,0,1,3
iisc_02,832,18.625761,0,1,3
iisc_02,729,16.754000,0,1,3
iisc_02,525,12.243943,0,1,3
iisc_02,658,12.298933,0,1,3
iisc_02,-6539,1000.000000,1,1,0
iisc_02,930,9.867668,0,1,3
iisc_02,521,9.668068,1,0,1
iisc_02,993,13.630999,0,1,3
iisc_02,1015,11.409281,0,1,3
iisc_02,650,7.050722,0,1,3
iisc_02,1712,6.300797,0,1,3
iisc_02,833,11.721736,0,1,3
iisc_02,722,6.239748,0,1,3
iisc_02,811,12.633414,0,1,3
iisc_02,762,14.897386,0,1,3
iisc_02,579,13.103332,0,1,3
iisc_02,-6169,1000.000000,1,1,0
iisc_02,342,13.528673,0,1,3
iisc_02,-6076,1000.000000,1,1,0
iisc_02,1420,4.084705,1,0,1
iisc_02,1127,15.676208,0,1,3
iisc_02,533,18.541436,0,1,3
iisc_02,509,6.299142,0,1,3
iisc_02,-5637,1000.000000,1,1,0
iisc_02,892,15.387025,0,1,3
iisc_02,1287,10.324826,0,1,3
iisc_02,820,11.400306,0,1,3
iisc_02,1104,5.601938,0,1,3
iisc_02,553,9.404057,0,1,3
iisc_02,741,9.013307,0,1,3
iisc_02,-6529,1000.000000,1,1,0
iisc_02,890,6.878994,0,1,3
iisc_02,1102,16.131181,0,1,3
iisc_02,1199,5.749911,1,0,1
iisc_02,1460,7.420837,0,1,3
iisc_02,1006,11.313206,0,1,3
iisc_02,2045,6.335500,0,0,2
iisc_02,1307,9.433792,0,1,3
iisc_02,1041,13.263831,0,1,3
iisc_02,1187,8.440103,1,0,1
iisc_02,886,5.827799,0,1,3
iisc_02,961,17.992937,0,1,3
iisc_02,924,14.433475,0,1,3
iisc_02,2305,5.991758,0,0,2
iisc_02,989,9.469854,0,1,3
iisc_02,1047,8.443954,0,1,3
iisc_02,934,10.917847,0,1,3
iisc_02,2163,13.396709,1,1,0
iisc_02,640,6.673977,0,1,3
iisc_02,3456,9.290892,1,1,0
iisc_02,703,16.618527,0,1,3
iisc_02,812,12.386796,0,1,3
iisc_02,898,8.033852,0,1,3
iisc_02,1386,5.774969,0,1,3
iisc_02,795,8.466264,0,1,3
iisc_02,987,7.893570,0,1,3
iisc_02,1182,15.869623,0,1,3
iisc_02,1130,13.606020,0,1,3
iisc_02,931,10.589419,0,1,3
iisc_02,792,15.461673,0,1,3
iisc_02,-7141,1000.000000,1,1,0
iisc_02,179,1000.000000,1,0,1
iisc_02,1031,13.132525,0,1,3
iisc_02,-5499,1000.000000,1,1,0
iisc_02,556,8.930508,0,1,3
iisc_02,890,9.931326,0,1,3
iisc_02,630,19.247865,0,1,3
iisc_02,264,12.278777,0,1,3
iisc_02,1176,8.223155,0,1,3
iisc_02,886,11.593384,0,1,3
iisc_02,1040,7.872794,0,1,3
iisc_02,1248,11.618088,1,0,1
iisc_02,1006,10.085767,0,1,3
iisc_02,582,10.011320,0,1,3
iisc_02,1123,8.430401,1,0,1
iisc_02,-330,1000.000000,0,0,1
iisc_02,720,8.429630,0,1,3
iisc_02,1061,6.207910,0,1,3
iisc_02,734,8.236177,0,1,3
iisc_02,869,12.372936,0,1,3
iisc_02,996,10.727369,0,1,3
iisc_02,1069,18.395918,1,0,1
iisc_02,622,12.804041,0,1,3
iisc_02,907,10.816836,0,1,3
iisc_02,1080,10.013795,0,1,3
iisc_02,1808,13.667690,0,1,3
iisc_02,839,12.943870,0,1,3
iisc_02,1102,11.506424,0,1,3
iisc_02,745,13.339257,1,0,1
iisc_02,1035,12.306892,0,1,3
iisc_02,584,3.621040,0,1,3
iisc_02,1139,12.600067,0,1,3
iisc_02,535,16.425645,0,1,3
iisc_02,2040,3.788972,0,0,2
iisc_02,668,13.474357,0,1,3
iisc_02,864,13.641740,0,1,3
iisc_02,489,12.844591,1,0,1
iisc_02,956,16.370735,1,0,1
iisc_02,529,15.086575,0,1,3
iisc_02,927,12.250690,0,1,3
iisc_02,726,5.934952,0,1,3
iisc_02,1086,9.442982,0,1,3
iisc_02,1082,9.816363,0,1,3
iisc_02,669,21.238821,1,0,1
iisc_02,-5431,1000.000000,1,1,0
iisc_02,-5913,1000.000000,1,1,0
iisc_02,1243,7.956344,0,1,3
iisc_02,380,17.543041,0,1,3
iisc_02,1037,8.345732,0,1,3
iisc_02,737,13.443666,0,1,3
iisc_02,-6790,1000.000000,1,1,0
iisc_02,438,14.836140,0,1,3
iisc_02,810,12.396687,0,1,3
iisc_02,537,9.273515,0,1,3
iisc_02,1581,11.595519,0,1,3
iisc_02,1105,7.444081,0,1,3
iisc_02,1351,17.014808,0,1,3
iisc_02,689,7.047327,1,0,1
iisc_02,1117,9.086782,0,1,3
iisc_02,714,8.447573,0,1,3
iisc_02,239,17.657606,0,1,3
iisc_02,556,10.030367,0,1,3
iisc_02,839,10.232610,0,1,3
iisc_02,1389,9.832117,0,1,3
iisc_02,415,12.367313,0,1,3
iisc_02,848,15.236664,0,1,3
iisc_02,-5832,1000.000000,1,1,0
iisc_02,2091,12.165396,0,0,2
iisc_02,1100,11.414061,0,1,3
iisc_02,750,10.640742,0,1,3
iisc_02,612,12.438315,0,1,3
iisc_02,-5233,1000.000000,1,1,0
iisc_02,990,14.789410,0,1,3
iisc_02,1016,8.345284,0,1,3
iisc_02,-5754,1000.000000,1,1,0
iisc_02,564,13.808009,0,1,3
iisc_02,1237,14.590299,0,1,3
iisc_02,-6387,1000.000000,1,1,0
iisc_02,836,9.333262,0,1,3
iisc_02,763,13.909550,0,1,3
iisc_02,834,14.971259,0,1,3
iisc_02,-5769,1000.000000,1,1,0
iisc_02,813,15.335076,0,1,3
iisc_02,758,13.683533,0,1,3
iisc_02,1144,7.011163,0,1,3
iisc_02,1179,14.532536,1,0,1
iisc_02,1101,10.140624,0,1,3
iisc_02,959,14.654461,0,1,3
iisc_02,584,7.171336,0,1,3
iisc_02,1286,12.952959,0,1,3
iisc_02,749,18.962060,0,1,3
iisc_02,-6662,1000.000000,1,1,0
iisc_02,986,13.485536,0,1,3
iisc_02,3558,5.876166,1,1,0
iisc_02,1027,9.541323,0,1,3
iisc_02,2091,5.385199,0,0,2
iisc_02,523,15.652385,0,1,3
iisc_02,-7463,1000.000000,1,1,0
iisc_02,815,13.422825,0,1,3
iisc_02,788,6.341474,0,1,3
iisc_02,1292,5.593150,0,1,3
iisc_02,768,15.019309,0,1,3
iisc_02,812,11.525590,0,1,3
iisc_02,342,9.146319,0,1,3
iisc_02,1318,15.316402,0,1,3
iisc_02,1390,8.721886,0,1,3
iisc_02,1663,4.557865,0,1,3
iisc_02,-5860,1000.000000,1,1,0
iisc_02,-5185,1000.000000,1,1,0
iisc_02,785,11.841082,0,1,3
iisc_02,806,9.947417,0,1,3
iisc_02,1651,7.587105,0,1,3
iisc_02,731,19.990530,0,1,3
iisc_02,-6385,1000.000000,1,1,0
iisc_02,186,1000.000000,0,0,1
iisc_02,557,4.959920,0,1,3
iisc_02,751,8.534071,0,1,3
iisc_02,1483,7.126770,0,1,3
iisc_02,604,11.321825,0,1,3
iisc_02,484,9.339710,0,1,3
iisc_02,1008,4.784738,1,0,1
iisc_02,1152,8.884881,0,1,3
iisc_02,1056,6.103311,0,1,3
iisc_02,1204,8.764827,0,1,3
iisc_02,613,12.648972,0,1,3
iisc_03,435,12.192665,0,1,3
iisc_03,640,12.583422,0,1,3
iisc_03,1048,14.550033,0,1,3
iisc_03,1380,11.454974,0,1,3
iisc_03,545,7.204217,0,1,3
iisc_03,537,15.859579,0,1,3
iisc_03,-5808,1000.000000,1,1,0
iisc_03,397,20.772179,0,1,3
iisc_03,459,13.635433,0,1,3
iisc_03,554,19.155739,0,1,3
iisc_03,-5582,1000.000000,1,1,0
iisc_03,574,10.160987,0,1,3
iisc_03,1054,14.562521,0,1,3
iisc_03,1087,11.498315,0,1,3
iisc_03,968,12.883091,0,1,3
iisc_03,445,18.181716,0,1,3
iisc_03,399,14.723475,0,1,3
iisc_03,443,12.477650,0,1,3
iisc_03,729,12.521159,0,1,3
iisc_03,-1195,1000.000000,1,0,1
iisc_03,638,9.316111,0,1,3
iisc_03,613,8.198543,1,0,1
iisc_03,916,13.727350,0,1,3
iisc_03,856,11.798507,0,1,3
iisc_03,704,6.270727,0,1,3
iisc_03,548,7.323109,0,1,3
iisc_03,575,10.447560,0,1,3
iisc_03,294,10.519302,0,1,3
iisc_03,782,12.429455,0,1,3
iisc_03,615,15.568627,0,1,3
iisc_03,547,12.956202,0,1,3
iisc_03,-1123,1000.000000,1,0,1
iisc_03,1284,8.798922,0,1,3
iisc_03,-6076,1000.000000,1,1,0
iisc_03,-5710,1000.000000,1,1,0
iisc_03,621,15.392476,0,1,3
iisc_03,479,17.755303,0,1,3
iisc_03,414,7.176618,0,1,3
iisc_03,985,17.569221,1,0,1
iisc_03,895,15.387025,0,1,3
iisc_03,715,10.252510,0,1,3
iisc_03,797,11.377941,0,1,3
iisc_03,-6408,1000.000000,0,0,1
iisc_03,365,10.173543,0,1,3
iisc_03,145,1000.000000,0,0,1
iisc_03,-6529,1000.000000,1,1,0
iisc_03,1044,7.501812,0,1,3
iisc_03,710,15.865926,0,1,3
iisc_03,475,6.531224,1,0,1
iisc_03,721,9.808225,0,1,3
iisc_03,1175,10.995573,0,1,3
iisc_03,1438,7.922841,0,1,3
iisc_03,621,8.671763,0,1,3
iisc_03,745,13.654131,0,1,3
iisc_03,650,6.628109,1,0,1
iisc_03,729,5.905760,0,1,3
iisc_03,668,17.618366,0,1,3
iisc_03,806,15.093562,0,1,3
iisc_03,719,15.714784,0,1,3
iisc_03,1223,9.666426,0,1,3
iisc_03,728,16.778748,0,1,3
iisc_03,708,9.726389,0,1,3
iisc_03,541,18.192504,1,0,1
iisc_03,193,1000.000000,0,0,1
iisc_03,-5747,1000.000000,1,1,0
iisc_03,397,16.716769,0,1,3
iisc_03,574,11.311003,0,1,3
iisc_03,424,12.037800,0,1,3
iisc_03,530,7.534045,0,1,3
iisc_03,685,8.742765,0,1,3
iisc_03,597,8.721819,0,1,3
iisc_03,652,15.384343,0,1,3
iisc_03,724,13.962315,0,1,3
iisc_03,944,10.643626,0,1,3
iisc_03,1020,14.204746,0,1,3
iisc_03,-7141,1000.000000,1,1,0
iisc_03,1108,4.841314,1,0,1
iisc_03,684,13.558735,0,1,3
iisc_03,-5499,1000.000000,1,1,0
iisc_03,716,8.833981,0,1,3
iisc_03,554,9.998236,0,1,3
iisc_03,440,19.738795,0,1,3
iisc_03,856,10.144363,0,1,3
iisc_03,671,10.204091,0,1,3
iisc_03,513,9.767393,0,1,3
iisc_03,638,7.036935,0,1,3
iisc_03,869,15.126951,1,0,1
iisc_03,1029,10.349181,0,1,3
iisc_03,890,10.763664,0,1,3
iisc_03,614,9.079154,1,0,1
iisc_03,1050,8.229043,0,1,3
iisc_03,480,15.343997,0,1,3
iisc_03,1586,6.722343,0,1,3
iisc_03,576,7.837448,0,1,3
iisc_03,832,12.177108,0,1,3
iisc_03,835,13.415936,0,1,3
iisc_03,568,16.951490,1,0,1
iisc_03,719,11.626479,0,1,3
iisc_03,716,12.300282,0,1,3
iisc_03,1435,10.359917,0,1,3
iisc_03,754,12.549707,0,1,3
iisc_03,1153,12.979463,0,1,3
iisc_03,652,10.197654,0,1,3
iisc_03,1659,7.674146,1,0,1
iisc_03,472,10.736661,0,1,3
iisc_03,730,4.341671,0,1,3
iisc_03,551,14.018676,0,1,3
iisc_03,768,15.983533,0,1,3
iisc_03,689,5.745265,0,1,3
iisc_03,575,14.971985,0,1,3
iisc_03,493,14.173022,0,1,3
iisc_03,968,11.320167,1,0,1
iisc_03,1444,16.618985,1,0,1
iisc_03,702,14.627707,0,1,3
iisc_03,657,11.380721,0,1,3
iisc_03,586,6.771168,0,1,3
iisc_03,1045,10.176515,0,1,3
iisc_03,920,10.720327,0,1,3
iisc_03,-5530,1000.000000,1,1,0
iisc_03,-5431,1000.000000,1,1,0
iisc_03,-5913,1000.000000,1,1,0
iisc_03,958,7.315531,0,1,3
iisc_03,145,1000.000000,0,0,1
iisc_03,802,9.143062,0,1,3
iisc_03,477,11.936033,0,1,3
iisc_03,-6790,1000.000000,1,1,0
iisc_03,711,14.609470,0,1,3
iisc_03,576,11.432462,0,1,3
iisc_03,441,9.309050,0,1,3
iisc_03,554,12.263835,0,1,3
iisc_03,475,14.960229,0,1,3
iisc_03,689,15.390369,0,1,3
iisc_03,512,7.634281,1,0,1
iisc_03,513,9.425882,0,1,3
iisc_03,567,11.818995,0,1,3
iisc_03,636,14.395391,0,1,3
iisc_03,718,11.194990,0,1,3
iisc_03,616,10.900121,0,1,3
iisc_03,715,12.117753,0,1,3
iisc_03,741,8.728101,0,1,3
iisc_03,389,12.212509,0,1,3
iisc_03,-5832,1000.000000,1,1,0
iisc_03,459,12.286164,0,1,3
iisc_03,523,12.977098,0,1,3
iisc_03,487,10.914339,0,1,3
iisc_03,483,12.774283,0,1,3
iisc_03,-5233,1000.000000,1,1,0
iisc_03,831,15.067166,0,1,3
iisc_03,444,12.975839,0,1,3
iisc_03,-5754,1000.000000,1,1,0
iisc_03,793,12.018406,0,1,3
iisc_03,519,17.443768,0,1,3
iisc_03,-6387,1000.000000,1,1,0
iisc_03,437,10.641807,0,1,3
iisc_03,763,13.909550,0,1,3
iisc_03,494,15.841064,0,1,3
iisc_03,-5769,1000.000000,1,1,0
iisc_03,851,15.218721,0,1,3
iisc_03,514,14.600841,0,1,3
iisc_03,1038,6.161391,0,1,3
iisc_03,472,15.814267,1,0,1
iisc_03,481,9.943791,0,1,3
iisc_03,898,14.500283,0,1,3
iisc_03,530,6.851181,0,1,3
iisc_03,500,13.416753,0,1,3
iisc_03,803,18.648625,0,1,3
iisc_03,-6662,1000.000000,1,1,0
iisc_03,833,15.141043,0,1,3
iisc_03,489,17.401153,1,0,1
iisc_03,580,7.607224,0,1,3
iisc_03,507,9.049643,0,1,3
iisc_03,572,15.870808,0,1,3
iisc_03,1010,9.438375,1,0,1
iisc_03,693,13.000037,0,1,3
iisc_03,1083,7.215686,0,1,3
iisc_03,521,11.360548,0,1,3
iisc_03,705,14.595089,0,1,3
iisc_03,316,10.611034,0,1,3
iisc_03,546,9.091878,0,1,3
iisc_03,504,14.901812,0,1,3
iisc_03,879,7.345094,0,1,3
iisc_03,1216,4.564658,0,1,3
iisc_03,-5860,1000.000000,1,1,0
iisc_03,402,16.771700,1,0,1
iisc_03,863,12.166186,0,1,3
iisc_03,390,10.988505,0,1,3
iisc_03,491,12.708373,0,1,3
iisc_03,710,20.012767,0,1,3
iisc_03,-6385,1000.000000,1,1,0
iisc_03,640,10.523217,0,1,3
iisc_03,866,4.088446,0,1,3
iisc_03,320,12.337393,0,1,3
iisc_03,1285,7.008140,0,1,3
iisc_03,693,9.816491,0,1,3
iisc_03,676,7.751494,0,1,3
iisc_03,498,8.679340,1,0,1
iisc_03,539,8.754107,0,1,3
iisc_03,708,4.657787,0,1,3
iisc_03,685,10.028678,0,1,3
iisc_03,-45,1000.000000,0,0,1
iisc_04,747,7.722166,0,1,3
iisc_04,757,13.737458,0,1,3
iisc_04,410,15.680316,0,1,3
iisc_04,899,9.965962,0,1,3
iisc_04,518,7.686761,0,1,3
iisc_04,1004,16.282626,0,1,3
iisc_04,-5808,1000.000000,1,1,0
iisc_04,816,16.588835,0,1,3
iisc_04,-1495,1000.000000,0,0,1
iisc_04,718,19.454527,0,1,3
iisc_04,-5582,1000.000000,1,1,0
iisc_04,787,8.741878,0,1,3
iisc_04,548,13.027241,0,1,3
iisc_04,888,10.578704,0,1,3
iisc_04,635,13.917405,0,1,3
iisc_04,705,17.880651,0,1,3
iisc_04,-6245,1000.000000,0,0,1
iisc_04,830,11.838134,0,1,3
iisc_04,940,12.072213,0,1,3
iisc_04,-6539,1000.000000,1,1,0
iisc_04,645,9.279000,0,1,3
iisc_04,1669,8.768235,1,0,1
iisc_04,964,13.666331,0,1,3
iisc_04,503,13.105385,0,1,3
iisc_04,1079,5.814145,0,1,3
iisc_04,793,7.504299,0,1,3
iisc_04,1500,13.308247,0,1,3
iisc_04,484,7.642575,0,1,3
iisc_04,638,11.660268,0,1,3
iisc_04,706,14.921050,0,1,3
iisc_04,522,12.762054,0,1,3
iisc_04,-6169,1000.000000,1,1,0
iisc_04,676,12.293542,0,1,3
iisc_04,-6076,1000.000000,1,1,0
iisc_04,-5710,1000.000000,1,1,0
iisc_04,1051,16.327710,0,1,3
iisc_04,718,18.243641,0,1,3
iisc_04,536,5.278787,0,1,3
iisc_04,1038,17.839252,1,0,1
iisc_04,516,16.353119,0,1,3
iisc_04,535,9.699368,0,1,3
iisc_04,650,14.301737,0,1,3
iisc_04,1109,5.601938,0,1,3
iisc_04,606,9.039448,0,1,3
iisc_04,584,10.438220,0,1,3
iisc_04,-6529,1000.000000,1,1,0
iisc_04,968,7.198171,0,1,3
iisc_04,-3864,1000.000000,0,0,1
iisc_04,-5735,1000.000000,1,1,0
iisc_04,490,10.637046,0,1,3
iisc_04,620,11.864536,0,1,3
iisc_04,1707,8.365681,0,1,3
iisc_04,548,9.651463,0,1,3
iisc_04,673,13.649574,0,1,3
iisc_04,735,6.912993,1,0,1
iisc_04,1227,4.811872,0,1,3
iisc_04,-1162,1000.000000,0,0,1
iisc_04,1876,11.370052,0,1,3
iisc_04,657,16.031406,0,1,3
iisc_04,837,8.233669,0,1,3
iisc_04,494,16.055385,0,1,3
iisc_04,606,10.915873,0,1,3
iisc_04,-5637,1000.000000,1,1,0
iisc_04,960,7.344840,0,1,3
iisc_04,-5747,1000.000000,1,1,0
iisc_04,888,15.504237,0,1,3
iisc_04,706,11.499542,0,1,3
iisc_04,614,12.384663,0,1,3
iisc_04,546,6.835043,0,1,3
iisc_04,726,8.784521,0,1,3
iisc_04,628,8.047926,0,1,3
iisc_04,787,15.451112,0,1,3
iisc_04,2641,14.306585,0,0,2
iisc_04,745,9.874768,0,1,3
iisc_04,490,15.138653,0,1,3
iisc_04,-7141,1000.000000,1,1,0
iisc_04,-6991,1000.000000,1,1,0
iisc_04,605,12.667184,0,1,3
iisc_04,-5499,1000.000000,1,1,0
iisc_04,710,8.817110,0,1,3
iisc_04,591,9.523373,0,1,3
iisc_04,-5060,1000.000000,0,0,1
iisc_04,356,11.089228,0,1,3
iisc_04,1026,10.973300,0,1,3
iisc_04,1175,9.116420,0,1,3
iisc_04,1074,7.858938,0,1,3
iisc_04,2430,8.746883,1,1,0
iisc_04,862,8.990411,0,1,3
iisc_04,927,10.577175,0,1,3
iisc_04,648,8.565042,1,0,1
iisc_04,-3907,1000.000000,0,0,1
iisc_04,1426,8.492195,0,1,3
iisc_04,1606,6.759683,0,1,3
iisc_04,534,8.184278,0,1,3
iisc_04,503,14.953119,0,1,3
iisc_04,3290,10.631788,0,0,2
iisc_04,-5900,1000.000000,1,1,0
iisc_04,649,12.237898,0,1,3
iisc_04,545,10.546264,0,1,3
iisc_04,856,10.724009,0,1,3
iisc_04,1331,13.930486,0,1,3
iisc_04,971,13.255525,0,1,3
iisc_04,664,10.132682,0,1,3
iisc_04,-5878,1000.000000,1,1,0
iisc_04,866,13.295097,0,1,3
iisc_04,1035,5.021600,0,1,3
iisc_04,575,14.321570,0,1,3
iisc_04,753,15.930468,0,1,3
iisc_04,2504,2.047345,0,0,2
iisc_04,783,13.419950,0,1,3
iisc_04,608,12.227123,0,1,3
iisc_04,1379,11.567023,1,0,1
iisc_04,-5446,1000.000000,1,1,0
iisc_04,833,14.817168,0,1,3
iisc_04,585,11.457415,0,1,3
iisc_04,794,5.960738,0,1,3
iisc_04,603,9.882522,0,1,3
iisc_04,933,10.793759,0,1,3
iisc_04,-5530,1000.000000,1,1,0
iisc_04,-5431,1000.000000,1,1,0
iisc_04,1024,7.914560,1,0,1
iisc_04,733,6.497771,0,1,3
iisc_04,781,9.306690,0,1,3
iisc_04,544,8.207790,0,1,3
iisc_04,666,13.179059,0,1,3
iisc_04,-6790,1000.000000,1,1,0
iisc_04,828,15.445036,0,1,3
iisc_04,1253,12.811839,0,1,3
iisc_04,814,8.158536,0,1,3
iisc_04,751,12.070232,0,1,3
iisc_04,723,16.319213,0,1,3
iisc_04,721,15.522215,0,1,3
iisc_04,-5355,1000.000000,1,1,0
iisc_04,913,8.530891,0,1,3
iisc_04,858,9.838489,0,1,3
iisc_04,570,14.034657,0,1,3
iisc_04,888,10.597916,0,1,3
iisc_04,499,10.148868,0,1,3
iisc_04,590,12.171006,0,1,3
iisc_04,534,11.513477,0,1,3
iisc_04,583,13.831328,0,1,3
iisc_04,-5832,1000.000000,1,1,0
iisc_04,589,13.159293,0,1,3
iisc_04,802,10.959665,0,1,3
iisc_04,1438,6.087632,0,1,3
iisc_04,717,10.471510,0,1,3
iisc_04,-5233,1000.000000,1,1,0
iisc_04,744,15.339323,0,1,3
iisc_04,1450,6.367459,0,1,3
iisc_04,-3234,1000.000000,1,0,1
iisc_04,739,12.083089,0,1,3
iisc_04,1380,15.572213,0,1,3
iisc_04,-6387,1000.000000,1,1,0
iisc_04,1104,11.003901,0,1,3
iisc_04,551,15.513973,0,1,3
iisc_04,1091,15.350661,0,1,3
iisc_04,-5769,1000.000000,1,1,0
iisc_04,520,14.721229,0,1,3
iisc_04,-5910,1000.000000,0,0,1
iisc_04,1606,4.998115,0,1,3
iisc_04,-5903,1000.000000,1,1,0
iisc_04,1068,10.715337,0,1,3
iisc_04,1486,13.073056,0,1,3
iisc_04,690,8.335317,0,1,3
iisc_04,876,14.072552,0,1,3
iisc_04,559,20.523080,0,1,3
iisc_04,-6662,1000.000000,1,1,0
iisc_04,675,14.846038,0,1,3
iisc_04,-5676,1000.000000,1,1,0
iisc_04,740,8.055238,0,1,3
iisc_04,447,9.580853,0,1,3
iisc_04,851,15.176890,0,1,3
iisc_04,-7463,1000.000000,1,1,0
iisc_04,805,13.558609,0,1,3
iisc_04,1609,7.296188,0,1,3
iisc_04,973,7.071922,0,1,3
iisc_04,778,15.082681,0,1,3
iisc_04,1099,12.268178,0,1,3
iisc_04,783,7.991239,0,1,3
iisc_04,703,14.488838,0,1,3
iisc_04,576,8.894719,0,1,3
iisc_04,1385,4.122206,0,1,3
iisc_04,-5860,1000.000000,1,1,0
iisc_04,1922,9.043598,1,0,1
iisc_04,1728,9.300793,0,1,3
iisc_04,536,10.343379,0,1,3
iisc_04,1071,10.278849,0,1,3
iisc_04,897,18.663935,0,1,3
iisc_04,-6385,1000.000000,1,1,0
iisc_04,1707,5.823961,0,1,3
iisc_04,1056,5.212354,0,1,3
iisc_04,947,8.706230,0,1,3
iisc_04,2094,7.093839,0,0,2
iisc_04,894,9.221769,0,1,3
iisc_04,630,8.099921,0,1,3
iisc_04,-6213,1000.000000,1,1,0
iisc_04,1164,8.842803,0,1,3
iisc_04,1143,5.719745,0,1,3
iisc_04,536,8.094680,0,1,3
iisc_04,516,12.687600,0,1,3
iisc_05,478,10.406597,0,1,3
iisc_05,359,14.136589,0,1,3
iisc_05,362,16.413244,0,1,3
iisc_05,604,16.932262,0,1,3
iisc_05,379,9.464868,0,1,3
iisc_05,510,15.705938,0,1,3
iisc_05,-5808,1000.000000,1,1,0
iisc_05,320,21.088640,0,1,3
iisc_05,765,7.116935,0,1,3
iisc_05,-1073,1000.000000,0,0,1
iisc_05,-5582,1000.000000,1,1,0
iisc_05,357,9.227606,0,1,3
iisc_05,351,14.734932,0,1,3
iisc_05,454,11.282639,0,1,3
iisc_05,376,13.783280,0,1,3
iisc_05,648,17.426588,0,1,3
iisc_05,441,14.484056,0,1,3
iisc_05,423,12.614128,0,1,3
iisc_05,1352,9.709789,0,1,3
iisc_05,-6539,1000.000000,1,1,0
iisc_05,563,9.519304,0,1,3
iisc_05,426,11.487129,1,0,1
iisc_05,604,12.583167,0,1,3
iisc_05,505,12.926806,0,1,3
iisc_05,544,7.759109,0,1,3
iisc_05,411,7.094342,0,1,3
iisc_05,672,10.569246,0,1,3
iisc_05,475,7.594309,0,1,3
iisc_05,424,10.106864,0,1,3
iisc_05,438,16.309963,0,1,3
iisc_05,395,12.079076,0,1,3
iisc_05,-6169,1000.000000,1,1,0
iisc_05,563,12.837589,0,1,3
iisc_05,-6076,1000.000000,1,1,0
iisc_05,-5710,1000.000000,1,1,0
iisc_05,379,17.879724,0,1,3
iisc_05,382,18.214299,0,1,3
iisc_05,486,6.682083,0,1,3
iisc_05,-381,1000.000000,1,0,1
iisc_05,609,16.217694,0,1,3
iisc_05,446,10.272985,0,1,3
iisc_05,581,14.349036,0,1,3
iisc_05,899,5.876461,0,1,3
iisc_05,436,9.595047,0,1,3
iisc_05,458,10.042177,0,1,3
iisc_05,2864,3.342592,1,1,0
iisc_05,386,10.594843,0,1,3
iisc_05,-4546,1000.000000,0,0,1
iisc_05,-5735,1000.000000,1,1,0
iisc_05,575,9.809196,0,1,3
iisc_05,727,12.488464,0,1,3
iisc_05,1087,8.754752,0,1,3
iisc_05,561,9.529629,0,1,3
iisc_05,389,15.069177,0,1,3
iisc_05,570,6.270223,1,0,1
iisc_05,644,6.235012,0,1,3
iisc_05,496,18.258406,0,1,3
iisc_05,1022,13.920948,0,1,3
iisc_05,441,16.158978,0,1,3
iisc_05,627,10.518488,0,1,3
iisc_05,377,15.250550,0,1,3
iisc_05,409,9.991008,0,1,3
iisc_05,2084,13.391804,1,1,0
iisc_05,475,10.256565,0,1,3
iisc_05,-5747,1000.000000,1,1,0
iisc_05,472,15.051488,0,1,3
iisc_05,1043,11.671452,0,1,3
iisc_05,503,12.294548,0,1,3
iisc_05,568,6.189281,0,1,3
iisc_05,537,9.051045,0,1,3
iisc_05,471,9.890471,0,1,3
iisc_05,371,16.773454,0,1,3
iisc_05,933,13.540926,0,1,3
iisc_05,545,10.144643,0,1,3
iisc_05,542,15.794366,0,1,3
iisc_05,-7141,1000.000000,1,1,0
iisc_05,338,12.514742,1,0,1
iisc_05,454,12.302916,0,1,3
iisc_05,-5499,1000.000000,1,1,0
iisc_05,614,9.234832,0,1,3
iisc_05,482,12.152669,0,1,3
iisc_05,585,18.740851,0,1,3
iisc_05,527,10.784779,0,1,3
iisc_05,404,8.682510,0,1,3
iisc_05,378,15.818788,0,1,3
iisc_05,796,6.925330,0,1,3
iisc_05,694,14.354799,1,0,1
iisc_05,630,15.042292,0,1,3
iisc_05,552,10.026855,0,1,3
iisc_05,406,8.707482,1,0,1
iisc_05,602,9.852733,0,1,3
iisc_05,883,10.210269,0,1,3
iisc_05,435,5.766652,0,1,3
iisc_05,614,7.457461,0,1,3
iisc_05,473,15.263210,0,1,3
iisc_05,466,17.703729,0,1,3
iisc_05,1244,17.246988,1,0,1
iisc_05,412,10.954040,0,1,3
iisc_05,449,11.224639,0,1,3
iisc_05,441,9.920659,0,1,3
iisc_05,339,14.398527,0,1,3
iisc_05,581,15.692040,0,1,3
iisc_05,664,10.132682,0,1,3
iisc_05,551,14.146303,1,0,1
iisc_05,410,10.841660,0,1,3
iisc_05,376,9.281054,0,1,3
iisc_05,354,14.732846,0,1,3
iisc_05,423,17.132670,0,1,3
iisc_05,482,6.041318,0,1,3
iisc_05,521,15.029318,0,1,3
iisc_05,710,12.371185,0,1,3
iisc_05,422,11.982271,1,0,1
iisc_05,403,17.158736,1,0,1
iisc_05,489,15.404571,0,1,3
iisc_05,434,13.854440,0,1,3
iisc_05,500,6.598521,0,1,3
iisc_05,405,11.085587,0,1,3
iisc_05,2286,3.627244,0,0,2
iisc_05,631,21.250823,1,0,1
iisc_05,-793,1000.000000,1,0,1
iisc_05,585,9.807644,1,0,1
iisc_05,672,6.402653,0,1,3
iisc_05,371,17.560716,0,1,3
iisc_05,319,15.929460,0,1,3
iisc_05,501,11.683132,0,1,3
iisc_05,-6790,1000.000000,1,1,0
iisc_05,670,14.454819,0,1,3
iisc_05,754,12.547976,0,1,3
iisc_05,324,9.883167,0,1,3
iisc_05,397,13.201937,0,1,3
iisc_05,562,15.858914,0,1,3
iisc_05,678,15.553169,0,1,3
iisc_05,489,7.815282,1,0,1
iisc_05,475,9.931786,0,1,3
iisc_05,695,8.625674,0,1,3
iisc_05,463,14.841001,0,1,3
iisc_05,395,12.237303,0,1,3
iisc_05,433,9.373625,0,1,3
iisc_05,530,11.311060,0,1,3
iisc_05,561,10.947836,0,1,3
iisc_05,560,13.582655,0,1,3
iisc_05,-5832,1000.000000,1,1,0
iisc_05,658,13.492298,0,1,3
iisc_05,376,15.640189,0,1,3
iisc_05,532,11.358015,0,1,3
iisc_05,550,12.414915,0,1,3
iisc_05,-5233,1000.000000,1,1,0
iisc_05,930,15.056235,0,1,3
iisc_05,2757,4.658593,0,0,2
iisc_05,-5754,1000.000000,1,1,0
iisc_05,359,16.429626,0,1,3
iisc_05,452,17.522077,0,1,3
iisc_05,-6387,1000.000000,1,1,0
iisc_05,420,10.555981,0,1,3
iisc_05,630,13.983279,0,1,3
iisc_05,447,16.461346,0,1,3
iisc_05,719,6.438126,1,0,1
iisc_05,500,14.604442,0,1,3
iisc_05,585,12.750836,0,1,3
iisc_05,824,5.346268,0,1,3
iisc_05,-5903,1000.000000,1,1,0
iisc_05,-6194,1000.000000,0,0,1
iisc_05,398,15.259140,0,1,3
iisc_05,669,8.320647,0,1,3
iisc_05,553,13.648797,0,1,3
iisc_05,1771,18.279383,0,1,3
iisc_05,-6662,1000.000000,1,1,0
iisc_05,422,16.347234,0,1,3
iisc_05,-5676,1000.000000,1,1,0
iisc_05,567,7.853606,0,1,3
iisc_05,444,9.580853,0,1,3
iisc_05,519,15.530357,0,1,3
iisc_05,-7463,1000.000000,1,1,0
iisc_05,482,13.363867,0,1,3
iisc_05,457,8.201679,0,1,3
iisc_05,427,10.718207,0,1,3
iisc_05,656,14.198637,0,1,3
iisc_05,471,11.621128,0,1,3
iisc_05,393,7.992385,0,1,3
iisc_05,815,14.464000,0,1,3
iisc_05,1554,9.588527,0,1,3
iisc_05,1114,4.355025,0,1,3
iisc_05,-5860,1000.000000,1,1,0
iisc_05,655,9.533367,1,0,1
iisc_05,495,10.365883,0,1,3
iisc_05,606,10.963252,0,1,3
iisc_05,1119,10.407553,0,1,3
iisc_05,685,20.009214,0,1,3
iisc_05,2426,1.777551,1,1,0
iisc_05,663,10.435264,0,1,3
iisc_05,386,9.568679,0,1,3
iisc_05,458,10.306065,0,1,3
iisc_05,764,6.737121,0,1,3
iisc_05,535,11.710741,0,1,3
iisc_05,514,9.209034,0,1,3
iisc_05,-6213,1000.000000,1,1,0
iisc_05,568,8.137350,0,1,3
iisc_05,505,5.424669,0,1,3
iisc_05,687,10.028678,0,1,3
iisc_05,642,12.671602,0,1,3
iisc_06,714,7.377346,0,1,3
iisc_06,669,12.768735,0,1,3
iisc_06,515,14.887812,0,1,3
iisc_06,1013,11.010132,0,1,3
iisc_06,563,6.937697,0,1,3
iisc_06,692,17.438861,0,1,3
iisc_06,-5808,1000.000000,1,1,0
iisc_06,954,17.407285,0,1,3
iisc_06,452,13.635433,0,1,3
iisc_06,563,19.265846,0,1,3
iisc_06,-5582,1000.000000,1,1,0
iisc_06,682,8.551343,0,1,3
iisc_06,436,13.713220,0,1,3
iisc_06,357,11.834471,0,1,3
iisc_06,649,13.971116,0,1,3
iisc_06,435,18.181134,0,1,3
iisc_06,562,15.376620,0,1,3
iisc_06,431,12.549204,0,1,3
iisc_06,564,10.715149,0,1,3
iisc_06,-6539,1000.000000,1,1,0
iisc_06,452,11.624125,0,1,3
iisc_06,386,11.969150,1,0,1
iisc_06,480,14.397373,0,1,3
iisc_06,591,10.934503,0,1,3
iisc_06,420,7.468612,0,1,3
iisc_06,767,7.525887,0,1,3
iisc_06,804,11.450294,0,1,3
iisc_06,511,7.500343,0,1,3
iisc_06,564,11.242534,0,1,3
iisc_06,739,14.966398,0,1,3
iisc_06,671,12.027122,0,1,3
iisc_06,-6169,1000.000000,1,1,0
iisc_06,869,10.092312,0,1,3
iisc_06,-6076,1000.000000,1,1,0
iisc_06,589,5.704424,1,0,1
iisc_06,712,15.608968,0,1,3
iisc_06,500,18.097493,0,1,3
iisc_06,409,7.176618,0,1,3
iisc_06,752,18.404840,1,0,1
iisc_06,613,16.203227,0,1,3
iisc_06,600,9.688737,0,1,3
iisc_06,817,11.400306,0,1,3
iisc_06,970,5.621358,0,1,3
iisc_06,652,8.535204,0,1,3
iisc_06,413,9.744497,0,1,3
iisc_06,-6529,1000.000000,1,1,0
iisc_06,402,10.489230,0,1,3
iisc_06,413,17.177033,0,1,3
iisc_06,-5735,1000.000000,1,1,0
iisc_06,539,10.036384,0,1,3
iisc_06,592,11.758380,0,1,3
iisc_06,630,7.963140,0,1,3
iisc_06,1001,9.009478,0,1,3
iisc_06,403,15.146734,0,1,3
iisc_06,2599,7.983709,1,1,0
iisc_06,631,6.527324,0,1,3
iisc_06,720,17.798143,0,1,3
iisc_06,814,15.188304,0,1,3
iisc_06,595,16.805337,0,1,3
iisc_06,490,10.738755,0,1,3
iisc_06,397,15.116957,0,1,3
iisc_06,438,10.263797,0,1,3
iisc_06,1986,13.751942,1,0,1
iisc_06,426,11.732586,0,1,3
iisc_06,-3207,1000.000000,1,0,1
iisc_06,537,16.289540,0,1,3
iisc_06,746,12.010068,0,1,3
iisc_06,367,11.905977,0,1,3
iisc_06,380,9.174305,0,1,3
iisc_06,404,10.916988,0,1,3
iisc_06,565,9.431937,0,1,3
iisc_06,505,15.221900,0,1,3
iisc_06,423,15.123582,0,1,3
iisc_06,495,10.478052,0,1,3
iisc_06,432,13.947082,0,1,3
iisc_06,-7141,1000.000000,1,1,0
iisc_06,245,11.449448,1,0,1
iisc_06,679,13.558735,0,1,3
iisc_06,-5499,1000.000000,1,1,0
iisc_06,452,8.725873,0,1,3
iisc_06,548,9.998236,0,1,3
iisc_06,461,19.109228,0,1,3
iisc_06,579,10.593046,0,1,3
iisc_06,757,10.918882,0,1,3
iisc_06,586,10.438053,0,1,3
iisc_06,515,7.011080,0,1,3
iisc_06,395,14.926139,1,0,1
iisc_06,910,9.234176,0,1,3
iisc_06,677,10.079449,0,1,3
iisc_06,526,9.379160,1,0,1
iisc_06,448,9.820461,0,1,3
iisc_06,646,9.360186,0,1,3
iisc_06,436,5.766652,0,1,3
iisc_06,999,7.551051,0,1,3
iisc_06,608,12.418388,0,1,3
iisc_06,713,16.612521,0,1,3
iisc_06,-5900,1000.000000,1,1,0
iisc_06,551,12.915102,0,1,3
iisc_06,570,10.876731,0,1,3
iisc_06,476,10.151792,0,1,3
iisc_06,653,12.358741,0,1,3
iisc_06,1025,13.124742,0,1,3
iisc_06,464,13.116158,0,1,3
iisc_06,-5878,1000.000000,1,1,0
iisc_06,583,11.528357,0,1,3
iisc_06,671,3.721925,0,1,3
iisc_06,897,12.866811,0,1,3
iisc_06,542,16.050549,0,1,3
iisc_06,1055,4.731216,0,1,3
iisc_06,564,15.023170,0,1,3
iisc_06,561,12.258237,0,1,3
iisc_06,611,12.019105,1,0,1
iisc_06,464,17.526683,1,0,1
iisc_06,522,15.256763,0,1,3
iisc_06,655,11.380721,0,1,3
iisc_06,700,5.895147,0,1,3
iisc_06,810,11.103904,0,1,3
iisc_06,-6261,1000.000000,0,0,1
iisc_06,-5530,1000.000000,1,1,0
iisc_06,-5431,1000.000000,1,1,0
iisc_06,600,9.888911,1,0,1
iisc_06,761,6.618330,0,1,3
iisc_06,773,9.506035,0,1,3
iisc_06,487,8.359216,0,1,3
iisc_06,631,12.715131,0,1,3
iisc_06,-6790,1000.000000,1,1,0
iisc_06,721,14.658527,0,1,3
iisc_06,530,12.102985,0,1,3
iisc_06,638,8.904753,0,1,3
iisc_06,506,12.399701,0,1,3
iisc_06,681,16.262678,0,1,3
iisc_06,975,16.718854,0,1,3
iisc_06,-5355,1000.000000,1,1,0
iisc_06,398,10.849551,0,1,3
iisc_06,915,9.510173,0,1,3
iisc_06,877,15.451833,0,1,3
iisc_06,564,10.156289,0,1,3
iisc_06,559,11.182948,0,1,3
iisc_06,366,12.812497,0,1,3
iisc_06,578,10.729796,0,1,3
iisc_06,497,12.621037,0,1,3
iisc_06,-5832,1000.000000,1,1,0
iisc_06,493,12.569698,0,1,3
iisc_06,482,13.509519,0,1,3
iisc_06,485,10.914339,0,1,3
iisc_06,767,9.451630,0,1,3
iisc_06,-5233,1000.000000,1,1,0
iisc_06,800,15.062593,0,1,3
iisc_06,663,7.162624,0,1,3
iisc_06,1071,7.148774,1,0,1
iisc_06,542,14.385924,0,1,3
iisc_06,488,17.611171,0,1,3
iisc_06,-6387,1000.000000,1,1,0
iisc_06,512,11.408662,0,1,3
iisc_06,480,15.448248,0,1,3
iisc_06,483,16.109607,0,1,3
iisc_06,-5769,1000.000000,1,1,0
iisc_06,390,14.642635,0,1,3
iisc_06,588,12.750836,0,1,3
iisc_06,735,5.249669,0,1,3
iisc_06,-2071,1000.000000,1,0,1
iisc_06,878,11.529430,0,1,3
iisc_06,500,13.008249,0,1,3
iisc_06,-956,1000.000000,0,0,1
iisc_06,-577,1000.000000,0,0,1
iisc_06,791,18.762945,0,1,3
iisc_06,-6662,1000.000000,1,1,0
iisc_06,536,15.628802,0,1,3
iisc_06,997,15.847466,1,0,1
iisc_06,586,7.607224,0,1,3
iisc_06,584,8.301485,0,1,3
iisc_06,431,14.144636,0,1,3
iisc_06,-1482,1000.000000,1,0,1
iisc_06,459,13.655232,0,1,3
iisc_06,605,6.145060,0,1,3
iisc_06,488,11.164218,0,1,3
iisc_06,-418,1000.000000,0,0,1
iisc_06,554,11.939182,0,1,3
iisc_06,896,7.973177,0,1,3
iisc_06,557,13.153230,0,1,3
iisc_06,754,6.460684,0,1,3
iisc_06,-9486,1000.000000,0,0,1
iisc_06,-5860,1000.000000,1,1,0
iisc_06,-5185,1000.000000,1,1,0
iisc_06,436,11.083009,0,1,3
iisc_06,478,9.168216,0,1,3
iisc_06,1454,8.193559,0,1,3
iisc_06,454,18.524135,0,1,3
iisc_06,-6385,1000.000000,1,1,0
iisc_06,805,11.481316,0,1,3
iisc_06,514,6.514293,0,1,3
iisc_06,488,9.834597,0,1,3
iisc_06,741,6.608613,0,1,3
iisc_06,627,10.841617,0,1,3
iisc_06,-2003,1000.000000,0,0,1
iisc_06,513,8.376763,1,0,1
iisc_06,531,8.989423,0,1,3
iisc_06,499,5.620112,0,1,3
iisc_06,783,10.056131,0,1,3
iisc_06,440,12.802645,0,1,3
iisc_07,1041,8.158882,0,1,3
iisc_07,1013,13.286398,0,1,3
iisc_07,770,14.570585,0,1,3
iisc_07,730,12.298453,0,1,3
iisc_07,1146,6.922794,0,1,3
iisc_07,653,17.340551,0,1,3
iisc_07,-5808,1000.000000,1,1,0
iisc_07,800,16.574053,0,1,3
iisc_07,780,7.509915,0,1,3
iisc_07,572,19.265846,0,1,3
iisc_07,-5582,1000.000000,1,1,0
iisc_07,667,8.779011,0,1,3
iisc_07,670,13.432078,0,1,3
iisc_07,769,10.251091,0,1,3
iisc_07,972,12.984996,0,1,3
iisc_07,758,18.243674,0,1,3
iisc_07,708,16.540662,0,1,3
iisc_07,699,11.656223,0,1,3
iisc_07,3085,4.559523,0,0,2
iisc_07,-6539,1000.000000,1,1,0
iisc_07,770,9.643996,0,1,3
iisc_07,1313,9.024742,1,0,1
iisc_07,806,13.576883,0,1,3
iisc_07,726,11.234218,0,1,3
iisc_07,891,5.768063,0,1,3
iisc_07,878,6.941821,0,1,3
iisc_07,811,11.535918,0,1,3
iisc_07,438,7.400102,0,1,3
iisc_07,701,11.867196,0,1,3
iisc_07,426,16.005431,0,1,3
iisc_07,923,7.233115,0,1,3
iisc_07,-6169,1000.000000,1,1,0
iisc_07,1645,8.247375,0,1,3
iisc_07,-6076,1000.000000,1,1,0
iisc_07,-5710,1000.000000,1,1,0
iisc_07,647,15.435396,0,1,3
iisc_07,295,17.325215,0,1,3
iisc_07,789,3.514531,0,1,3
iisc_07,-5637,1000.000000,1,1,0
iisc_07,311,14.632137,0,1,3
iisc_07,562,9.715270,0,1,3
iisc_07,1156,11.541462,0,1,3
iisc_07,678,7.006727,0,1,3
iisc_07,592,9.091341,0,1,3
iisc_07,583,10.438220,0,1,3
iisc_07,-6529,1000.000000,1,1,0
iisc_07,903,6.912496,0,1,3
iisc_07,459,16.174337,0,1,3
iisc_07,-5735,1000.000000,1,1,0
iisc_07,526,10.405450,0,1,3
iisc_07,1099,11.111285,0,1,3
iisc_07,1089,8.754752,0,1,3
iisc_07,652,8.881573,0,1,3
iisc_07,569,13.551719,0,1,3
iisc_07,-5605,1000.000000,1,1,0
iisc_07,634,6.366663,0,1,3
iisc_07,1112,18.395672,0,1,3
iisc_07,840,15.176057,0,1,3
iisc_07,1118,15.755393,0,1,3
iisc_07,1127,9.320757,0,1,3
iisc_07,1021,9.714575,0,1,3
iisc_07,945,10.857508,0,1,3
iisc_07,-5637,1000.000000,1,1,0
iisc_07,430,11.543847,0,1,3
iisc_07,-5747,1000.000000,1,1,0
iisc_07,839,15.644587,0,1,3
iisc_07,423,11.849149,0,1,3
iisc_07,766,10.075476,0,1,3
iisc_07,839,5.595637,0,1,3
iisc_07,1073,8.772865,0,1,3
iisc_07,544,9.745393,0,1,3
iisc_07,539,15.199974,0,1,3
iisc_07,797,14.046669,0,1,3
iisc_07,712,9.760873,0,1,3
iisc_07,926,15.292631,0,1,3
iisc_07,-7141,1000.000000,1,1,0
iisc_07,719,5.712916,1,0,1
iisc_07,578,12.299055,0,1,3
iisc_07,-5499,1000.000000,1,1,0
iisc_07,492,8.933182,0,1,3
iisc_07,500,11.510844,0,1,3
iisc_07,877,18.691308,0,1,3
iisc_07,644,9.839447,0,1,3
iisc_07,780,11.048937,0,1,3
iisc_07,876,11.731377,0,1,3
iisc_07,874,6.977615,0,1,3
iisc_07,677,14.193445,1,0,1
iisc_07,1308,11.198021,0,1,3
iisc_07,545,10.026855,0,1,3
iisc_07,-6495,1000.000000,1,1,0
iisc_07,1007,8.480664,0,1,3
iisc_07,822,9.993453,0,1,3
iisc_07,746,5.706218,0,1,3
iisc_07,909,7.533797,0,1,3
iisc_07,793,12.026077,0,1,3
iisc_07,1305,11.365883,0,1,3
iisc_07,-5900,1000.000000,1,1,0
iisc_07,946,11.822061,0,1,3
iisc_07,738,12.409944,0,1,3
iisc_07,703,9.331969,0,1,3
iisc_07,1106,13.822778,0,1,3
iisc_07,758,12.912748,0,1,3
iisc_07,416,13.828591,0,1,3
iisc_07,-5878,1000.000000,1,1,0
iisc_07,656,11.889185,0,1,3
iisc_07,492,6.191925,0,1,3
iisc_07,916,12.689869,0,1,3
iisc_07,397,16.787827,0,1,3
iisc_07,704,5.714871,0,1,3
iisc_07,783,13.419950,0,1,3
iisc_07,857,13.641740,0,1,3
iisc_07,575,11.854635,1,0,1
iisc_07,1471,16.360721,1,0,1
iisc_07,721,14.764520,0,1,3
iisc_07,813,12.171095,0,1,3
iisc_07,1485,7.024215,0,1,3
iisc_07,758,10.897340,0,1,3
iisc_07,645,8.547081,0,1,3
iisc_07,-5530,1000.000000,1,1,0
iisc_07,-5431,1000.000000,1,1,0
iisc_07,-5913,1000.000000,1,1,0
iisc_07,732,6.497771,0,1,3
iisc_07,1153,10.409172,0,1,3
iisc_07,890,8.706748,0,1,3
iisc_07,1180,12.227695,0,1,3
iisc_07,-6790,1000.000000,1,1,0
iisc_07,1030,15.789870,0,1,3
iisc_07,1028,12.084329,0,1,3
iisc_07,566,9.483336,0,1,3
iisc_07,485,12.510090,0,1,3
iisc_07,972,11.311486,0,1,3
iisc_07,1354,17.014808,0,1,3
iisc_07,398,9.171714,1,0,1
iisc_07,778,8.359443,0,1,3
iisc_07,920,9.379186,0,1,3
iisc_07,959,15.759181,0,1,3
iisc_07,526,9.709210,0,1,3
iisc_07,864,10.108986,0,1,3
iisc_07,830,11.131446,0,1,3
iisc_07,549,11.349602,0,1,3
iisc_07,547,13.287416,0,1,3
iisc_07,-5832,1000.000000,1,1,0
iisc_07,851,15.174310,0,1,3
iisc_07,796,10.959665,0,1,3
iisc_07,775,10.933348,0,1,3
iisc_07,757,9.590904,0,1,3
iisc_07,-5233,1000.000000,1,1,0
iisc_07,-229,1000.000000,0,0,1
iisc_07,857,8.470599,0,1,3
iisc_07,-5754,1000.000000,1,1,0
iisc_07,434,15.975828,0,1,3
iisc_07,3458,11.741175,0,0,2
iisc_07,-6387,1000.000000,1,1,0
iisc_07,545,11.247706,0,1,3
iisc_07,1410,14.007590,0,1,3
iisc_07,1009,15.050674,0,1,3
iisc_07,-5769,1000.000000,1,1,0
iisc_07,1062,14.262382,0,1,3
iisc_07,-5910,1000.000000,0,0,1
iisc_07,810,5.396033,0,1,3
iisc_07,-5903,1000.000000,1,1,0
iisc_07,1288,8.698587,0,1,3
iisc_07,926,14.580133,0,1,3
iisc_07,521,6.942233,0,1,3
iisc_07,1050,13.369037,0,1,3
iisc_07,2332,17.596357,0,0,2
iisc_07,-6662,1000.000000,1,1,0
iisc_07,499,16.298333,0,1,3
iisc_07,483,17.407406,1,0,1
iisc_07,431,9.488403,0,1,3
iisc_07,502,9.049643,0,1,3
iisc_07,823,15.250936,0,1,3
iisc_07,-7463,1000.000000,1,1,0
iisc_07,901,12.850199,0,1,3
iisc_07,904,6.696559,0,1,3
iisc_07,417,10.678977,0,1,3
iisc_07,355,16.070006,0,1,3
iisc_07,402,11.098844,0,1,3
iisc_07,757,7.877433,0,1,3
iisc_07,496,15.109181,0,1,3
iisc_07,585,8.819695,0,1,3
iisc_07,2141,2.444395,0,0,2
iisc_07,-5860,1000.000000,1,1,0
iisc_07,-5185,1000.000000,1,1,0
iisc_07,753,11.517787,0,1,3
iisc_07,733,10.826131,0,1,3
iisc_07,-5520,1000.000000,0,0,1
iisc_07,794,20.025224,0,1,3
iisc_07,-6385,1000.000000,1,1,0
iisc_07,1292,6.768958,0,1,3
iisc_07,881,4.136523,0,1,3
iisc_07,715,8.506543,0,1,3
iisc_07,968,7.099640,0,1,3
iisc_07,613,11.075383,0,1,3
iisc_07,664,7.826241,0,1,3
iisc_07,-6213,1000.000000,1,1,0
iisc_07,602,7.640697,0,1,3
iisc_07,685,4.767043,0,1,3
iisc_07,648,9.737273,0,1,3
iisc_07,701,12.642613,0,1,3
iisc_08,742,7.601113,0,1,3
iisc_08,618,12.498260,0,1,3
iisc_08,1000,14.379261,0,1,3
iisc_08,687,13.851150,0,1,3
iisc_08,427,9.073466,0,1,3
iisc_08,479,16.383902,0,1,3
iisc_08,-5808,1000.000000,1,1,0
iisc_08,295,21.396628,0,1,3
iisc_08,574,9.813252,0,1,3
iisc_08,733,19.466990,0,1,3
iisc_08,-5582,1000.000000,1,1,0
iisc_08,709,8.591061,0,1,3
iisc_08,688,13.509274,0,1,3
iisc_08,682,10.308169,0,1,3
iisc_08,595,13.541378,0,1,3
iisc_08,705,17.880651,0,1,3
iisc_08,802,17.435561,0,1,3
iisc_08,363,14.268608,0,1,3
iisc_08,1311,9.546051,0,1,3
iisc_08,-6539,1000.000000,1,1,0
iisc_08,506,11.288361,0,1,3
iisc_08,-5903,1000.000000,1,1,0
iisc_08,415,14.284970,0,1,3
iisc_08,454,12.967312,0,1,3
iisc_08,536,7.716960,0,1,3
iisc_08,620,7.631421,0,1,3
iisc_08,1091,12.282278,0,1,3
iisc_08,477,7.594309,0,1,3
iisc_08,899,13.068818,0,1,3
iisc_08,693,14.899804,0,1,3
iisc_08,480,12.509228,0,1,3
iisc_08,-6169,1000.000000,1,1,0
iisc_08,590,12.899370,0,1,3
iisc_08,-3213,1000.000000,1,0,1
iisc_08,533,5.712331,1,0,1
iisc_08,395,17.410640,0,1,3
iisc_08,597,18.444873,0,1,3
iisc_08,416,7.176471,0,1,3
iisc_08,-5637,1000.000000,1,1,0
iisc_08,467,15.699851,0,1,3
iisc_08,439,10.413046,0,1,3
iisc_08,915,11.838790,0,1,3
iisc_08,1027,5.852887,0,1,3
iisc_08,443,9.642622,0,1,3
iisc_08,533,10.178968,0,1,3
iisc_08,-6529,1000.000000,1,1,0
iisc_08,1095,7.580225,0,1,3
iisc_08,605,15.558663,0,1,3
iisc_08,-5735,1000.000000,1,1,0
iisc_08,559,9.741452,0,1,3
iisc_08,693,12.293582,0,1,3
iisc_08,558,9.999000,0,1,3
iisc_08,591,9.077976,0,1,3
iisc_08,715,13.685493,0,1,3
iisc_08,1560,8.759247,1,0,1
iisc_08,592,7.096133,0,1,3
iisc_08,622,17.111551,0,1,3
iisc_08,2097,11.560380,0,0,2
iisc_08,505,16.821214,0,1,3
iisc_08,701,10.173018,0,1,3
iisc_08,-7578,1000.000000,0,0,1
iisc_08,757,10.212149,0,1,3
iisc_08,-3092,1000.000000,1,0,1
iisc_08,485,9.885410,0,1,3
iisc_08,-5747,1000.000000,1,1,0
iisc_08,441,15.700805,0,1,3
iisc_08,771,12.242983,0,1,3
iisc_08,283,11.836298,0,1,3
iisc_08,589,5.698832,0,1,3
iisc_08,310,11.887457,0,1,3
iisc_08,526,9.910380,0,1,3
iisc_08,416,15.262039,0,1,3
iisc_08,3313,11.494284,0,0,2
iisc_08,667,10.113590,0,1,3
iisc_08,615,15.170448,0,1,3
iisc_08,-7141,1000.000000,1,1,0
iisc_08,-6991,1000.000000,1,1,0
iisc_08,742,13.686040,0,1,3
iisc_08,-5499,1000.000000,1,1,0
iisc_08,566,9.003935,0,1,3
iisc_08,1085,10.454728,0,1,3
iisc_08,416,20.233292,0,1,3
iisc_08,665,9.743673,0,1,3
iisc_08,553,9.631040,0,1,3
iisc_08,729,11.928952,0,1,3
iisc_08,1260,7.122989,0,1,3
iisc_08,-5450,1000.000000,1,1,0
iisc_08,827,9.042139,0,1,3
iisc_08,807,10.127686,0,1,3
iisc_08,669,8.552231,1,0,1
iisc_08,824,7.458351,0,1,3
iisc_08,799,9.450797,0,1,3
iisc_08,1279,6.079631,0,1,3
iisc_08,1108,8.046228,0,1,3
iisc_08,595,12.708842,0,1,3
iisc_08,848,13.119532,0,1,3
iisc_08,-5900,1000.000000,1,1,0
iisc_08,618,12.804041,0,1,3
iisc_08,567,10.876731,0,1,3
iisc_08,895,10.827524,0,1,3
iisc_08,802,12.597962,0,1,3
iisc_08,671,15.363037,0,1,3
iisc_08,544,12.790135,0,1,3
iisc_08,-5878,1000.000000,1,1,0
iisc_08,519,11.290261,0,1,3
iisc_08,513,5.487306,0,1,3
iisc_08,774,13.804888,0,1,3
iisc_08,742,15.871672,0,1,3
iisc_08,-7259,1000.000000,0,0,1
iisc_08,453,15.563583,0,1,3
iisc_08,468,14.507815,0,1,3
iisc_08,-2279,1000.000000,1,0,1
iisc_08,-5446,1000.000000,1,1,0
iisc_08,534,14.874532,0,1,3
iisc_08,725,11.622126,0,1,3
iisc_08,539,6.679176,0,1,3
iisc_08,479,10.823627,0,1,3
iisc_08,826,10.150193,0,1,3
iisc_08,629,21.259388,1,0,1
iisc_08,-571,1000.000000,1,0,1
iisc_08,581,9.807644,1,0,1
iisc_08,929,7.307149,0,1,3
iisc_08,458,17.146192,0,1,3
iisc_08,408,10.702786,0,1,3
iisc_08,420,11.610420,0,1,3
iisc_08,-6790,1000.000000,1,1,0
iisc_08,490,14.379803,0,1,3
iisc_08,574,11.643692,0,1,3
iisc_08,847,8.053296,0,1,3
iisc_08,430,12.716129,0,1,3
iisc_08,558,15.858914,0,1,3
iisc_08,1142,16.093432,0,1,3
iisc_08,-5355,1000.000000,1,1,0
iisc_08,1268,9.435817,0,1,3
iisc_08,486,15.202213,0,1,3
iisc_08,478,14.326437,0,1,3
iisc_08,415,12.333669,0,1,3
iisc_08,532,10.781651,0,1,3
iisc_08,669,12.060996,0,1,3
iisc_08,551,11.161252,0,1,3
iisc_08,556,13.442488,0,1,3
iisc_08,-5832,1000.000000,1,1,0
iisc_08,849,15.174310,0,1,3
iisc_08,519,12.977098,0,1,3
iisc_08,587,11.256556,0,1,3
iisc_08,603,12.416406,0,1,3
iisc_08,-5233,1000.000000,1,1,0
iisc_08,709,14.987991,0,1,3
iisc_08,762,8.017224,0,1,3
iisc_08,-5754,1000.000000,1,1,0
iisc_08,363,16.409099,0,1,3
iisc_08,627,16.933648,0,1,3
iisc_08,-6387,1000.000000,1,1,0
iisc_08,495,11.613634,0,1,3
iisc_08,416,14.561141,0,1,3
iisc_08,490,16.109607,0,1,3
iisc_08,-5769,1000.000000,1,1,0
iisc_08,797,15.338196,0,1,3
iisc_08,472,15.035723,0,1,3
iisc_08,884,5.012689,0,1,3
iisc_08,902,16.354662,1,0,1
iisc_08,-2138,1000.000000,0,0,1
iisc_08,755,13.563147,0,1,3
iisc_08,1015,8.358292,0,1,3
iisc_08,863,14.034102,0,1,3
iisc_08,658,18.695672,0,1,3
iisc_08,-6662,1000.000000,1,1,0
iisc_08,427,16.306531,0,1,3
iisc_08,3432,5.669027,1,1,0
iisc_08,740,8.055238,0,1,3
iisc_08,871,6.392000,0,1,3
iisc_08,458,14.452406,0,1,3
iisc_08,-7463,1000.000000,1,1,0
iisc_08,461,13.655232,0,1,3
iisc_08,554,6.671631,0,1,3
iisc_08,459,10.946832,0,1,3
iisc_08,393,15.254572,0,1,3
iisc_08,585,11.941722,0,1,3
iisc_08,460,7.360471,0,1,3
iisc_08,689,14.429413,0,1,3
iisc_08,1130,8.240517,0,1,3
iisc_08,1512,4.373978,0,1,3
iisc_08,-5860,1000.000000,1,1,0
iisc_08,-5185,1000.000000,1,1,0
iisc_08,558,10.421977,0,1,3
iisc_08,471,9.168216,0,1,3
iisc_08,746,9.220731,0,1,3
iisc_08,747,20.029313,0,1,3
iisc_08,-6385,1000.000000,1,1,0
iisc_08,-6204,1000.000000,0,0,1
iisc_08,584,4.441471,0,1,3
iisc_08,608,8.496713,0,1,3
iisc_08,1290,7.024895,0,1,3
iisc_08,615,11.075383,0,1,3
iisc_08,636,7.997350,0,1,3
iisc_08,-6213,1000.000000,1,1,0
iisc_08,1427,9.011038,0,1,3
iisc_08,658,4.761333,0,1,3
iisc_08,633,9.618603,0,1,3
iisc_08,365,14.692383,0,1,3
