SID,RTms,corti_avg_dist,SAME_SPEAKER,RESPONSE,LABEL
CMU_13,780,0.204198,0,1,3
CMU_13,489,0.230793,0,1,3
CMU_13,288,0.217712,0,1,3
CMU_13,548,0.203937,0,1,3
CMU_13,325,0.167818,0,1,3
CMU_13,437,0.349931,0,1,3
CMU_13,-5808,1000.000000,1,1,0
CMU_13,360,0.320101,0,1,3
CMU_13,776,0.056658,0,1,3
CMU_13,612,0.191381,0,1,3
CMU_13,-5582,1000.000000,1,1,0
CMU_13,-70,1000.000000,0,0,1
CMU_13,339,0.222507,0,1,3
CMU_13,536,0.177544,0,1,3
CMU_13,442,0.266627,0,1,3
CMU_13,534,0.367157,0,1,3
CMU_13,582,0.322386,0,1,3
CMU_13,458,0.219204,0,1,3
CMU_13,663,0.204756,0,1,3
CMU_13,-6539,1000.000000,1,1,0
CMU_13,532,0.244059,0,1,3
CMU_13,-5903,1000.000000,1,1,0
CMU_13,353,0.393933,0,1,3
CMU_13,359,0.220807,0,1,3
CMU_13,375,0.077720,0,1,3
CMU_13,629,0.131298,0,1,3
CMU_13,778,0.157266,0,1,3
CMU_13,205,1000.000000,0,0,1
CMU_13,653,0.253565,0,1,3
CMU_13,396,0.217627,0,1,3
CMU_13,376,0.124359,0,1,3
CMU_13,-6169,1000.000000,1,1,0
CMU_13,648,0.235003,0,1,3
CMU_13,-6076,1000.000000,1,1,0
CMU_13,685,0.066439,1,0,1
CMU_13,334,0.299277,0,1,3
CMU_13,826,0.212966,0,1,3
CMU_13,321,0.088210,0,1,3
CMU_13,81,1000.000000,1,0,1
CMU_13,364,0.236955,0,1,3
CMU_13,444,0.232323,0,1,3
CMU_13,378,0.228337,0,1,3
CMU_13,221,1000.000000,0,0,1
CMU_13,285,0.157203,0,1,3
CMU_13,645,0.149834,0,1,3
CMU_13,-6529,1000.000000,1,1,0
CMU_13,482,0.114007,0,1,3
CMU_13,442,0.322131,0,1,3
CMU_13,-4485,1000.000000,1,0,1
CMU_13,299,0.174329,0,1,3
CMU_13,266,0.254523,0,1,3
CMU_13,1120,0.057918,0,1,3
CMU_13,391,0.102339,0,1,3
CMU_13,423,0.195748,0,1,3
CMU_13,546,0.143461,1,0,1
CMU_13,609,0.071971,0,1,3
CMU_13,682,0.359024,0,1,3
CMU_13,400,0.290502,0,1,3
CMU_13,500,0.212695,0,1,3
CMU_13,406,0.219829,0,1,3
CMU_13,471,0.150243,0,1,3
CMU_13,627,0.098007,0,1,3
CMU_13,-5637,1000.000000,1,1,0
CMU_13,427,0.318761,0,1,3
CMU_13,-5747,1000.000000,1,1,0
CMU_13,566,0.081091,0,1,3
CMU_13,609,0.182554,0,1,3
CMU_13,322,0.096952,0,1,3
CMU_13,325,0.081011,0,1,3
CMU_13,283,0.200141,0,1,3
CMU_13,380,0.075302,0,1,3
CMU_13,365,0.224788,0,1,3
CMU_13,737,0.175377,0,1,3
CMU_13,549,0.184661,0,1,3
CMU_13,466,0.181403,0,1,3
CMU_13,-7141,1000.000000,1,1,0
CMU_13,373,0.183394,1,0,1
CMU_13,446,0.179469,0,1,3
CMU_13,-5499,1000.000000,1,1,0
CMU_13,613,0.118365,0,1,3
CMU_13,297,0.181246,0,1,3
CMU_13,326,0.278170,0,1,3
CMU_13,293,0.159091,0,1,3
CMU_13,484,0.245365,0,1,3
CMU_13,540,0.231423,0,1,3
CMU_13,343,0.157576,0,1,3
CMU_13,265,0.273362,1,0,1
CMU_13,644,0.147635,0,1,3
CMU_13,655,0.110039,0,1,3
CMU_13,-126,1000.000000,1,0,1
CMU_13,373,0.153724,0,1,3
CMU_13,813,0.097350,0,1,3
CMU_13,402,0.160678,0,1,3
CMU_13,222,1000.000000,0,0,1
CMU_13,371,0.270257,0,1,3
CMU_13,643,0.153923,0,1,3
CMU_13,485,0.229418,1,0,1
CMU_13,339,0.118888,0,1,3
CMU_13,446,0.158889,0,1,3
CMU_13,415,0.083655,0,1,3
CMU_13,368,0.117422,0,1,3
CMU_13,595,0.225574,0,1,3
CMU_13,345,0.080117,0,1,3
CMU_13,-5878,1000.000000,1,1,0
CMU_13,784,0.321471,0,1,3
CMU_13,381,0.332050,0,1,3
CMU_13,139,1000.000000,0,0,1
CMU_13,836,0.154262,0,1,3
CMU_13,374,0.098657,0,1,3
CMU_13,380,0.087757,0,1,3
CMU_13,591,0.136589,0,1,3
CMU_13,287,0.191277,1,0,1
CMU_13,472,0.409735,1,0,1
CMU_13,648,0.189220,0,1,3
CMU_13,726,0.197223,0,1,3
CMU_13,617,0.132467,0,1,3
CMU_13,258,0.136833,0,1,3
CMU_13,696,0.089966,0,1,3
CMU_13,313,0.101254,1,0,1
CMU_13,-5431,1000.000000,1,1,0
CMU_13,557,0.193837,1,0,1
CMU_13,553,0.120145,0,1,3
CMU_13,428,0.200100,0,1,3
CMU_13,424,0.283526,0,1,3
CMU_13,560,0.197544,0,1,3
CMU_13,2814,0.118623,1,1,0
CMU_13,361,0.245748,0,1,3
CMU_13,401,0.112686,0,1,3
CMU_13,462,0.192046,0,1,3
CMU_13,498,0.176981,0,1,3
CMU_13,266,0.085374,0,1,3
CMU_13,675,0.122486,0,1,3
CMU_13,179,1000.000000,1,0,1
CMU_13,495,0.212383,0,1,3
CMU_13,678,0.054188,0,1,3
CMU_13,476,0.319924,0,1,3
CMU_13,424,0.308130,0,1,3
CMU_13,255,0.103269,0,1,3
CMU_13,636,0.107682,0,1,3
CMU_13,376,0.085506,0,1,3
CMU_13,416,0.263329,0,1,3
CMU_13,-5832,1000.000000,1,1,0
CMU_13,719,0.306695,0,1,3
CMU_13,539,0.093696,0,1,3
CMU_13,746,0.217205,0,1,3
CMU_13,334,0.224236,0,1,3
CMU_13,-5233,1000.000000,1,1,0
CMU_13,634,0.215095,0,1,3
CMU_13,429,0.124199,0,1,3
CMU_13,-5754,1000.000000,1,1,0
CMU_13,432,0.276905,0,1,3
CMU_13,592,0.375954,0,1,3
CMU_13,100,1000.000000,1,0,1
CMU_13,433,0.218015,0,1,3
CMU_13,86,1000.000000,0,0,1
CMU_13,422,0.446849,0,1,3
CMU_13,-5769,1000.000000,1,1,0
CMU_13,375,0.205987,0,1,3
CMU_13,413,0.182200,0,1,3
CMU_13,516,0.098568,0,1,3
CMU_13,-5903,1000.000000,1,1,0
CMU_13,-2683,1000.000000,0,0,1
CMU_13,398,0.272685,0,1,3
CMU_13,-1172,1000.000000,0,0,1
CMU_13,545,0.080550,0,1,3
CMU_13,427,0.229536,0,1,3
CMU_13,-6662,1000.000000,1,1,0
CMU_13,407,0.250097,0,1,3
CMU_13,1610,0.143304,1,0,1
CMU_13,365,0.104807,0,1,3
CMU_13,570,0.113628,0,1,3
CMU_13,373,0.149638,0,1,3
CMU_13,-7463,1000.000000,1,1,0
CMU_13,491,0.154433,0,1,3
CMU_13,403,0.275077,0,1,3
CMU_13,238,0.086613,0,1,3
CMU_13,563,0.358153,0,1,3
CMU_13,58,1000.000000,0,0,1
CMU_13,242,0.103449,0,1,3
CMU_13,582,0.392584,0,1,3
CMU_13,429,0.241061,0,1,3
CMU_13,1537,0.139217,0,1,3
CMU_13,-5860,1000.000000,1,1,0
CMU_13,-5185,1000.000000,1,1,0
CMU_13,361,0.202048,0,1,3
CMU_13,468,0.077160,0,1,3
CMU_13,972,0.183362,0,1,3
CMU_13,420,0.115790,0,1,3
CMU_13,-6385,1000.000000,1,1,0
CMU_13,248,0.166354,0,1,3
CMU_13,316,0.340889,0,1,3
CMU_13,324,0.170680,0,1,3
CMU_13,747,0.127094,0,1,3
CMU_13,767,0.200826,0,1,3
CMU_13,426,0.252443,0,1,3
CMU_13,431,0.104745,1,0,1
CMU_13,328,0.132328,0,1,3
CMU_13,452,0.136274,0,1,3
CMU_13,609,0.171828,0,1,3
CMU_13,345,0.201565,0,1,3
CMU-14,697,0.218331,0,1,3
CMU-14,950,0.234306,0,1,3
CMU-14,511,0.183187,0,1,3
CMU-14,906,0.157955,0,1,3
CMU-14,530,0.132494,0,1,3
CMU-14,518,0.316473,0,1,3
CMU-14,-5808,1000.000000,1,1,0
CMU-14,711,0.234046,0,1,3
CMU-14,679,0.054075,0,1,3
CMU-14,959,0.211239,0,1,3
CMU-14,-5582,1000.000000,1,1,0
CMU-14,549,0.144761,0,1,3
CMU-14,859,0.255885,0,1,3
CMU-14,1205,0.160982,0,1,3
CMU-14,900,0.275996,0,1,3
CMU-14,694,0.375560,0,1,3
CMU-14,714,0.326047,0,1,3
CMU-14,595,0.189268,0,1,3
CMU-14,924,0.197516,0,1,3
CMU-14,-6539,1000.000000,1,1,0
CMU-14,663,0.213573,0,1,3
CMU-14,-5903,1000.000000,1,1,0
CMU-14,511,0.394924,0,1,3
CMU-14,1019,0.183570,0,1,3
CMU-14,741,0.175594,0,1,3
CMU-14,847,0.118982,0,1,3
CMU-14,925,0.176844,0,1,3
CMU-14,470,0.252170,0,1,3
CMU-14,673,0.253608,0,1,3
CMU-14,747,0.304736,0,1,3
CMU-14,503,0.138658,0,1,3
CMU-14,-6169,1000.000000,1,1,0
CMU-14,624,0.239713,0,1,3
CMU-14,-6076,1000.000000,1,1,0
CMU-14,1756,0.037119,1,0,1
CMU-14,692,0.312837,0,1,3
CMU-14,723,0.221962,0,1,3
CMU-14,758,0.126539,0,1,3
CMU-14,-5637,1000.000000,1,1,0
CMU-14,699,0.238555,0,1,3
CMU-14,939,0.239706,0,1,3
CMU-14,936,0.189942,0,1,3
CMU-14,1106,0.201203,0,1,3
CMU-14,75,1000.000000,0,0,1
CMU-14,553,0.137762,0,1,3
CMU-14,-6529,1000.000000,1,1,0
CMU-14,734,0.088929,0,1,3
CMU-14,1280,0.308144,0,1,3
CMU-14,-5735,1000.000000,1,1,0
CMU-14,1159,0.144251,0,1,3
CMU-14,425,0.342638,0,1,3
CMU-14,831,0.058067,0,1,3
CMU-14,567,0.162221,0,1,3
CMU-14,500,0.186437,0,1,3
CMU-14,356,0.110482,1,0,1
CMU-14,1098,0.062456,0,1,3
CMU-14,383,0.408215,0,1,3
CMU-14,674,0.328552,0,1,3
CMU-14,750,0.224830,0,1,3
CMU-14,687,0.249867,0,1,3
CMU-14,483,0.153208,0,1,3
CMU-14,428,0.086477,0,1,3
CMU-14,-5637,1000.000000,1,1,0
CMU-14,-4602,1000.000000,0,0,1
CMU-14,-5747,1000.000000,1,1,0
CMU-14,823,0.092397,0,1,3
CMU-14,930,0.193822,0,1,3
CMU-14,354,0.104492,0,1,3
CMU-14,465,0.098864,0,1,3
CMU-14,546,0.133992,0,1,3
CMU-14,400,0.084678,0,1,3
CMU-14,722,0.151175,0,1,3
CMU-14,527,0.161148,0,1,3
CMU-14,652,0.170227,0,1,3
CMU-14,476,0.181615,0,1,3
CMU-14,-7141,1000.000000,1,1,0
CMU-14,-6991,1000.000000,1,1,0
CMU-14,764,0.201745,0,1,3
CMU-14,-5499,1000.000000,1,1,0
CMU-14,582,0.112428,0,1,3
CMU-14,743,0.088116,0,1,3
CMU-14,591,0.264348,0,1,3
CMU-14,536,0.212137,0,1,3
CMU-14,580,0.229805,0,1,3
CMU-14,738,0.190518,0,1,3
CMU-14,800,0.119670,0,1,3
CMU-14,1033,0.361505,1,0,1
CMU-14,857,0.119358,0,1,3
CMU-14,1105,0.128781,0,1,3
CMU-14,-6495,1000.000000,1,1,0
CMU-14,672,0.243510,0,1,3
CMU-14,1116,0.112209,0,1,3
CMU-14,1021,0.172851,0,1,3
CMU-14,1218,0.160017,0,1,3
CMU-14,669,0.208473,0,1,3
CMU-14,591,0.146698,0,1,3
CMU-14,695,0.190801,1,0,1
CMU-14,710,0.181904,0,1,3
CMU-14,570,0.160566,0,1,3
CMU-14,788,0.087175,0,1,3
CMU-14,950,0.064992,0,1,3
CMU-14,713,0.206500,0,1,3
CMU-14,-5274,1000.000000,0,0,1
CMU-14,1643,0.215940,1,0,1
CMU-14,1145,0.302509,0,1,3
CMU-14,649,0.232981,0,1,3
CMU-14,1648,0.072246,0,1,3
CMU-14,632,0.169052,0,1,3
CMU-14,2667,0.068934,0,0,2
CMU-14,697,0.183130,0,1,3
CMU-14,694,0.124302,0,1,3
CMU-14,1034,0.202063,1,0,1
CMU-14,712,0.354945,1,0,1
CMU-14,667,0.185715,0,1,3
CMU-14,533,0.245664,0,1,3
CMU-14,707,0.134274,0,1,3
CMU-14,799,0.179128,0,1,3
CMU-14,704,0.089897,0,1,3
CMU-14,-5530,1000.000000,1,1,0
CMU-14,-5431,1000.000000,1,1,0
CMU-14,1109,0.185266,1,0,1
CMU-14,789,0.106154,0,1,3
CMU-14,587,0.179152,0,1,3
CMU-14,803,0.191799,0,1,3
CMU-14,610,0.196900,0,1,3
CMU-14,-6790,1000.000000,1,1,0
CMU-14,1076,0.281382,0,1,3
CMU-14,656,0.188641,0,1,3
CMU-14,1198,0.226181,0,1,3
CMU-14,464,0.190372,0,1,3
CMU-14,737,0.172276,0,1,3
CMU-14,968,0.150828,0,1,3
CMU-14,-5355,1000.000000,1,1,0
CMU-14,651,0.169594,0,1,3
CMU-14,322,0.051906,0,1,3
CMU-14,664,0.284302,0,1,3
CMU-14,1089,0.216709,0,1,3
CMU-14,407,0.130126,0,1,3
CMU-14,749,0.117596,0,1,3
CMU-14,675,0.149605,0,1,3
CMU-14,843,0.227541,0,1,3
CMU-14,-5832,1000.000000,1,1,0
CMU-14,745,0.308374,0,1,3
CMU-14,660,0.076596,0,1,3
CMU-14,704,0.217152,0,1,3
CMU-14,469,0.257921,0,1,3
CMU-14,-5233,1000.000000,1,1,0
CMU-14,729,0.224219,0,1,3
CMU-14,997,0.180716,0,1,3
CMU-14,-5754,1000.000000,1,1,0
CMU-14,598,0.238276,0,1,3
CMU-14,715,0.365095,0,1,3
CMU-14,-6387,1000.000000,1,1,0
CMU-14,772,0.240745,0,1,3
CMU-14,511,0.218578,0,1,3
CMU-14,993,0.416199,0,1,3
CMU-14,-5769,1000.000000,1,1,0
CMU-14,660,0.191282,0,1,3
CMU-14,727,0.164827,0,1,3
CMU-14,1038,0.077168,0,1,3
CMU-14,-5903,1000.000000,1,1,0
CMU-14,1129,0.156547,0,1,3
CMU-14,899,0.276772,0,1,3
CMU-14,1089,0.073847,0,1,3
CMU-14,774,0.076410,0,1,3
CMU-14,668,0.313020,0,1,3
CMU-14,-6662,1000.000000,1,1,0
CMU-14,403,0.249672,0,1,3
CMU-14,755,0.172234,1,0,1
CMU-14,289,0.092084,0,1,3
CMU-14,726,0.097533,0,1,3
CMU-14,766,0.197517,0,1,3
CMU-14,-7463,1000.000000,1,1,0
CMU-14,745,0.175909,0,1,3
CMU-14,1068,0.148283,0,1,3
CMU-14,518,0.117649,0,1,3
CMU-14,1313,0.314065,0,1,3
CMU-14,639,0.205479,0,1,3
CMU-14,527,0.117288,0,1,3
CMU-14,476,0.428289,0,1,3
CMU-14,663,0.259665,0,1,3
CMU-14,859,0.123368,0,1,3
CMU-14,-5860,1000.000000,1,1,0
CMU-14,-5185,1000.000000,1,1,0
CMU-14,1225,0.219516,0,1,3
CMU-14,738,0.106970,0,1,3
CMU-14,628,0.226980,0,1,3
CMU-14,489,0.129772,0,1,3
CMU-14,-6385,1000.000000,1,1,0
CMU-14,958,0.231914,0,1,3
CMU-14,838,0.203834,0,1,3
CMU-14,690,0.093701,0,1,3
CMU-14,842,0.118129,0,1,3
CMU-14,717,0.203733,0,1,3
CMU-14,810,0.194694,0,1,3
CMU-14,-6213,1000.000000,1,1,0
CMU-14,693,0.078753,0,1,3
CMU-14,1002,0.113306,0,1,3
CMU-14,573,0.172457,0,1,3
CMU-14,636,0.155109,0,1,3
cmu_15,606,0.255868,0,1,3
cmu_15,520,0.228906,0,1,3
cmu_15,234,0.193836,0,1,3
cmu_15,696,0.193833,0,1,3
cmu_15,553,0.128832,0,1,3
cmu_15,817,0.280828,0,1,3
cmu_15,-5808,1000.000000,1,1,0
cmu_15,532,0.280358,0,1,3
cmu_15,2489,0.067912,0,0,2
cmu_15,719,0.208890,0,1,3
cmu_15,-5582,1000.000000,1,1,0
cmu_15,931,0.182198,0,1,3
cmu_15,571,0.237721,0,1,3
cmu_15,799,0.156735,0,1,3
cmu_15,882,0.277422,0,1,3
cmu_15,524,0.364675,0,1,3
cmu_15,-484,1000.000000,0,0,1
cmu_15,654,0.186091,0,1,3
cmu_15,-6271,1000.000000,0,0,1
cmu_15,-6539,1000.000000,1,1,0
cmu_15,527,0.247728,0,1,3
cmu_15,34,1000.000000,1,0,1
cmu_15,376,0.404667,0,1,3
cmu_15,469,0.204301,0,1,3
cmu_15,-5074,1000.000000,0,0,1
cmu_15,857,0.118183,0,1,3
cmu_15,814,0.160961,0,1,3
cmu_15,214,1000.000000,0,0,1
cmu_15,711,0.251532,0,1,3
cmu_15,746,0.304736,0,1,3
cmu_15,292,0.107085,0,1,3
cmu_15,-6169,1000.000000,1,1,0
cmu_15,1900,0.142641,0,1,3
cmu_15,-6076,1000.000000,1,1,0
cmu_15,-5710,1000.000000,1,1,0
cmu_15,987,0.339982,0,1,3
cmu_15,665,0.221804,0,1,3
cmu_15,916,0.136456,0,1,3
cmu_15,-5637,1000.000000,1,1,0
cmu_15,742,0.237602,0,1,3
cmu_15,937,0.239706,0,1,3
cmu_15,318,0.190267,0,1,3
cmu_15,-6408,1000.000000,0,0,1
cmu_15,616,0.209855,0,1,3
cmu_15,370,0.065152,0,1,3
cmu_15,-6529,1000.000000,1,1,0
cmu_15,75,1000.000000,0,0,1
cmu_15,609,0.290624,0,1,3
cmu_15,-5735,1000.000000,1,1,0
cmu_15,610,0.158475,0,1,3
cmu_15,266,0.254523,0,1,3
cmu_15,4672,0.068904,0,0,2
cmu_15,1022,0.162032,0,1,3
cmu_15,1425,0.158393,0,1,3
cmu_15,345,0.109133,1,0,1
cmu_15,1040,0.060433,0,1,3
cmu_15,-1197,1000.000000,0,0,1
cmu_15,932,0.347236,0,1,3
cmu_15,746,0.224688,0,1,3
cmu_15,834,0.255631,0,1,3
cmu_15,836,0.195154,0,1,3
cmu_15,475,0.088106,0,1,3
cmu_15,-5637,1000.000000,1,1,0
cmu_15,673,0.215790,0,1,3
cmu_15,-5747,1000.000000,1,1,0
cmu_15,940,0.085745,0,1,3
cmu_15,658,0.180556,0,1,3
cmu_15,879,0.128236,0,1,3
cmu_15,652,0.101862,0,1,3
cmu_15,400,0.165364,0,1,3
cmu_15,856,0.105637,0,1,3
cmu_15,714,0.151175,0,1,3
cmu_15,622,0.155741,0,1,3
cmu_15,699,0.164388,0,1,3
cmu_15,3016,0.194482,0,0,2
cmu_15,-7141,1000.000000,1,1,0
cmu_15,190,1000.000000,1,0,1
cmu_15,779,0.203070,0,1,3
cmu_15,-5499,1000.000000,1,1,0
cmu_15,677,0.122968,0,1,3
cmu_15,686,0.092444,0,1,3
cmu_15,394,0.312316,0,1,3
cmu_15,1715,0.140918,0,1,3
cmu_15,454,0.249417,0,1,3
cmu_15,210,1000.000000,0,0,1
cmu_15,1093,0.129853,0,1,3
cmu_15,184,1000.000000,1,0,1
cmu_15,607,0.150122,0,1,3
cmu_15,1197,0.139659,0,1,3
cmu_15,410,0.131542,1,0,1
cmu_15,608,0.235634,0,1,3
cmu_15,974,0.102899,0,1,3
cmu_15,1352,0.147927,0,1,3
cmu_15,635,0.164985,0,1,3
cmu_15,946,0.172291,0,1,3
cmu_15,889,0.152190,0,1,3
cmu_15,-5900,1000.000000,1,1,0
cmu_15,372,0.123543,0,1,3
cmu_15,1031,0.165995,0,1,3
cmu_15,1062,0.102769,0,1,3
cmu_15,-6419,1000.000000,0,0,1
cmu_15,1913,0.128414,0,1,3
cmu_15,867,0.092861,0,1,3
cmu_15,-5878,1000.000000,1,1,0
cmu_15,2226,0.235124,0,0,2
cmu_15,883,0.199067,0,1,3
cmu_15,1885,0.062722,0,1,3
cmu_15,835,0.154262,0,1,3
cmu_15,889,0.070209,0,1,3
cmu_15,916,0.160170,0,1,3
cmu_15,1177,0.149225,0,1,3
cmu_15,-4560,1000.000000,1,0,1
cmu_15,390,0.402655,1,0,1
cmu_15,751,0.183310,0,1,3
cmu_15,400,0.302249,0,1,3
cmu_15,1546,0.131737,0,1,3
cmu_15,109,1000.000000,0,0,1
cmu_15,1521,0.090582,0,1,3
cmu_15,-5530,1000.000000,1,1,0
cmu_15,-5431,1000.000000,1,1,0
cmu_15,618,0.190313,1,0,1
cmu_15,710,0.105452,0,1,3
cmu_15,1046,0.136797,0,1,3
cmu_15,1216,0.145993,0,1,3
cmu_15,957,0.208701,0,1,3
cmu_15,-6790,1000.000000,1,1,0
cmu_15,383,0.257058,0,1,3
cmu_15,1434,0.202493,0,1,3
cmu_15,400,0.212259,0,1,3
cmu_15,609,0.148050,0,1,3
cmu_15,790,0.172125,0,1,3
cmu_15,-4694,1000.000000,0,0,1
cmu_15,-5355,1000.000000,1,1,0
cmu_15,1978,0.124076,0,1,3
cmu_15,3024,0.066378,0,0,2
cmu_15,61,1000.000000,0,0,1
cmu_15,746,0.242709,0,1,3
cmu_15,452,0.123797,0,1,3
cmu_15,609,0.101601,0,1,3
cmu_15,437,0.126585,0,1,3
cmu_15,1160,0.242270,0,1,3
cmu_15,-5832,1000.000000,1,1,0
cmu_15,619,0.309853,0,1,3
cmu_15,408,0.114275,0,1,3
cmu_15,821,0.217992,0,1,3
cmu_15,743,0.233320,0,1,3
cmu_15,-5233,1000.000000,1,1,0
cmu_15,3380,0.221155,0,0,2
cmu_15,935,0.174321,0,1,3
cmu_15,-5754,1000.000000,1,1,0
cmu_15,799,0.197103,0,1,3
cmu_15,-6357,1000.000000,0,0,1
cmu_15,-6387,1000.000000,1,1,0
cmu_15,464,0.224791,0,1,3
cmu_15,473,0.206941,0,1,3
cmu_15,901,0.418983,0,1,3
cmu_15,1964,0.053389,1,0,1
cmu_15,1386,0.190976,0,1,3
cmu_15,1183,0.165765,0,1,3
cmu_15,1104,0.077332,0,1,3
cmu_15,-5903,1000.000000,1,1,0
cmu_15,2410,0.069153,0,0,2
cmu_15,1025,0.285111,0,1,3
cmu_15,951,0.073533,0,1,3
cmu_15,928,0.092785,0,1,3
cmu_15,890,0.269570,0,1,3
cmu_15,-6662,1000.000000,1,1,0
cmu_15,319,0.219509,0,1,3
cmu_15,-5676,1000.000000,1,1,0
cmu_15,602,0.133826,0,1,3
cmu_15,734,0.096233,0,1,3
cmu_15,947,0.193592,0,1,3
cmu_15,-7463,1000.000000,1,1,0
cmu_15,-4055,1000.000000,0,0,1
cmu_15,2454,0.156439,0,0,2
cmu_15,620,0.124412,0,1,3
cmu_15,1162,0.325828,0,1,3
cmu_15,938,0.213031,0,1,3
cmu_15,773,0.156366,0,1,3
cmu_15,-2518,1000.000000,0,0,1
cmu_15,591,0.257741,0,1,3
cmu_15,2041,0.132895,0,0,2
cmu_15,-5860,1000.000000,1,1,0
cmu_15,-5185,1000.000000,1,1,0
cmu_15,699,0.176581,0,1,3
cmu_15,583,0.084545,0,1,3
cmu_15,2180,0.155596,0,0,2
cmu_15,735,0.178742,0,1,3
cmu_15,-6385,1000.000000,1,1,0
cmu_15,-6204,1000.000000,0,0,1
cmu_15,1200,0.187907,0,1,3
cmu_15,713,0.091236,0,1,3
cmu_15,723,0.128903,0,1,3
cmu_15,743,0.202579,0,1,3
cmu_15,573,0.224957,0,1,3
cmu_15,869,0.128099,1,0,1
cmu_15,974,0.072379,0,1,3
cmu_15,979,0.111882,0,1,3
cmu_15,832,0.188094,0,1,3
cmu_15,1017,0.179295,0,1,3
CMU_16,1019,0.193806,0,1,3
CMU_16,524,0.228906,0,1,3
CMU_16,484,0.193991,0,1,3
CMU_16,598,0.200849,0,1,3
CMU_16,401,0.152970,0,1,3
CMU_16,401,0.356705,0,1,3
CMU_16,-5808,1000.000000,1,1,0
CMU_16,387,0.317949,0,1,3
CMU_16,1774,0.051983,0,1,3
CMU_16,548,0.172647,0,1,3
CMU_16,-5582,1000.000000,1,1,0
CMU_16,618,0.173315,0,1,3
CMU_16,494,0.262121,0,1,3
CMU_16,379,0.208145,0,1,3
CMU_16,666,0.284550,0,1,3
CMU_16,618,0.391834,0,1,3
CMU_16,686,0.326964,0,1,3
CMU_16,427,0.228478,0,1,3
CMU_16,434,0.304476,0,1,3
CMU_16,-6539,1000.000000,1,1,0
CMU_16,611,0.225613,0,1,3
CMU_16,502,0.109913,1,0,1
CMU_16,496,0.404159,0,1,3
CMU_16,918,0.177353,0,1,3
CMU_16,664,0.178421,0,1,3
CMU_16,484,0.096905,0,1,3
CMU_16,597,0.172522,0,1,3
CMU_16,38,1000.000000,0,0,1
CMU_16,706,0.251532,0,1,3
CMU_16,443,0.240995,0,1,3
CMU_16,378,0.124359,0,1,3
CMU_16,-6169,1000.000000,1,1,0
CMU_16,656,0.232981,0,1,3
CMU_16,-6076,1000.000000,1,1,0
CMU_16,484,0.079487,1,0,1
CMU_16,633,0.309706,0,1,3
CMU_16,520,0.180706,0,1,3
CMU_16,378,0.099159,0,1,3
CMU_16,-5637,1000.000000,1,1,0
CMU_16,231,0.165257,0,1,3
CMU_16,745,0.198286,0,1,3
CMU_16,612,0.240275,0,1,3
CMU_16,654,0.228885,0,1,3
CMU_16,266,0.142002,0,1,3
CMU_16,632,0.151349,0,1,3
CMU_16,-6529,1000.000000,1,1,0
CMU_16,706,0.088739,0,1,3
CMU_16,698,0.293431,0,1,3
CMU_16,-5735,1000.000000,1,1,0
CMU_16,351,0.188419,0,1,3
CMU_16,475,0.339512,0,1,3
CMU_16,909,0.056251,0,1,3
CMU_16,546,0.158881,0,1,3
CMU_16,598,0.183308,0,1,3
CMU_16,583,0.146367,1,0,1
CMU_16,658,0.072541,0,1,3
CMU_16,600,0.375495,0,1,3
CMU_16,1446,0.302394,0,1,3
CMU_16,594,0.220046,0,1,3
CMU_16,902,0.246725,0,1,3
CMU_16,432,0.143461,0,1,3
CMU_16,513,0.089251,0,1,3
CMU_16,-5637,1000.000000,1,1,0
CMU_16,565,0.256492,0,1,3
CMU_16,-5747,1000.000000,1,1,0
CMU_16,479,0.076549,0,1,3
CMU_16,300,0.169666,0,1,3
CMU_16,560,0.123590,0,1,3
CMU_16,344,0.083503,0,1,3
CMU_16,386,0.168329,0,1,3
CMU_16,435,0.100518,0,1,3
CMU_16,527,0.188798,0,1,3
CMU_16,697,0.172647,0,1,3
CMU_16,393,0.217060,0,1,3
CMU_16,832,0.208296,0,1,3
CMU_16,-7141,1000.000000,1,1,0
CMU_16,-6991,1000.000000,1,1,0
CMU_16,714,0.193399,0,1,3
CMU_16,-5499,1000.000000,1,1,0
CMU_16,473,0.087354,0,1,3
CMU_16,1232,0.096329,0,1,3
CMU_16,627,0.254368,0,1,3
CMU_16,708,0.193359,0,1,3
CMU_16,929,0.230093,0,1,3
CMU_16,321,0.324013,0,1,3
CMU_16,894,0.122075,0,1,3
CMU_16,486,0.353902,1,0,1
CMU_16,533,0.153049,0,1,3
CMU_16,489,0.141299,0,1,3
CMU_16,395,0.130031,1,0,1
CMU_16,564,0.220489,0,1,3
CMU_16,1225,0.115119,0,1,3
CMU_16,401,0.160678,0,1,3
CMU_16,412,0.126702,0,1,3
CMU_16,310,0.273825,0,1,3
CMU_16,814,0.158261,0,1,3
CMU_16,-5900,1000.000000,1,1,0
CMU_16,493,0.118533,0,1,3
CMU_16,277,0.096062,0,1,3
CMU_16,674,0.089729,0,1,3
CMU_16,544,0.085913,0,1,3
CMU_16,1053,0.166156,0,1,3
CMU_16,288,0.071440,0,1,3
CMU_16,601,0.201361,1,0,1
CMU_16,334,0.275572,0,1,3
CMU_16,1014,0.190548,0,1,3
CMU_16,244,0.055276,0,1,3
CMU_16,843,0.154108,0,1,3
CMU_16,554,0.078774,0,1,3
CMU_16,411,0.101238,0,1,3
CMU_16,737,0.123347,0,1,3
CMU_16,812,0.215030,1,0,1
CMU_16,-5446,1000.000000,1,1,0
CMU_16,580,0.192767,0,1,3
CMU_16,976,0.176048,0,1,3
CMU_16,-6657,1000.000000,0,0,1
CMU_16,319,0.173939,0,1,3
CMU_16,1153,0.100318,0,1,3
CMU_16,544,0.155867,1,0,1
CMU_16,-5431,1000.000000,1,1,0
CMU_16,-5913,1000.000000,1,1,0
CMU_16,770,0.105114,0,1,3
CMU_16,265,0.262491,0,1,3
CMU_16,569,0.214683,0,1,3
CMU_16,726,0.214064,0,1,3
CMU_16,-6790,1000.000000,1,1,0
CMU_16,846,0.253361,0,1,3
CMU_16,492,0.167965,0,1,3
CMU_16,501,0.178310,0,1,3
CMU_16,381,0.205649,0,1,3
CMU_16,541,0.132835,0,1,3
CMU_16,563,0.115082,0,1,3
CMU_16,-5355,1000.000000,1,1,0
CMU_16,462,0.225111,0,1,3
CMU_16,587,0.051076,0,1,3
CMU_16,396,0.294779,0,1,3
CMU_16,455,0.297602,0,1,3
CMU_16,444,0.124944,0,1,3
CMU_16,521,0.089972,0,1,3
CMU_16,592,0.155746,0,1,3
CMU_16,632,0.232827,0,1,3
CMU_16,-5832,1000.000000,1,1,0
CMU_16,679,0.308119,0,1,3
CMU_16,469,0.105425,0,1,3
CMU_16,426,0.194339,0,1,3
CMU_16,1618,0.158078,0,1,3
CMU_16,-5233,1000.000000,1,1,0
CMU_16,872,0.219635,0,1,3
CMU_16,1707,0.167461,0,1,3
CMU_16,257,0.053087,1,0,1
CMU_16,568,0.243897,0,1,3
CMU_16,417,0.374477,0,1,3
CMU_16,-6387,1000.000000,1,1,0
CMU_16,356,0.224874,0,1,3
CMU_16,598,0.257267,0,1,3
CMU_16,339,0.403657,0,1,3
CMU_16,-5769,1000.000000,1,1,0
CMU_16,600,0.193961,0,1,3
CMU_16,644,0.174426,0,1,3
CMU_16,1220,0.079947,0,1,3
CMU_16,549,0.195628,1,0,1
CMU_16,1011,0.172310,0,1,3
CMU_16,661,0.259892,0,1,3
CMU_16,997,0.071902,0,1,3
CMU_16,640,0.082270,0,1,3
CMU_16,664,0.313020,0,1,3
CMU_16,-6662,1000.000000,1,1,0
CMU_16,435,0.245717,0,1,3
CMU_16,843,0.169302,1,0,1
CMU_16,869,0.128113,0,1,3
CMU_16,496,0.113142,0,1,3
CMU_16,575,0.170134,0,1,3
CMU_16,-7463,1000.000000,1,1,0
CMU_16,522,0.166909,0,1,3
CMU_16,401,0.275077,0,1,3
CMU_16,624,0.124412,0,1,3
CMU_16,548,0.351809,0,1,3
CMU_16,441,0.188598,0,1,3
CMU_16,484,0.111125,0,1,3
CMU_16,394,0.426768,0,1,3
CMU_16,733,0.255111,0,1,3
CMU_16,1988,0.135513,0,1,3
CMU_16,-5860,1000.000000,1,1,0
CMU_16,-5185,1000.000000,1,1,0
CMU_16,650,0.177136,0,1,3
CMU_16,503,0.075938,0,1,3
CMU_16,912,0.179836,0,1,3
CMU_16,566,0.149388,0,1,3
CMU_16,927,0.219555,1,0,1
CMU_16,-6204,1000.000000,0,0,1
CMU_16,376,0.343311,0,1,3
CMU_16,401,0.147580,0,1,3
CMU_16,778,0.124192,0,1,3
CMU_16,1090,0.164987,0,1,3
CMU_16,654,0.219262,0,1,3
CMU_16,457,0.109678,1,0,1
CMU_16,642,0.080742,0,1,3
CMU_16,531,0.125328,0,1,3
CMU_16,1324,0.182805,0,1,3
CMU_16,340,0.198296,0,1,3
CMU_17,436,0.333536,0,1,3
CMU_17,590,0.220095,0,1,3
CMU_17,394,0.226723,0,1,3
CMU_17,636,0.198040,0,1,3
CMU_17,671,0.111336,0,1,3
CMU_17,796,0.283292,0,1,3
CMU_17,-5808,1000.000000,1,1,0
CMU_17,629,0.258242,0,1,3
CMU_17,955,0.054896,0,1,3
CMU_17,611,0.191381,0,1,3
CMU_17,-5582,1000.000000,1,1,0
CMU_17,475,0.133340,0,1,3
CMU_17,660,0.224927,0,1,3
CMU_17,551,0.176775,0,1,3
CMU_17,432,0.263914,0,1,3
CMU_17,648,0.390381,0,1,3
CMU_17,379,0.294772,0,1,3
CMU_17,492,0.208169,0,1,3
CMU_17,406,0.320413,0,1,3
CMU_17,-6539,1000.000000,1,1,0
CMU_17,403,0.299364,0,1,3
CMU_17,-5903,1000.000000,1,1,0
CMU_17,840,0.373256,0,1,3
CMU_17,451,0.207051,0,1,3
CMU_17,663,0.178421,0,1,3
CMU_17,430,0.087132,0,1,3
CMU_17,613,0.170315,0,1,3
CMU_17,529,0.234571,0,1,3
CMU_17,506,0.265229,0,1,3
CMU_17,538,0.272059,0,1,3
CMU_17,563,0.147082,0,1,3
CMU_17,-6169,1000.000000,1,1,0
CMU_17,681,0.228889,0,1,3
CMU_17,-6076,1000.000000,1,1,0
CMU_17,-5710,1000.000000,1,1,0
CMU_17,406,0.332658,0,1,3
CMU_17,478,0.187339,0,1,3
CMU_17,668,0.129052,0,1,3
CMU_17,-5637,1000.000000,1,1,0
CMU_17,486,0.224945,0,1,3
CMU_17,407,0.226390,0,1,3
CMU_17,595,0.242252,0,1,3
CMU_17,1251,0.195021,0,1,3
CMU_17,396,0.237179,0,1,3
CMU_17,495,0.116974,0,1,3
CMU_17,-6529,1000.000000,1,1,0
CMU_17,465,0.115283,0,1,3
CMU_17,692,0.293431,0,1,3
CMU_17,-5735,1000.000000,1,1,0
CMU_17,559,0.159493,0,1,3
CMU_17,504,0.331952,0,1,3
CMU_17,738,0.055642,0,1,3
CMU_17,436,0.119180,0,1,3
CMU_17,352,0.203623,0,1,3
CMU_17,-5605,1000.000000,1,1,0
CMU_17,490,0.085302,0,1,3
CMU_17,423,0.419548,0,1,3
CMU_17,694,0.326885,0,1,3
CMU_17,481,0.211324,0,1,3
CMU_17,473,0.235444,0,1,3
CMU_17,416,0.137706,0,1,3
CMU_17,489,0.088301,0,1,3
CMU_17,-5637,1000.000000,1,1,0
CMU_17,329,0.339509,0,1,3
CMU_17,-5747,1000.000000,1,1,0
CMU_17,470,0.077009,0,1,3
CMU_17,621,0.181614,0,1,3
CMU_17,439,0.108764,0,1,3
CMU_17,427,0.091863,0,1,3
CMU_17,529,0.136922,0,1,3
CMU_17,350,0.065298,0,1,3
CMU_17,474,0.204992,0,1,3
CMU_17,613,0.154228,0,1,3
CMU_17,599,0.178155,0,1,3
CMU_17,433,0.177207,0,1,3
CMU_17,-7141,1000.000000,1,1,0
CMU_17,-6991,1000.000000,1,1,0
CMU_17,563,0.179950,0,1,3
CMU_17,-5499,1000.000000,1,1,0
CMU_17,427,0.078291,0,1,3
CMU_17,872,0.084898,0,1,3
CMU_17,418,0.313096,0,1,3
CMU_17,582,0.207170,0,1,3
CMU_17,531,0.237517,0,1,3
CMU_17,498,0.247646,0,1,3
CMU_17,551,0.131927,0,1,3
CMU_17,-5450,1000.000000,1,1,0
CMU_17,495,0.152944,0,1,3
CMU_17,453,0.149377,0,1,3
CMU_17,-6495,1000.000000,1,1,0
CMU_17,442,0.175943,0,1,3
CMU_17,859,0.097840,0,1,3
CMU_17,483,0.136474,0,1,3
CMU_17,563,0.166924,0,1,3
CMU_17,508,0.240799,0,1,3
CMU_17,559,0.143144,0,1,3
CMU_17,-5900,1000.000000,1,1,0
CMU_17,544,0.126287,0,1,3
CMU_17,459,0.158555,0,1,3
CMU_17,374,0.080055,0,1,3
CMU_17,556,0.084534,0,1,3
CMU_17,994,0.169373,0,1,3
CMU_17,378,0.087734,0,1,3
CMU_17,-5878,1000.000000,1,1,0
CMU_17,436,0.275417,0,1,3
CMU_17,400,0.327525,0,1,3
CMU_17,497,0.083212,0,1,3
CMU_17,581,0.169241,0,1,3
CMU_17,561,0.077843,0,1,3
CMU_17,489,0.141970,0,1,3
CMU_17,545,0.137298,0,1,3
CMU_17,471,0.200902,1,0,1
CMU_17,704,0.354945,1,0,1
CMU_17,577,0.192767,0,1,3
CMU_17,440,0.284937,0,1,3
CMU_17,461,0.096301,0,1,3
CMU_17,510,0.186688,0,1,3
CMU_17,449,0.091991,0,1,3
CMU_17,-5530,1000.000000,1,1,0
CMU_17,-5431,1000.000000,1,1,0
CMU_17,-5913,1000.000000,1,1,0
CMU_17,541,0.119230,0,1,3
CMU_17,563,0.180779,0,1,3
CMU_17,824,0.191304,0,1,3
CMU_17,366,0.167814,0,1,3
CMU_17,-6790,1000.000000,1,1,0
CMU_17,617,0.230162,0,1,3
CMU_17,431,0.132915,0,1,3
CMU_17,666,0.178402,0,1,3
CMU_17,281,0.181686,0,1,3
CMU_17,581,0.145578,0,1,3
CMU_17,608,0.119182,0,1,3
CMU_17,-5355,1000.000000,1,1,0
CMU_17,460,0.229496,0,1,3
CMU_17,1152,0.058145,0,1,3
CMU_17,582,0.289873,0,1,3
CMU_17,548,0.263310,0,1,3
CMU_17,506,0.123484,0,1,3
CMU_17,575,0.095839,0,1,3
CMU_17,735,0.141808,0,1,3
CMU_17,470,0.251940,0,1,3
CMU_17,-5832,1000.000000,1,1,0
CMU_17,434,0.271595,0,1,3
CMU_17,457,0.106954,0,1,3
CMU_17,431,0.193398,0,1,3
CMU_17,665,0.240192,0,1,3
CMU_17,-5233,1000.000000,1,1,0
CMU_17,904,0.218773,0,1,3
CMU_17,1399,0.182491,0,1,3
CMU_17,-5754,1000.000000,1,1,0
CMU_17,395,0.285672,0,1,3
CMU_17,498,0.360002,0,1,3
CMU_17,-6387,1000.000000,1,1,0
CMU_17,627,0.240725,0,1,3
CMU_17,497,0.212151,0,1,3
CMU_17,506,0.428254,0,1,3
CMU_17,-5769,1000.000000,1,1,0
CMU_17,519,0.201956,0,1,3
CMU_17,513,0.176163,0,1,3
CMU_17,919,0.083067,0,1,3
CMU_17,-5903,1000.000000,1,1,0
CMU_17,737,0.188953,0,1,3
CMU_17,559,0.268925,0,1,3
CMU_17,670,0.084774,0,1,3
CMU_17,459,0.077660,0,1,3
CMU_17,776,0.292891,0,1,3
CMU_17,-6662,1000.000000,1,1,0
CMU_17,718,0.196762,0,1,3
CMU_17,-5676,1000.000000,1,1,0
CMU_17,686,0.121420,0,1,3
CMU_17,481,0.111982,0,1,3
CMU_17,633,0.192016,0,1,3
CMU_17,-7463,1000.000000,1,1,0
CMU_17,489,0.154433,0,1,3
CMU_17,779,0.164462,0,1,3
CMU_17,497,0.114335,0,1,3
CMU_17,638,0.372910,0,1,3
CMU_17,629,0.204322,0,1,3
CMU_17,434,0.114614,0,1,3
CMU_17,639,0.380768,0,1,3
CMU_17,642,0.261306,0,1,3
CMU_17,1130,0.137481,0,1,3
CMU_17,-5860,1000.000000,1,1,0
CMU_17,-5185,1000.000000,1,1,0
CMU_17,452,0.221896,0,1,3
CMU_17,451,0.077106,0,1,3
CMU_17,1002,0.186374,0,1,3
CMU_17,424,0.117927,0,1,3
CMU_17,-6385,1000.000000,1,1,0
CMU_17,961,0.231914,0,1,3
CMU_17,562,0.271676,0,1,3
CMU_17,1102,0.096349,0,1,3
CMU_17,583,0.118986,0,1,3
CMU_17,431,0.117959,0,1,3
CMU_17,577,0.224957,0,1,3
CMU_17,740,0.117791,1,0,1
CMU_17,483,0.101172,0,1,3
CMU_17,921,0.108667,0,1,3
CMU_17,837,0.188094,0,1,3
CMU_17,784,0.141201,0,1,3
iisc_01,2479,0.120190,0,0,2
iisc_01,407,0.230528,0,1,3
iisc_01,391,0.226723,0,1,3
iisc_01,626,0.198650,0,1,3
iisc_01,295,0.173101,0,1,3
iisc_01,436,0.349931,0,1,3
iisc_01,-5808,1000.000000,1,1,0
iisc_01,493,0.290582,0,1,3
iisc_01,751,0.056169,0,1,3
iisc_01,1661,0.205597,0,1,3
iisc_01,-5582,1000.000000,1,1,0
iisc_01,607,0.168102,0,1,3
iisc_01,675,0.224757,0,1,3
iisc_01,501,0.180514,0,1,3
iisc_01,420,0.259336,0,1,3
iisc_01,1038,0.368868,0,1,3
iisc_01,524,0.309590,0,1,3
iisc_01,759,0.181137,0,1,3
iisc_01,730,0.204825,0,1,3
iisc_01,-1135,1000.000000,1,0,1
iisc_01,628,0.223653,0,1,3
iisc_01,719,0.082927,1,0,1
iisc_01,522,0.390934,0,1,3
iisc_01,417,0.211437,0,1,3
iisc_01,513,0.147374,0,1,3
iisc_01,415,0.083133,0,1,3
iisc_01,869,0.167156,0,1,3
iisc_01,599,0.227388,0,1,3
iisc_01,524,0.262962,0,1,3
iisc_01,1137,0.271068,0,1,3
iisc_01,488,0.134635,0,1,3
iisc_01,-845,1000.000000,1,0,1
iisc_01,567,0.251690,0,1,3
iisc_01,-6076,1000.000000,1,1,0
iisc_01,-5710,1000.000000,1,1,0
iisc_01,826,0.318335,0,1,3
iisc_01,449,0.186863,0,1,3
iisc_01,517,0.129721,0,1,3
iisc_01,-5637,1000.000000,1,1,0
iisc_01,385,0.234886,0,1,3
iisc_01,444,0.232323,0,1,3
iisc_01,564,0.247015,0,1,3
iisc_01,1230,0.197490,0,1,3
iisc_01,544,0.215130,0,1,3
iisc_01,514,0.121379,0,1,3
iisc_01,-6529,1000.000000,1,1,0
iisc_01,699,0.088782,0,1,3
iisc_01,443,0.322131,0,1,3
iisc_01,-5735,1000.000000,1,1,0
iisc_01,294,0.173565,0,1,3
iisc_01,835,0.352282,0,1,3
iisc_01,1209,0.057945,0,1,3
iisc_01,546,0.158881,0,1,3
iisc_01,693,0.175109,0,1,3
iisc_01,796,0.136001,1,0,1
iisc_01,687,0.073038,0,1,3
iisc_01,640,0.365482,0,1,3
iisc_01,-6168,1000.000000,0,0,1
iisc_01,1369,0.255484,0,1,3
iisc_01,762,0.253265,0,1,3
iisc_01,415,0.137706,0,1,3
iisc_01,569,0.094668,0,1,3
iisc_01,-5637,1000.000000,1,1,0
iisc_01,401,0.327235,0,1,3
iisc_01,-5747,1000.000000,1,1,0
iisc_01,739,0.096271,0,1,3
iisc_01,836,0.187716,0,1,3
iisc_01,613,0.127504,0,1,3
iisc_01,468,0.098864,0,1,3
iisc_01,387,0.168329,0,1,3
iisc_01,447,0.110269,0,1,3
iisc_01,386,0.227338,0,1,3
iisc_01,745,0.175269,0,1,3
iisc_01,705,0.164388,0,1,3
iisc_01,440,0.179151,0,1,3
iisc_01,-7141,1000.000000,1,1,0
iisc_01,387,0.181111,1,0,1
iisc_01,709,0.193399,0,1,3
iisc_01,-5499,1000.000000,1,1,0
iisc_01,642,0.122025,0,1,3
iisc_01,587,0.109500,0,1,3
iisc_01,412,0.313096,0,1,3
iisc_01,599,0.206609,0,1,3
iisc_01,430,0.254183,0,1,3
iisc_01,307,0.328563,0,1,3
iisc_01,503,0.135016,0,1,3
iisc_01,317,0.309211,1,0,1
iisc_01,670,0.145739,0,1,3
iisc_01,491,0.141299,0,1,3
iisc_01,1229,0.151586,1,0,1
iisc_01,504,0.197313,0,1,3
iisc_01,627,0.099552,0,1,3
iisc_01,286,0.175897,0,1,3
iisc_01,309,0.093419,0,1,3
iisc_01,-3049,1000.000000,0,0,1
iisc_01,-4059,1000.000000,0,0,1
iisc_01,-5900,1000.000000,1,1,0
iisc_01,400,0.124056,0,1,3
iisc_01,469,0.158119,0,1,3
iisc_01,678,0.089729,0,1,3
iisc_01,392,0.110854,0,1,3
iisc_01,926,0.174135,0,1,3
iisc_01,669,0.112697,0,1,3
iisc_01,478,0.188847,1,0,1
iisc_01,537,0.303596,0,1,3
iisc_01,499,0.288146,0,1,3
iisc_01,569,0.089038,0,1,3
iisc_01,708,0.161552,0,1,3
iisc_01,429,0.095993,0,1,3
iisc_01,780,0.176988,0,1,3
iisc_01,578,0.137252,0,1,3
iisc_01,415,0.191151,1,0,1
iisc_01,1019,0.379229,1,0,1
iisc_01,606,0.191606,0,1,3
iisc_01,450,0.280343,0,1,3
iisc_01,548,0.117244,0,1,3
iisc_01,610,0.178491,0,1,3
iisc_01,1009,0.104466,0,1,3
iisc_01,331,0.105586,1,0,1
iisc_01,-5431,1000.000000,1,1,0
iisc_01,1036,0.194879,1,0,1
iisc_01,522,0.118381,0,1,3
iisc_01,326,0.231330,0,1,3
iisc_01,387,0.297379,0,1,3
iisc_01,424,0.194387,0,1,3
iisc_01,-6790,1000.000000,1,1,0
iisc_01,604,0.234908,0,1,3
iisc_01,484,0.162921,0,1,3
iisc_01,694,0.185126,0,1,3
iisc_01,456,0.190372,0,1,3
iisc_01,594,0.148714,0,1,3
iisc_01,855,0.129104,0,1,3
iisc_01,-5355,1000.000000,1,1,0
iisc_01,310,0.301084,0,1,3
iisc_01,540,0.046297,0,1,3
iisc_01,469,0.319924,0,1,3
iisc_01,347,0.292741,0,1,3
iisc_01,448,0.124944,0,1,3
iisc_01,458,0.090711,0,1,3
iisc_01,519,0.158736,0,1,3
iisc_01,438,0.256319,0,1,3
iisc_01,-5832,1000.000000,1,1,0
iisc_01,500,0.286476,0,1,3
iisc_01,563,0.090697,0,1,3
iisc_01,570,0.205351,0,1,3
iisc_01,327,0.215491,0,1,3
iisc_01,-5233,1000.000000,1,1,0
iisc_01,1334,0.218543,0,1,3
iisc_01,332,0.098849,0,1,3
iisc_01,-5754,1000.000000,1,1,0
iisc_01,-6468,1000.000000,0,0,1
iisc_01,682,0.374446,0,1,3
iisc_01,-6387,1000.000000,1,1,0
iisc_01,464,0.224791,0,1,3
iisc_01,480,0.206941,0,1,3
iisc_01,368,0.424348,0,1,3
iisc_01,-5769,1000.000000,1,1,0
iisc_01,541,0.200367,0,1,3
iisc_01,676,0.171074,0,1,3
iisc_01,748,0.091879,0,1,3
iisc_01,961,0.204555,1,0,1
iisc_01,337,0.304741,0,1,3
iisc_01,528,0.279006,0,1,3
iisc_01,962,0.073129,0,1,3
iisc_01,835,0.081463,0,1,3
iisc_01,645,0.312725,0,1,3
iisc_01,-6662,1000.000000,1,1,0
iisc_01,635,0.206312,0,1,3
iisc_01,-5676,1000.000000,1,1,0
iisc_01,534,0.133198,0,1,3
iisc_01,490,0.111982,0,1,3
iisc_01,415,0.155682,0,1,3
iisc_01,-7463,1000.000000,1,1,0
iisc_01,513,0.163032,0,1,3
iisc_01,429,0.267233,0,1,3
iisc_01,487,0.113378,0,1,3
iisc_01,692,0.360266,0,1,3
iisc_01,426,0.190193,0,1,3
iisc_01,571,0.127416,0,1,3
iisc_01,552,0.398701,0,1,3
iisc_01,761,0.258573,0,1,3
iisc_01,1594,0.140436,0,1,3
iisc_01,952,0.214711,1,0,1
iisc_01,-5185,1000.000000,1,1,0
iisc_01,573,0.194362,0,1,3
iisc_01,689,0.105610,0,1,3
iisc_01,-5520,1000.000000,0,0,1
iisc_01,553,0.146200,0,1,3
iisc_01,-6385,1000.000000,1,1,0
iisc_01,-6204,1000.000000,0,0,1
iisc_01,381,0.343311,0,1,3
iisc_01,650,0.100389,0,1,3
iisc_01,950,0.116753,0,1,3
iisc_01,395,0.100890,0,1,3
iisc_01,713,0.208941,0,1,3
iisc_01,-6213,1000.000000,1,1,0
iisc_01,739,0.079403,0,1,3
iisc_01,799,0.106710,0,1,3
iisc_01,588,0.172196,0,1,3
iisc_01,1093,0.178155,0,1,3
iisc_02,704,0.218331,0,1,3
iisc_02,1152,0.220296,0,1,3
iisc_02,497,0.186602,0,1,3
iisc_02,490,0.205104,0,1,3
iisc_02,476,0.139233,0,1,3
iisc_02,950,0.263938,0,1,3
iisc_02,2284,0.243107,1,1,0
iisc_02,1101,0.213607,0,1,3
iisc_02,917,0.055402,0,1,3
iisc_02,765,0.209210,0,1,3
iisc_02,-5582,1000.000000,1,1,0
iisc_02,717,0.203329,0,1,3
iisc_02,130,1000.000000,0,0,1
iisc_02,835,0.155671,0,1,3
iisc_02,1195,0.263726,0,1,3
iisc_02,832,0.380079,0,1,3
iisc_02,729,0.326033,0,1,3
iisc_02,525,0.196662,0,1,3
iisc_02,658,0.206585,0,1,3
iisc_02,-6539,1000.000000,1,1,0
iisc_02,930,0.175358,0,1,3
iisc_02,521,0.107110,1,0,1
iisc_02,993,0.377166,0,1,3
iisc_02,1015,0.183570,0,1,3
iisc_02,650,0.179534,0,1,3
iisc_02,1712,0.135268,0,1,3
iisc_02,833,0.163260,0,1,3
iisc_02,722,0.208728,0,1,3
iisc_02,811,0.244443,0,1,3
iisc_02,762,0.300346,0,1,3
iisc_02,579,0.148186,0,1,3
iisc_02,-6169,1000.000000,1,1,0
iisc_02,342,0.214119,0,1,3
iisc_02,-6076,1000.000000,1,1,0
iisc_02,1420,0.045028,1,0,1
iisc_02,1127,0.347059,0,1,3
iisc_02,533,0.180533,0,1,3
iisc_02,509,0.127452,0,1,3
iisc_02,-5637,1000.000000,1,1,0
iisc_02,892,0.241631,0,1,3
iisc_02,1287,0.228816,0,1,3
iisc_02,820,0.211745,0,1,3
iisc_02,1104,0.201203,0,1,3
iisc_02,553,0.213793,0,1,3
iisc_02,741,0.143716,0,1,3
iisc_02,-6529,1000.000000,1,1,0
iisc_02,890,0.084326,0,1,3
iisc_02,1102,0.322344,0,1,3
iisc_02,1199,0.163836,1,0,1
iisc_02,1460,0.135936,0,1,3
iisc_02,1006,0.347652,0,1,3
iisc_02,2045,0.058230,0,0,2
iisc_02,1307,0.166150,0,1,3
iisc_02,1041,0.170731,0,1,3
iisc_02,1187,0.162571,1,0,1
iisc_02,886,0.065012,0,1,3
iisc_02,961,0.387387,0,1,3
iisc_02,924,0.347043,0,1,3
iisc_02,2305,0.222478,0,0,2
iisc_02,989,0.242827,0,1,3
iisc_02,1047,0.191113,0,1,3
iisc_02,934,0.121512,0,1,3
iisc_02,2163,0.201855,1,1,0
iisc_02,640,0.226718,0,1,3
iisc_02,3456,0.074066,1,1,0
iisc_02,703,0.095909,0,1,3
iisc_02,812,0.184912,0,1,3
iisc_02,898,0.126396,0,1,3
iisc_02,1386,0.100013,0,1,3
iisc_02,795,0.104517,0,1,3
iisc_02,987,0.103795,0,1,3
iisc_02,1182,0.190936,0,1,3
iisc_02,1130,0.215744,0,1,3
iisc_02,931,0.163246,0,1,3
iisc_02,792,0.207922,0,1,3
iisc_02,-7141,1000.000000,1,1,0
iisc_02,179,1000.000000,1,0,1
iisc_02,1031,0.191500,0,1,3
iisc_02,-5499,1000.000000,1,1,0
iisc_02,556,0.105334,0,1,3
iisc_02,890,0.083379,0,1,3
iisc_02,630,0.254368,0,1,3
iisc_02,264,0.139885,0,1,3
iisc_02,1176,0.232032,0,1,3
iisc_02,886,0.186267,0,1,3
iisc_02,1040,0.129919,0,1,3
iisc_02,1248,0.328033,1,0,1
iisc_02,1006,0.102325,0,1,3
iisc_02,582,0.122141,0,1,3
iisc_02,1123,0.145682,1,0,1
iisc_02,-330,1000.000000,0,0,1
iisc_02,720,0.095392,0,1,3
iisc_02,1061,0.169661,0,1,3
iisc_02,734,0.164317,0,1,3
iisc_02,869,0.175516,0,1,3
iisc_02,996,0.141486,0,1,3
iisc_02,1069,0.242548,1,0,1
iisc_02,622,0.158132,0,1,3
iisc_02,907,0.169258,0,1,3
iisc_02,1080,0.101984,0,1,3
iisc_02,1808,0.096907,0,1,3
iisc_02,839,0.188605,0,1,3
iisc_02,1102,0.101360,0,1,3
iisc_02,745,0.207148,1,0,1
iisc_02,1035,0.321216,0,1,3
iisc_02,584,0.253433,0,1,3
iisc_02,1139,0.088801,0,1,3
iisc_02,535,0.170209,0,1,3
iisc_02,2040,0.053852,0,0,2
iisc_02,668,0.184148,0,1,3
iisc_02,864,0.133154,0,1,3
iisc_02,489,0.204529,1,0,1
iisc_02,956,0.382147,1,0,1
iisc_02,529,0.201036,0,1,3
iisc_02,927,0.178022,0,1,3
iisc_02,726,0.132412,0,1,3
iisc_02,1086,0.179192,0,1,3
iisc_02,1082,0.104450,0,1,3
iisc_02,669,0.185442,1,0,1
iisc_02,-5431,1000.000000,1,1,0
iisc_02,-5913,1000.000000,1,1,0
iisc_02,1243,0.123875,0,1,3
iisc_02,380,0.210409,0,1,3
iisc_02,1037,0.165644,0,1,3
iisc_02,737,0.215983,0,1,3
iisc_02,-6790,1000.000000,1,1,0
iisc_02,438,0.272785,0,1,3
iisc_02,810,0.200953,0,1,3
iisc_02,537,0.169876,0,1,3
iisc_02,1581,0.180143,0,1,3
iisc_02,1105,0.161812,0,1,3
iisc_02,1351,0.143712,0,1,3
iisc_02,689,0.135393,1,0,1
iisc_02,1117,0.124183,0,1,3
iisc_02,714,0.054261,0,1,3
iisc_02,239,0.250704,0,1,3
iisc_02,556,0.263310,0,1,3
iisc_02,839,0.176288,0,1,3
iisc_02,1389,0.087905,0,1,3
iisc_02,415,0.113421,0,1,3
iisc_02,848,0.228400,0,1,3
iisc_02,-5832,1000.000000,1,1,0
iisc_02,2091,0.242122,0,0,2
iisc_02,1100,0.089931,0,1,3
iisc_02,750,0.217205,0,1,3
iisc_02,612,0.251165,0,1,3
iisc_02,-5233,1000.000000,1,1,0
iisc_02,990,0.209236,0,1,3
iisc_02,1016,0.183342,0,1,3
iisc_02,-5754,1000.000000,1,1,0
iisc_02,564,0.243897,0,1,3
iisc_02,1237,0.331976,0,1,3
iisc_02,-6387,1000.000000,1,1,0
iisc_02,836,0.241305,0,1,3
iisc_02,763,0.252296,0,1,3
iisc_02,834,0.410523,0,1,3
iisc_02,-5769,1000.000000,1,1,0
iisc_02,813,0.198681,0,1,3
iisc_02,758,0.162135,0,1,3
iisc_02,1144,0.078881,0,1,3
iisc_02,1179,0.189585,1,0,1
iisc_02,1101,0.159779,0,1,3
iisc_02,959,0.282773,0,1,3
iisc_02,584,0.084851,0,1,3
iisc_02,1286,0.082589,0,1,3
iisc_02,749,0.299360,0,1,3
iisc_02,-6662,1000.000000,1,1,0
iisc_02,986,0.220333,0,1,3
iisc_02,3558,0.123866,1,1,0
iisc_02,1027,0.140194,0,1,3
iisc_02,2091,0.062308,0,0,2
iisc_02,523,0.163484,0,1,3
iisc_02,-7463,1000.000000,1,1,0
iisc_02,815,0.186465,0,1,3
iisc_02,788,0.162826,0,1,3
iisc_02,1292,0.113280,0,1,3
iisc_02,768,0.356248,0,1,3
iisc_02,812,0.205620,0,1,3
iisc_02,342,0.119117,0,1,3
iisc_02,1318,0.400335,0,1,3
iisc_02,1390,0.236748,0,1,3
iisc_02,1663,0.141976,0,1,3
iisc_02,-5860,1000.000000,1,1,0
iisc_02,-5185,1000.000000,1,1,0
iisc_02,785,0.190886,0,1,3
iisc_02,806,0.101693,0,1,3
iisc_02,1651,0.155716,0,1,3
iisc_02,731,0.178456,0,1,3
iisc_02,-6385,1000.000000,1,1,0
iisc_02,186,1000.000000,0,0,1
iisc_02,557,0.271676,0,1,3
iisc_02,751,0.089561,0,1,3
iisc_02,1483,0.136211,0,1,3
iisc_02,604,0.204314,0,1,3
iisc_02,484,0.242350,0,1,3
iisc_02,1008,0.136557,1,0,1
iisc_02,1152,0.096598,0,1,3
iisc_02,1056,0.114575,0,1,3
iisc_02,1204,0.192290,0,1,3
iisc_02,613,0.158505,0,1,3
iisc_03,435,0.333536,0,1,3
iisc_03,640,0.218200,0,1,3
iisc_03,1048,0.244079,0,1,3
iisc_03,1380,0.195492,0,1,3
iisc_03,545,0.130075,0,1,3
iisc_03,537,0.312089,0,1,3
iisc_03,-5808,1000.000000,1,1,0
iisc_03,397,0.316353,0,1,3
iisc_03,459,0.039111,0,1,3
iisc_03,554,0.175985,0,1,3
iisc_03,-5582,1000.000000,1,1,0
iisc_03,574,0.153173,0,1,3
iisc_03,1054,0.277851,0,1,3
iisc_03,1087,0.165022,0,1,3
iisc_03,968,0.271248,0,1,3
iisc_03,445,0.376284,0,1,3
iisc_03,399,0.290759,0,1,3
iisc_03,443,0.225984,0,1,3
iisc_03,729,0.204825,0,1,3
iisc_03,-1195,1000.000000,1,0,1
iisc_03,638,0.221498,0,1,3
iisc_03,613,0.091992,1,0,1
iisc_03,916,0.381067,0,1,3
iisc_03,856,0.175583,0,1,3
iisc_03,704,0.177426,0,1,3
iisc_03,548,0.113159,0,1,3
iisc_03,575,0.172824,0,1,3
iisc_03,294,0.172409,0,1,3
iisc_03,782,0.243672,0,1,3
iisc_03,615,0.309063,0,1,3
iisc_03,547,0.144788,0,1,3
iisc_03,-1123,1000.000000,1,0,1
iisc_03,1284,0.167417,0,1,3
iisc_03,-6076,1000.000000,1,1,0
iisc_03,-5710,1000.000000,1,1,0
iisc_03,621,0.309810,0,1,3
iisc_03,479,0.186609,0,1,3
iisc_03,414,0.104238,0,1,3
iisc_03,985,0.223763,1,0,1
iisc_03,895,0.241631,0,1,3
iisc_03,715,0.194885,0,1,3
iisc_03,797,0.215643,0,1,3
iisc_03,-6408,1000.000000,0,0,1
iisc_03,365,0.222899,0,1,3
iisc_03,145,1000.000000,0,0,1
iisc_03,-6529,1000.000000,1,1,0
iisc_03,1044,0.088576,0,1,3
iisc_03,710,0.293964,0,1,3
iisc_03,475,0.128148,1,0,1
iisc_03,721,0.149926,0,1,3
iisc_03,1175,0.316784,0,1,3
iisc_03,1438,0.055391,0,1,3
iisc_03,621,0.161854,0,1,3
iisc_03,745,0.168098,0,1,3
iisc_03,650,0.139927,1,0,1
iisc_03,729,0.072501,0,1,3
iisc_03,668,0.359632,0,1,3
iisc_03,806,0.334547,0,1,3
iisc_03,719,0.224626,0,1,3
iisc_03,1223,0.235828,0,1,3
iisc_03,728,0.197463,0,1,3
iisc_03,708,0.097462,0,1,3
iisc_03,541,0.268796,1,0,1
iisc_03,193,1000.000000,0,0,1
iisc_03,-5747,1000.000000,1,1,0
iisc_03,397,0.072973,0,1,3
iisc_03,574,0.185200,0,1,3
iisc_03,424,0.108222,0,1,3
iisc_03,530,0.108766,0,1,3
iisc_03,685,0.109701,0,1,3
iisc_03,597,0.130005,0,1,3
iisc_03,652,0.161125,0,1,3
iisc_03,724,0.175254,0,1,3
iisc_03,944,0.163781,0,1,3
iisc_03,1020,0.196014,0,1,3
iisc_03,-7141,1000.000000,1,1,0
iisc_03,1108,0.125343,1,0,1
iisc_03,684,0.186937,0,1,3
iisc_03,-5499,1000.000000,1,1,0
iisc_03,716,0.120550,0,1,3
iisc_03,554,0.115654,0,1,3
iisc_03,440,0.309056,0,1,3
iisc_03,856,0.173881,0,1,3
iisc_03,671,0.228748,0,1,3
iisc_03,513,0.243447,0,1,3
iisc_03,638,0.123212,0,1,3
iisc_03,869,0.374649,1,0,1
iisc_03,1029,0.104341,0,1,3
iisc_03,890,0.107220,0,1,3
iisc_03,614,0.151509,1,0,1
iisc_03,1050,0.209771,0,1,3
iisc_03,480,0.075015,0,1,3
iisc_03,1586,0.150301,0,1,3
iisc_03,576,0.167910,0,1,3
iisc_03,832,0.178672,0,1,3
iisc_03,835,0.156530,0,1,3
iisc_03,568,0.207889,1,0,1
iisc_03,719,0.181923,0,1,3
iisc_03,716,0.171567,0,1,3
iisc_03,1435,0.110742,0,1,3
iisc_03,754,0.072505,0,1,3
iisc_03,1153,0.159149,0,1,3
iisc_03,652,0.114639,0,1,3
iisc_03,1659,0.216086,1,0,1
iisc_03,472,0.281925,0,1,3
iisc_03,730,0.207717,0,1,3
iisc_03,551,0.085993,0,1,3
iisc_03,768,0.156107,0,1,3
iisc_03,689,0.078062,0,1,3
iisc_03,575,0.182139,0,1,3
iisc_03,493,0.131061,0,1,3
iisc_03,968,0.204087,1,0,1
iisc_03,1444,0.379390,1,0,1
iisc_03,702,0.181333,0,1,3
iisc_03,657,0.217586,0,1,3
iisc_03,586,0.127014,0,1,3
iisc_03,1045,0.182327,0,1,3
iisc_03,920,0.101027,0,1,3
iisc_03,-5530,1000.000000,1,1,0
iisc_03,-5431,1000.000000,1,1,0
iisc_03,-5913,1000.000000,1,1,0
iisc_03,958,0.121150,0,1,3
iisc_03,145,1000.000000,0,0,1
iisc_03,802,0.191799,0,1,3
iisc_03,477,0.191970,0,1,3
iisc_03,-6790,1000.000000,1,1,0
iisc_03,711,0.225491,0,1,3
iisc_03,576,0.194554,0,1,3
iisc_03,441,0.199089,0,1,3
iisc_03,554,0.162822,0,1,3
iisc_03,475,0.119107,0,1,3
iisc_03,689,0.122020,0,1,3
iisc_03,512,0.157477,1,0,1
iisc_03,513,0.204441,0,1,3
iisc_03,567,0.048816,0,1,3
iisc_03,636,0.283864,0,1,3
iisc_03,718,0.242696,0,1,3
iisc_03,616,0.163438,0,1,3
iisc_03,715,0.117970,0,1,3
iisc_03,741,0.140229,0,1,3
iisc_03,389,0.270125,0,1,3
iisc_03,-5832,1000.000000,1,1,0
iisc_03,459,0.275484,0,1,3
iisc_03,523,0.096992,0,1,3
iisc_03,487,0.196580,0,1,3
iisc_03,483,0.260591,0,1,3
iisc_03,-5233,1000.000000,1,1,0
iisc_03,831,0.217900,0,1,3
iisc_03,444,0.129442,0,1,3
iisc_03,-5754,1000.000000,1,1,0
iisc_03,793,0.197103,0,1,3
iisc_03,519,0.357633,0,1,3
iisc_03,-6387,1000.000000,1,1,0
iisc_03,437,0.218015,0,1,3
iisc_03,763,0.252296,0,1,3
iisc_03,494,0.432882,0,1,3
iisc_03,-5769,1000.000000,1,1,0
iisc_03,851,0.205451,0,1,3
iisc_03,514,0.176163,0,1,3
iisc_03,1038,0.077168,0,1,3
iisc_03,472,0.199428,1,0,1
iisc_03,481,0.248912,0,1,3
iisc_03,898,0.276772,0,1,3
iisc_03,530,0.090586,0,1,3
iisc_03,500,0.078403,0,1,3
iisc_03,803,0.288407,0,1,3
iisc_03,-6662,1000.000000,1,1,0
iisc_03,833,0.209311,0,1,3
iisc_03,489,0.190939,1,0,1
iisc_03,580,0.135774,0,1,3
iisc_03,507,0.114011,0,1,3
iisc_03,572,0.170134,0,1,3
iisc_03,1010,0.314752,1,0,1
iisc_03,693,0.173679,0,1,3
iisc_03,1083,0.148312,0,1,3
iisc_03,521,0.117649,0,1,3
iisc_03,705,0.358001,0,1,3
iisc_03,316,0.183176,0,1,3
iisc_03,546,0.121930,0,1,3
iisc_03,504,0.415336,0,1,3
iisc_03,879,0.253911,0,1,3
iisc_03,1216,0.148748,0,1,3
iisc_03,-5860,1000.000000,1,1,0
iisc_03,402,0.055714,1,0,1
iisc_03,863,0.209963,0,1,3
iisc_03,390,0.070233,0,1,3
iisc_03,491,0.256887,0,1,3
iisc_03,710,0.177213,0,1,3
iisc_03,-6385,1000.000000,1,1,0
iisc_03,640,0.225469,0,1,3
iisc_03,866,0.204732,0,1,3
iisc_03,320,0.170680,0,1,3
iisc_03,1285,0.144164,0,1,3
iisc_03,693,0.203701,0,1,3
iisc_03,676,0.216304,0,1,3
iisc_03,498,0.117689,1,0,1
iisc_03,539,0.093702,0,1,3
iisc_03,708,0.108283,0,1,3
iisc_03,685,0.178574,0,1,3
iisc_03,-45,1000.000000,0,0,1
iisc_04,747,0.206536,0,1,3
iisc_04,757,0.216509,0,1,3
iisc_04,410,0.220213,0,1,3
iisc_04,899,0.159555,0,1,3
iisc_04,518,0.133719,0,1,3
iisc_04,1004,0.264129,0,1,3
iisc_04,-5808,1000.000000,1,1,0
iisc_04,816,0.218369,0,1,3
iisc_04,-1495,1000.000000,0,0,1
iisc_04,718,0.208890,0,1,3
iisc_04,-5582,1000.000000,1,1,0
iisc_04,787,0.195515,0,1,3
iisc_04,548,0.246226,0,1,3
iisc_04,888,0.156358,0,1,3
iisc_04,635,0.287475,0,1,3
iisc_04,705,0.373334,0,1,3
iisc_04,-6245,1000.000000,0,0,1
iisc_04,830,0.189726,0,1,3
iisc_04,940,0.195920,0,1,3
iisc_04,-6539,1000.000000,1,1,0
iisc_04,645,0.219103,0,1,3
iisc_04,1669,0.133917,1,0,1
iisc_04,964,0.379376,0,1,3
iisc_04,503,0.200452,0,1,3
iisc_04,1079,0.137407,0,1,3
iisc_04,793,0.124771,0,1,3
iisc_04,1500,0.211298,0,1,3
iisc_04,484,0.249045,0,1,3
iisc_04,638,0.253351,0,1,3
iisc_04,706,0.312838,0,1,3
iisc_04,522,0.140455,0,1,3
iisc_04,-6169,1000.000000,1,1,0
iisc_04,676,0.229945,0,1,3
iisc_04,-6076,1000.000000,1,1,0
iisc_04,-5710,1000.000000,1,1,0
iisc_04,1051,0.343731,0,1,3
iisc_04,718,0.223164,0,1,3
iisc_04,536,0.133548,0,1,3
iisc_04,1038,0.227586,1,0,1
iisc_04,516,0.227346,0,1,3
iisc_04,535,0.216363,0,1,3
iisc_04,650,0.231321,0,1,3
iisc_04,1109,0.201203,0,1,3
iisc_04,606,0.210438,0,1,3
iisc_04,584,0.147017,0,1,3
iisc_04,-6529,1000.000000,1,1,0
iisc_04,968,0.081807,0,1,3
iisc_04,-3864,1000.000000,0,0,1
iisc_04,-5735,1000.000000,1,1,0
iisc_04,490,0.173695,0,1,3
iisc_04,620,0.359565,0,1,3
iisc_04,1707,0.048562,0,1,3
iisc_04,548,0.158881,0,1,3
iisc_04,673,0.178311,0,1,3
iisc_04,735,0.133439,1,0,1
iisc_04,1227,0.059839,0,1,3
iisc_04,-1162,1000.000000,0,0,1
iisc_04,1876,0.265357,0,1,3
iisc_04,657,0.226698,0,1,3
iisc_04,837,0.255631,0,1,3
iisc_04,494,0.154561,0,1,3
iisc_04,606,0.096891,0,1,3
iisc_04,-5637,1000.000000,1,1,0
iisc_04,960,0.189362,0,1,3
iisc_04,-5747,1000.000000,1,1,0
iisc_04,888,0.088988,0,1,3
iisc_04,706,0.178183,0,1,3
iisc_04,614,0.127504,0,1,3
iisc_04,546,0.109988,0,1,3
iisc_04,726,0.105200,0,1,3
iisc_04,628,0.128343,0,1,3
iisc_04,787,0.147556,0,1,3
iisc_04,2641,0.230404,0,0,2
iisc_04,745,0.162757,0,1,3
iisc_04,490,0.180440,0,1,3
iisc_04,-7141,1000.000000,1,1,0
iisc_04,-6991,1000.000000,1,1,0
iisc_04,605,0.179681,0,1,3
iisc_04,-5499,1000.000000,1,1,0
iisc_04,710,0.121443,0,1,3
iisc_04,591,0.109500,0,1,3
iisc_04,-5060,1000.000000,0,0,1
iisc_04,356,0.205488,0,1,3
iisc_04,1026,0.239675,0,1,3
iisc_04,1175,0.154772,0,1,3
iisc_04,1074,0.130122,0,1,3
iisc_04,2430,0.307080,1,1,0
iisc_04,862,0.117819,0,1,3
iisc_04,927,0.116129,0,1,3
iisc_04,648,0.160296,1,0,1
iisc_04,-3907,1000.000000,0,0,1
iisc_04,1426,0.120764,0,1,3
iisc_04,1606,0.151634,0,1,3
iisc_04,534,0.162509,0,1,3
iisc_04,503,0.240799,0,1,3
iisc_04,3290,0.142382,0,0,2
iisc_04,-5900,1000.000000,1,1,0
iisc_04,649,0.170584,0,1,3
iisc_04,545,0.160528,0,1,3
iisc_04,856,0.094798,0,1,3
iisc_04,1331,0.100854,0,1,3
iisc_04,971,0.170336,0,1,3
iisc_04,664,0.113697,0,1,3
iisc_04,-5878,1000.000000,1,1,0
iisc_04,866,0.330270,0,1,3
iisc_04,1035,0.188125,0,1,3
iisc_04,575,0.089038,0,1,3
iisc_04,753,0.156631,0,1,3
iisc_04,2504,0.067090,0,0,2
iisc_04,783,0.176988,0,1,3
iisc_04,608,0.134438,0,1,3
iisc_04,1379,0.192983,1,0,1
iisc_04,-5446,1000.000000,1,1,0
iisc_04,833,0.195267,0,1,3
iisc_04,585,0.232117,0,1,3
iisc_04,794,0.124998,0,1,3
iisc_04,603,0.179143,0,1,3
iisc_04,933,0.101160,0,1,3
iisc_04,-5530,1000.000000,1,1,0
iisc_04,-5431,1000.000000,1,1,0
iisc_04,1024,0.195925,1,0,1
iisc_04,733,0.104804,0,1,3
iisc_04,781,0.157985,0,1,3
iisc_04,544,0.226382,0,1,3
iisc_04,666,0.201106,0,1,3
iisc_04,-6790,1000.000000,1,1,0
iisc_04,828,0.250230,0,1,3
iisc_04,1253,0.201824,0,1,3
iisc_04,814,0.194282,0,1,3
iisc_04,751,0.127224,0,1,3
iisc_04,723,0.171499,0,1,3
iisc_04,721,0.120126,0,1,3
iisc_04,-5355,1000.000000,1,1,0
iisc_04,913,0.132016,0,1,3
iisc_04,858,0.055094,0,1,3
iisc_04,570,0.292717,0,1,3
iisc_04,888,0.228348,0,1,3
iisc_04,499,0.123484,0,1,3
iisc_04,590,0.097621,0,1,3
iisc_04,534,0.160515,0,1,3
iisc_04,583,0.232886,0,1,3
iisc_04,-5832,1000.000000,1,1,0
iisc_04,589,0.306464,0,1,3
iisc_04,802,0.076171,0,1,3
iisc_04,1438,0.240836,0,1,3
iisc_04,717,0.235647,0,1,3
iisc_04,-5233,1000.000000,1,1,0
iisc_04,744,0.222706,0,1,3
iisc_04,1450,0.180309,0,1,3
iisc_04,-3234,1000.000000,1,0,1
iisc_04,739,0.205357,0,1,3
iisc_04,1380,0.328702,0,1,3
iisc_04,-6387,1000.000000,1,1,0
iisc_04,1104,0.230128,0,1,3
iisc_04,551,0.237101,0,1,3
iisc_04,1091,0.412153,0,1,3
iisc_04,-5769,1000.000000,1,1,0
iisc_04,520,0.201956,0,1,3
iisc_04,-5910,1000.000000,0,0,1
iisc_04,1606,0.064029,0,1,3
iisc_04,-5903,1000.000000,1,1,0
iisc_04,1068,0.163307,0,1,3
iisc_04,1486,0.274371,0,1,3
iisc_04,690,0.085300,0,1,3
iisc_04,876,0.086686,0,1,3
iisc_04,559,0.276319,0,1,3
iisc_04,-6662,1000.000000,1,1,0
iisc_04,675,0.199064,0,1,3
iisc_04,-5676,1000.000000,1,1,0
iisc_04,740,0.118522,0,1,3
iisc_04,447,0.104224,0,1,3
iisc_04,851,0.196375,0,1,3
iisc_04,-7463,1000.000000,1,1,0
iisc_04,805,0.184552,0,1,3
iisc_04,1609,0.157592,0,1,3
iisc_04,973,0.111368,0,1,3
iisc_04,778,0.357568,0,1,3
iisc_04,1099,0.233185,0,1,3
iisc_04,783,0.155059,0,1,3
iisc_04,703,0.375983,0,1,3
iisc_04,576,0.254612,0,1,3
iisc_04,1385,0.150016,0,1,3
iisc_04,-5860,1000.000000,1,1,0
iisc_04,1922,0.087620,1,0,1
iisc_04,1728,0.203739,0,1,3
iisc_04,536,0.076788,0,1,3
iisc_04,1071,0.185938,0,1,3
iisc_04,897,0.180416,0,1,3
iisc_04,-6385,1000.000000,1,1,0
iisc_04,1707,0.177250,0,1,3
iisc_04,1056,0.190957,0,1,3
iisc_04,947,0.081350,0,1,3
iisc_04,2094,0.135050,0,0,2
iisc_04,894,0.187116,0,1,3
iisc_04,630,0.222262,0,1,3
iisc_04,-6213,1000.000000,1,1,0
iisc_04,1164,0.099183,0,1,3
iisc_04,1143,0.112952,0,1,3
iisc_04,536,0.172290,0,1,3
iisc_04,516,0.180872,0,1,3
iisc_05,478,0.309336,0,1,3
iisc_05,359,0.233848,0,1,3
iisc_05,362,0.232198,0,1,3
iisc_05,604,0.200064,0,1,3
iisc_05,379,0.156847,0,1,3
iisc_05,510,0.318874,0,1,3
iisc_05,-5808,1000.000000,1,1,0
iisc_05,320,0.322577,0,1,3
iisc_05,765,0.056405,0,1,3
iisc_05,-1073,1000.000000,0,0,1
iisc_05,-5582,1000.000000,1,1,0
iisc_05,357,0.141555,0,1,3
iisc_05,351,0.239334,0,1,3
iisc_05,454,0.188542,0,1,3
iisc_05,376,0.259776,0,1,3
iisc_05,648,0.390381,0,1,3
iisc_05,441,0.288592,0,1,3
iisc_05,423,0.230178,0,1,3
iisc_05,1352,0.142337,0,1,3
iisc_05,-6539,1000.000000,1,1,0
iisc_05,563,0.235223,0,1,3
iisc_05,426,0.123876,1,0,1
iisc_05,604,0.370117,0,1,3
iisc_05,505,0.199428,0,1,3
iisc_05,544,0.162067,0,1,3
iisc_05,411,0.083133,0,1,3
iisc_05,672,0.160008,0,1,3
iisc_05,475,0.252170,0,1,3
iisc_05,424,0.280204,0,1,3
iisc_05,438,0.240995,0,1,3
iisc_05,395,0.124161,0,1,3
iisc_05,-6169,1000.000000,1,1,0
iisc_05,563,0.251690,0,1,3
iisc_05,-6076,1000.000000,1,1,0
iisc_05,-5710,1000.000000,1,1,0
iisc_05,379,0.317380,0,1,3
iisc_05,382,0.173242,0,1,3
iisc_05,486,0.122451,0,1,3
iisc_05,-381,1000.000000,1,0,1
iisc_05,609,0.236882,0,1,3
iisc_05,446,0.232323,0,1,3
iisc_05,581,0.245645,0,1,3
iisc_05,899,0.213739,0,1,3
iisc_05,436,0.241419,0,1,3
iisc_05,458,0.098378,0,1,3
iisc_05,2864,0.141840,1,1,0
iisc_05,386,0.127830,0,1,3
iisc_05,-4546,1000.000000,0,0,1
iisc_05,-5735,1000.000000,1,1,0
iisc_05,575,0.158912,0,1,3
iisc_05,727,0.342865,0,1,3
iisc_05,1087,0.057450,0,1,3
iisc_05,561,0.160802,0,1,3
iisc_05,389,0.200060,0,1,3
iisc_05,570,0.145821,1,0,1
iisc_05,644,0.072251,0,1,3
iisc_05,496,0.404295,0,1,3
iisc_05,1022,0.336753,0,1,3
iisc_05,441,0.210096,0,1,3
iisc_05,627,0.252374,0,1,3
iisc_05,377,0.125684,0,1,3
iisc_05,409,0.085166,0,1,3
iisc_05,2084,0.205894,1,1,0
iisc_05,475,0.296340,0,1,3
iisc_05,-5747,1000.000000,1,1,0
iisc_05,472,0.077009,0,1,3
iisc_05,1043,0.187610,0,1,3
iisc_05,503,0.117877,0,1,3
iisc_05,568,0.109957,0,1,3
iisc_05,537,0.135433,0,1,3
iisc_05,471,0.118640,0,1,3
iisc_05,371,0.224788,0,1,3
iisc_05,933,0.215158,0,1,3
iisc_05,545,0.185677,0,1,3
iisc_05,542,0.176857,0,1,3
iisc_05,-7141,1000.000000,1,1,0
iisc_05,338,0.196566,1,0,1
iisc_05,454,0.179044,0,1,3
iisc_05,-5499,1000.000000,1,1,0
iisc_05,614,0.118365,0,1,3
iisc_05,482,0.128092,0,1,3
iisc_05,585,0.264348,0,1,3
iisc_05,527,0.213969,0,1,3
iisc_05,404,0.259531,0,1,3
iisc_05,378,0.301470,0,1,3
iisc_05,796,0.119670,0,1,3
iisc_05,694,0.364885,1,0,1
iisc_05,630,0.148219,0,1,3
iisc_05,552,0.128197,0,1,3
iisc_05,406,0.131542,1,0,1
iisc_05,602,0.232335,0,1,3
iisc_05,883,0.097886,0,1,3
iisc_05,435,0.148388,0,1,3
iisc_05,614,0.166725,0,1,3
iisc_05,473,0.249692,0,1,3
iisc_05,466,0.124639,0,1,3
iisc_05,1244,0.231075,1,0,1
iisc_05,412,0.123358,0,1,3
iisc_05,449,0.158889,0,1,3
iisc_05,441,0.084372,0,1,3
iisc_05,339,0.125119,0,1,3
iisc_05,581,0.227253,0,1,3
iisc_05,664,0.113697,0,1,3
iisc_05,551,0.194193,1,0,1
iisc_05,410,0.273732,0,1,3
iisc_05,376,0.332050,0,1,3
iisc_05,354,0.066274,0,1,3
iisc_05,423,0.181125,0,1,3
iisc_05,482,0.087960,0,1,3
iisc_05,521,0.157125,0,1,3
iisc_05,710,0.123492,0,1,3
iisc_05,422,0.192701,1,0,1
iisc_05,403,0.406594,1,0,1
iisc_05,489,0.212670,0,1,3
iisc_05,434,0.289458,0,1,3
iisc_05,500,0.104699,0,1,3
iisc_05,405,0.185977,0,1,3
iisc_05,2286,0.059249,0,0,2
iisc_05,631,0.180148,1,0,1
iisc_05,-793,1000.000000,1,0,1
iisc_05,585,0.192065,1,0,1
iisc_05,672,0.107214,0,1,3
iisc_05,371,0.213035,0,1,3
iisc_05,319,0.325478,0,1,3
iisc_05,501,0.191935,0,1,3
iisc_05,-6790,1000.000000,1,1,0
iisc_05,670,0.224662,0,1,3
iisc_05,754,0.191405,0,1,3
iisc_05,324,0.215762,0,1,3
iisc_05,397,0.205813,0,1,3
iisc_05,562,0.139065,0,1,3
iisc_05,678,0.122486,0,1,3
iisc_05,489,0.160391,1,0,1
iisc_05,475,0.220780,0,1,3
iisc_05,695,0.054184,0,1,3
iisc_05,463,0.319357,0,1,3
iisc_05,395,0.308646,0,1,3
iisc_05,433,0.126276,0,1,3
iisc_05,530,0.090225,0,1,3
iisc_05,561,0.159123,0,1,3
iisc_05,560,0.234763,0,1,3
iisc_05,-5832,1000.000000,1,1,0
iisc_05,658,0.309774,0,1,3
iisc_05,376,0.119847,0,1,3
iisc_05,532,0.201398,0,1,3
iisc_05,550,0.263183,0,1,3
iisc_05,-5233,1000.000000,1,1,0
iisc_05,930,0.216154,0,1,3
iisc_05,2757,0.170745,0,0,2
iisc_05,-5754,1000.000000,1,1,0
iisc_05,359,0.288082,0,1,3
iisc_05,452,0.373523,0,1,3
iisc_05,-6387,1000.000000,1,1,0
iisc_05,420,0.216104,0,1,3
iisc_05,630,0.266931,0,1,3
iisc_05,447,0.447492,0,1,3
iisc_05,719,0.081675,1,0,1
iisc_05,500,0.202947,0,1,3
iisc_05,585,0.175975,0,1,3
iisc_05,824,0.089785,0,1,3
iisc_05,-5903,1000.000000,1,1,0
iisc_05,-6194,1000.000000,0,0,1
iisc_05,398,0.272685,0,1,3
iisc_05,669,0.084774,0,1,3
iisc_05,553,0.080980,0,1,3
iisc_05,1771,0.295995,0,1,3
iisc_05,-6662,1000.000000,1,1,0
iisc_05,422,0.249538,0,1,3
iisc_05,-5676,1000.000000,1,1,0
iisc_05,567,0.136064,0,1,3
iisc_05,444,0.104224,0,1,3
iisc_05,519,0.164354,0,1,3
iisc_05,-7463,1000.000000,1,1,0
iisc_05,482,0.149713,0,1,3
iisc_05,457,0.254564,0,1,3
iisc_05,427,0.109720,0,1,3
iisc_05,656,0.370758,0,1,3
iisc_05,471,0.189550,0,1,3
iisc_05,393,0.119654,0,1,3
iisc_05,815,0.391935,0,1,3
iisc_05,1554,0.249635,0,1,3
iisc_05,1114,0.135192,0,1,3
iisc_05,-5860,1000.000000,1,1,0
iisc_05,655,0.073317,1,0,1
iisc_05,495,0.214790,0,1,3
iisc_05,606,0.089000,0,1,3
iisc_05,1119,0.182986,0,1,3
iisc_05,685,0.175084,0,1,3
iisc_05,2426,0.123399,1,1,0
iisc_05,663,0.225639,0,1,3
iisc_05,386,0.340868,0,1,3
iisc_05,458,0.133464,0,1,3
iisc_05,764,0.125157,0,1,3
iisc_05,535,0.180162,0,1,3
iisc_05,514,0.233734,0,1,3
iisc_05,-6213,1000.000000,1,1,0
iisc_05,568,0.089767,0,1,3
iisc_05,505,0.128641,0,1,3
iisc_05,687,0.178574,0,1,3
iisc_05,642,0.155109,0,1,3
iisc_06,714,0.215232,0,1,3
iisc_06,669,0.217326,0,1,3
iisc_06,515,0.183187,0,1,3
iisc_06,1013,0.150795,0,1,3
iisc_06,563,0.127540,0,1,3
iisc_06,692,0.286081,0,1,3
iisc_06,-5808,1000.000000,1,1,0
iisc_06,954,0.209898,0,1,3
iisc_06,452,0.039111,0,1,3
iisc_06,563,0.179386,0,1,3
iisc_06,-5582,1000.000000,1,1,0
iisc_06,682,0.200470,0,1,3
iisc_06,436,0.268081,0,1,3
iisc_06,357,0.209156,0,1,3
iisc_06,649,0.287125,0,1,3
iisc_06,435,0.376954,0,1,3
iisc_06,562,0.318553,0,1,3
iisc_06,431,0.228478,0,1,3
iisc_06,564,0.237564,0,1,3
iisc_06,-6539,1000.000000,1,1,0
iisc_06,452,0.277678,0,1,3
iisc_06,386,0.133144,1,0,1
iisc_06,480,0.408579,0,1,3
iisc_06,591,0.198325,0,1,3
iisc_06,420,0.094769,0,1,3
iisc_06,767,0.126955,0,1,3
iisc_06,804,0.159902,0,1,3
iisc_06,511,0.239513,0,1,3
iisc_06,564,0.255286,0,1,3
iisc_06,739,0.304736,0,1,3
iisc_06,671,0.161411,0,1,3
iisc_06,-6169,1000.000000,1,1,0
iisc_06,869,0.200066,0,1,3
iisc_06,-6076,1000.000000,1,1,0
iisc_06,589,0.067167,1,0,1
iisc_06,712,0.313831,0,1,3
iisc_06,500,0.183680,0,1,3
iisc_06,409,0.104238,0,1,3
iisc_06,752,0.234763,1,0,1
iisc_06,613,0.238387,0,1,3
iisc_06,600,0.201349,0,1,3
iisc_06,817,0.211745,0,1,3
iisc_06,970,0.209543,0,1,3
iisc_06,652,0.205899,0,1,3
iisc_06,413,0.077008,0,1,3
iisc_06,-6529,1000.000000,1,1,0
iisc_06,402,0.125924,0,1,3
iisc_06,413,0.313076,0,1,3
iisc_06,-5735,1000.000000,1,1,0
iisc_06,539,0.161852,0,1,3
iisc_06,592,0.353331,0,1,3
iisc_06,630,0.046637,0,1,3
iisc_06,1001,0.164091,0,1,3
iisc_06,403,0.198632,0,1,3
iisc_06,2599,0.182191,1,1,0
iisc_06,631,0.071845,0,1,3
iisc_06,720,0.362421,0,1,3
iisc_06,814,0.336185,0,1,3
iisc_06,595,0.220046,0,1,3
iisc_06,490,0.237501,0,1,3
iisc_06,397,0.131618,0,1,3
iisc_06,438,0.087392,0,1,3
iisc_06,1986,0.206408,1,0,1
iisc_06,426,0.318761,0,1,3
iisc_06,-3207,1000.000000,1,0,1
iisc_06,537,0.077915,0,1,3
iisc_06,746,0.177681,0,1,3
iisc_06,367,0.105561,0,1,3
iisc_06,380,0.086369,0,1,3
iisc_06,404,0.162498,0,1,3
iisc_06,565,0.132790,0,1,3
iisc_06,505,0.194780,0,1,3
iisc_06,423,0.201086,0,1,3
iisc_06,495,0.190912,0,1,3
iisc_06,432,0.177207,0,1,3
iisc_06,-7141,1000.000000,1,1,0
iisc_06,245,0.229052,1,0,1
iisc_06,679,0.186937,0,1,3
iisc_06,-5499,1000.000000,1,1,0
iisc_06,452,0.083658,0,1,3
iisc_06,548,0.115654,0,1,3
iisc_06,461,0.300875,0,1,3
iisc_06,579,0.207786,0,1,3
iisc_06,757,0.220201,0,1,3
iisc_06,586,0.216552,0,1,3
iisc_06,515,0.134189,0,1,3
iisc_06,395,0.356792,1,0,1
iisc_06,910,0.110516,0,1,3
iisc_06,677,0.108429,0,1,3
iisc_06,526,0.137398,1,0,1
iisc_06,448,0.178940,0,1,3
iisc_06,646,0.099946,0,1,3
iisc_06,436,0.148388,0,1,3
iisc_06,999,0.160373,0,1,3
iisc_06,608,0.220683,0,1,3
iisc_06,713,0.162197,0,1,3
iisc_06,-5900,1000.000000,1,1,0
iisc_06,551,0.129136,0,1,3
iisc_06,570,0.160566,0,1,3
iisc_06,476,0.085188,0,1,3
iisc_06,653,0.072544,0,1,3
iisc_06,1025,0.167888,0,1,3
iisc_06,464,0.114206,0,1,3
iisc_06,-5878,1000.000000,1,1,0
iisc_06,583,0.315350,0,1,3
iisc_06,671,0.226167,0,1,3
iisc_06,897,0.103032,0,1,3
iisc_06,542,0.169659,0,1,3
iisc_06,1055,0.065959,0,1,3
iisc_06,564,0.179114,0,1,3
iisc_06,561,0.137602,0,1,3
iisc_06,611,0.214357,1,0,1
iisc_06,464,0.409735,1,0,1
iisc_06,522,0.203802,0,1,3
iisc_06,655,0.217586,0,1,3
iisc_06,700,0.135016,0,1,3
iisc_06,810,0.180418,0,1,3
iisc_06,-6261,1000.000000,0,0,1
iisc_06,-5530,1000.000000,1,1,0
iisc_06,-5431,1000.000000,1,1,0
iisc_06,600,0.191121,1,0,1
iisc_06,761,0.104856,0,1,3
iisc_06,773,0.159764,0,1,3
iisc_06,487,0.248023,0,1,3
iisc_06,631,0.196725,0,1,3
iisc_06,-6790,1000.000000,1,1,0
iisc_06,721,0.226330,0,1,3
iisc_06,530,0.184859,0,1,3
iisc_06,638,0.170513,0,1,3
iisc_06,506,0.174016,0,1,3
iisc_06,681,0.167420,0,1,3
iisc_06,975,0.151017,0,1,3
iisc_06,-5355,1000.000000,1,1,0
iisc_06,398,0.254994,0,1,3
iisc_06,915,0.053175,0,1,3
iisc_06,877,0.297424,0,1,3
iisc_06,564,0.261094,0,1,3
iisc_06,559,0.139541,0,1,3
iisc_06,366,0.076791,0,1,3
iisc_06,578,0.158013,0,1,3
iisc_06,497,0.248644,0,1,3
iisc_06,-5832,1000.000000,1,1,0
iisc_06,493,0.283468,0,1,3
iisc_06,482,0.103811,0,1,3
iisc_06,485,0.196580,0,1,3
iisc_06,767,0.230851,0,1,3
iisc_06,-5233,1000.000000,1,1,0
iisc_06,800,0.216868,0,1,3
iisc_06,663,0.160611,0,1,3
iisc_06,1071,0.137457,1,0,1
iisc_06,542,0.247891,0,1,3
iisc_06,488,0.362890,0,1,3
iisc_06,-6387,1000.000000,1,1,0
iisc_06,512,0.231282,0,1,3
iisc_06,480,0.206941,0,1,3
iisc_06,483,0.437355,0,1,3
iisc_06,-5769,1000.000000,1,1,0
iisc_06,390,0.205020,0,1,3
iisc_06,588,0.175975,0,1,3
iisc_06,735,0.091526,0,1,3
iisc_06,-2071,1000.000000,1,0,1
iisc_06,878,0.186785,0,1,3
iisc_06,500,0.287044,0,1,3
iisc_06,-956,1000.000000,0,0,1
iisc_06,-577,1000.000000,0,0,1
iisc_06,791,0.290658,0,1,3
iisc_06,-6662,1000.000000,1,1,0
iisc_06,536,0.212682,0,1,3
iisc_06,997,0.174268,1,0,1
iisc_06,586,0.135774,0,1,3
iisc_06,584,0.112131,0,1,3
iisc_06,431,0.160553,0,1,3
iisc_06,-1482,1000.000000,1,0,1
iisc_06,459,0.139475,0,1,3
iisc_06,605,0.205316,0,1,3
iisc_06,488,0.114335,0,1,3
iisc_06,-418,1000.000000,0,0,1
iisc_06,554,0.194769,0,1,3
iisc_06,896,0.144207,0,1,3
iisc_06,557,0.398701,0,1,3
iisc_06,754,0.257373,0,1,3
iisc_06,-9486,1000.000000,0,0,1
iisc_06,-5860,1000.000000,1,1,0
iisc_06,-5185,1000.000000,1,1,0
iisc_06,436,0.221805,0,1,3
iisc_06,478,0.076971,0,1,3
iisc_06,1454,0.172757,0,1,3
iisc_06,454,0.124383,0,1,3
iisc_06,-6385,1000.000000,1,1,0
iisc_06,805,0.216657,0,1,3
iisc_06,514,0.292114,0,1,3
iisc_06,488,0.127298,0,1,3
iisc_06,741,0.127094,0,1,3
iisc_06,627,0.205132,0,1,3
iisc_06,-2003,1000.000000,0,0,1
iisc_06,513,0.119469,1,0,1
iisc_06,531,0.095116,0,1,3
iisc_06,499,0.129912,0,1,3
iisc_06,783,0.190011,0,1,3
iisc_06,440,0.205134,0,1,3
iisc_07,1041,0.191257,0,1,3
iisc_07,1013,0.231144,0,1,3
iisc_07,770,0.194307,0,1,3
iisc_07,730,0.189900,0,1,3
iisc_07,1146,0.113287,0,1,3
iisc_07,653,0.285452,0,1,3
iisc_07,-5808,1000.000000,1,1,0
iisc_07,800,0.219061,0,1,3
iisc_07,780,0.056898,0,1,3
iisc_07,572,0.179386,0,1,3
iisc_07,-5582,1000.000000,1,1,0
iisc_07,667,0.195364,0,1,3
iisc_07,670,0.224733,0,1,3
iisc_07,769,0.157082,0,1,3
iisc_07,972,0.270884,0,1,3
iisc_07,758,0.370926,0,1,3
iisc_07,708,0.326047,0,1,3
iisc_07,699,0.178094,0,1,3
iisc_07,3085,0.059320,0,0,2
iisc_07,-6539,1000.000000,1,1,0
iisc_07,770,0.184841,0,1,3
iisc_07,1313,0.127515,1,0,1
iisc_07,806,0.369781,0,1,3
iisc_07,726,0.183260,0,1,3
iisc_07,891,0.159051,0,1,3
iisc_07,878,0.116916,0,1,3
iisc_07,811,0.160961,0,1,3
iisc_07,438,0.259022,0,1,3
iisc_07,701,0.252357,0,1,3
iisc_07,426,0.233764,0,1,3
iisc_07,923,0.151972,0,1,3
iisc_07,-6169,1000.000000,1,1,0
iisc_07,1645,0.147384,0,1,3
iisc_07,-6076,1000.000000,1,1,0
iisc_07,-5710,1000.000000,1,1,0
iisc_07,647,0.309872,0,1,3
iisc_07,295,0.194126,0,1,3
iisc_07,789,0.128801,0,1,3
iisc_07,-5637,1000.000000,1,1,0
iisc_07,311,0.216208,0,1,3
iisc_07,562,0.208092,0,1,3
iisc_07,1156,0.176409,0,1,3
iisc_07,678,0.228294,0,1,3
iisc_07,592,0.210945,0,1,3
iisc_07,583,0.147017,0,1,3
iisc_07,-6529,1000.000000,1,1,0
iisc_07,903,0.083782,0,1,3
iisc_07,459,0.323789,0,1,3
iisc_07,-5735,1000.000000,1,1,0
iisc_07,526,0.165975,0,1,3
iisc_07,1099,0.329155,0,1,3
iisc_07,1089,0.057450,0,1,3
iisc_07,652,0.159258,0,1,3
iisc_07,569,0.182833,0,1,3
iisc_07,-5605,1000.000000,1,1,0
iisc_07,634,0.071994,0,1,3
iisc_07,1112,0.378129,0,1,3
iisc_07,840,0.339217,0,1,3
iisc_07,1118,0.259447,0,1,3
iisc_07,1127,0.242665,0,1,3
iisc_07,1021,0.193347,0,1,3
iisc_07,945,0.122625,0,1,3
iisc_07,-5637,1000.000000,1,1,0
iisc_07,430,0.314360,0,1,3
iisc_07,-5747,1000.000000,1,1,0
iisc_07,839,0.091573,0,1,3
iisc_07,423,0.192290,0,1,3
iisc_07,766,0.137641,0,1,3
iisc_07,839,0.098750,0,1,3
iisc_07,1073,0.106673,0,1,3
iisc_07,544,0.133070,0,1,3
iisc_07,539,0.185991,0,1,3
iisc_07,797,0.178480,0,1,3
iisc_07,712,0.163766,0,1,3
iisc_07,926,0.207156,0,1,3
iisc_07,-7141,1000.000000,1,1,0
iisc_07,719,0.143967,1,0,1
iisc_07,578,0.180060,0,1,3
iisc_07,-5499,1000.000000,1,1,0
iisc_07,492,0.091512,0,1,3
iisc_07,500,0.124069,0,1,3
iisc_07,877,0.239073,0,1,3
iisc_07,644,0.202798,0,1,3
iisc_07,780,0.218988,0,1,3
iisc_07,876,0.187801,0,1,3
iisc_07,874,0.120969,0,1,3
iisc_07,677,0.370869,1,0,1
iisc_07,1308,0.142121,0,1,3
iisc_07,545,0.128197,0,1,3
iisc_07,-6495,1000.000000,1,1,0
iisc_07,1007,0.206512,0,1,3
iisc_07,822,0.097577,0,1,3
iisc_07,746,0.144205,0,1,3
iisc_07,909,0.170209,0,1,3
iisc_07,793,0.182943,0,1,3
iisc_07,1305,0.143698,0,1,3
iisc_07,-5900,1000.000000,1,1,0
iisc_07,946,0.163080,0,1,3
iisc_07,738,0.173990,0,1,3
iisc_07,703,0.087747,0,1,3
iisc_07,1106,0.082413,0,1,3
iisc_07,758,0.202704,0,1,3
iisc_07,416,0.100968,0,1,3
iisc_07,-5878,1000.000000,1,1,0
iisc_07,656,0.320889,0,1,3
iisc_07,492,0.288146,0,1,3
iisc_07,916,0.101690,0,1,3
iisc_07,397,0.184339,0,1,3
iisc_07,704,0.078306,0,1,3
iisc_07,783,0.176988,0,1,3
iisc_07,857,0.133154,0,1,3
iisc_07,575,0.211164,1,0,1
iisc_07,1471,0.377428,1,0,1
iisc_07,721,0.181048,0,1,3
iisc_07,813,0.181896,0,1,3
iisc_07,1485,0.133309,0,1,3
iisc_07,758,0.175149,0,1,3
iisc_07,645,0.093716,0,1,3
iisc_07,-5530,1000.000000,1,1,0
iisc_07,-5431,1000.000000,1,1,0
iisc_07,-5913,1000.000000,1,1,0
iisc_07,732,0.104804,0,1,3
iisc_07,1153,0.164089,0,1,3
iisc_07,890,0.182961,0,1,3
iisc_07,1180,0.229322,0,1,3
iisc_07,-6790,1000.000000,1,1,0
iisc_07,1030,0.280222,0,1,3
iisc_07,1028,0.198249,0,1,3
iisc_07,566,0.164908,0,1,3
iisc_07,485,0.180087,0,1,3
iisc_07,972,0.172382,0,1,3
iisc_07,1354,0.143712,0,1,3
iisc_07,398,0.184182,1,0,1
iisc_07,778,0.140448,0,1,3
iisc_07,920,0.052893,0,1,3
iisc_07,959,0.310724,0,1,3
iisc_07,526,0.270090,0,1,3
iisc_07,864,0.173984,0,1,3
iisc_07,830,0.113051,0,1,3
iisc_07,549,0.160497,0,1,3
iisc_07,547,0.238043,0,1,3
iisc_07,-5832,1000.000000,1,1,0
iisc_07,851,0.324896,0,1,3
iisc_07,796,0.076171,0,1,3
iisc_07,775,0.217729,0,1,3
iisc_07,757,0.232199,0,1,3
iisc_07,-5233,1000.000000,1,1,0
iisc_07,-229,1000.000000,0,0,1
iisc_07,857,0.169206,0,1,3
iisc_07,-5754,1000.000000,1,1,0
iisc_07,434,0.276905,0,1,3
iisc_07,3458,0.299433,0,0,2
iisc_07,-6387,1000.000000,1,1,0
iisc_07,545,0.230970,0,1,3
iisc_07,1410,0.251556,0,1,3
iisc_07,1009,0.415759,0,1,3
iisc_07,-5769,1000.000000,1,1,0
iisc_07,1062,0.203070,0,1,3
iisc_07,-5910,1000.000000,0,0,1
iisc_07,810,0.090501,0,1,3
iisc_07,-5903,1000.000000,1,1,0
iisc_07,1288,0.136186,0,1,3
iisc_07,926,0.279227,0,1,3
iisc_07,521,0.092018,0,1,3
iisc_07,1050,0.092616,0,1,3
iisc_07,2332,0.301683,0,0,2
iisc_07,-6662,1000.000000,1,1,0
iisc_07,499,0.224628,0,1,3
iisc_07,483,0.192103,1,0,1
iisc_07,431,0.112654,0,1,3
iisc_07,502,0.114011,0,1,3
iisc_07,823,0.194732,0,1,3
iisc_07,-7463,1000.000000,1,1,0
iisc_07,901,0.194370,0,1,3
iisc_07,904,0.156368,0,1,3
iisc_07,417,0.109187,0,1,3
iisc_07,355,0.342581,0,1,3
iisc_07,402,0.194202,0,1,3
iisc_07,757,0.157747,0,1,3
iisc_07,496,0.420026,0,1,3
iisc_07,585,0.256188,0,1,3
iisc_07,2141,0.127004,0,0,2
iisc_07,-5860,1000.000000,1,1,0
iisc_07,-5185,1000.000000,1,1,0
iisc_07,753,0.182626,0,1,3
iisc_07,733,0.106970,0,1,3
iisc_07,-5520,1000.000000,0,0,1
iisc_07,794,0.178302,0,1,3
iisc_07,-6385,1000.000000,1,1,0
iisc_07,1292,0.216087,0,1,3
iisc_07,881,0.205109,0,1,3
iisc_07,715,0.091236,0,1,3
iisc_07,968,0.117539,0,1,3
iisc_07,613,0.205004,0,1,3
iisc_07,664,0.217876,0,1,3
iisc_07,-6213,1000.000000,1,1,0
iisc_07,602,0.085742,0,1,3
iisc_07,685,0.109661,0,1,3
iisc_07,648,0.173547,0,1,3
iisc_07,701,0.146847,0,1,3
iisc_08,742,0.208075,0,1,3
iisc_08,618,0.218651,0,1,3
iisc_08,1000,0.246490,0,1,3
iisc_08,687,0.194802,0,1,3
iisc_08,427,0.147579,0,1,3
iisc_08,479,0.329110,0,1,3
iisc_08,-5808,1000.000000,1,1,0
iisc_08,295,0.331107,0,1,3
iisc_08,574,0.050274,0,1,3
iisc_08,733,0.209594,0,1,3
iisc_08,-5582,1000.000000,1,1,0
iisc_08,709,0.203329,0,1,3
iisc_08,688,0.224971,0,1,3
iisc_08,682,0.159984,0,1,3
iisc_08,595,0.283958,0,1,3
iisc_08,705,0.373334,0,1,3
iisc_08,802,0.333683,0,1,3
iisc_08,363,0.221682,0,1,3
iisc_08,1311,0.147610,0,1,3
iisc_08,-6539,1000.000000,1,1,0
iisc_08,506,0.255744,0,1,3
iisc_08,-5903,1000.000000,1,1,0
iisc_08,415,0.418028,0,1,3
iisc_08,454,0.207051,0,1,3
iisc_08,536,0.157379,0,1,3
iisc_08,620,0.129731,0,1,3
iisc_08,1091,0.186830,0,1,3
iisc_08,477,0.252170,0,1,3
iisc_08,899,0.252256,0,1,3
iisc_08,693,0.314589,0,1,3
iisc_08,480,0.132493,0,1,3
iisc_08,-6169,1000.000000,1,1,0
iisc_08,590,0.246485,0,1,3
iisc_08,-3213,1000.000000,1,0,1
iisc_08,533,0.072350,1,0,1
iisc_08,395,0.327751,0,1,3
iisc_08,597,0.196973,0,1,3
iisc_08,416,0.105957,0,1,3
iisc_08,-5637,1000.000000,1,1,0
iisc_08,467,0.223046,0,1,3
iisc_08,439,0.231631,0,1,3
iisc_08,915,0.192009,0,1,3
iisc_08,1027,0.207706,0,1,3
iisc_08,443,0.240302,0,1,3
iisc_08,533,0.129897,0,1,3
iisc_08,-6529,1000.000000,1,1,0
iisc_08,1095,0.098022,0,1,3
iisc_08,605,0.290624,0,1,3
iisc_08,-5735,1000.000000,1,1,0
iisc_08,559,0.159493,0,1,3
iisc_08,693,0.348518,0,1,3
iisc_08,558,0.040364,0,1,3
iisc_08,591,0.163418,0,1,3
iisc_08,715,0.171934,0,1,3
iisc_08,1560,0.186556,1,0,1
iisc_08,592,0.072280,0,1,3
iisc_08,622,0.370695,0,1,3
iisc_08,2097,0.251462,0,0,2
iisc_08,505,0.212695,0,1,3
iisc_08,701,0.247738,0,1,3
iisc_08,-7578,1000.000000,0,0,1
iisc_08,757,0.094609,0,1,3
iisc_08,-3092,1000.000000,1,0,1
iisc_08,485,0.291688,0,1,3
iisc_08,-5747,1000.000000,1,1,0
iisc_08,441,0.077520,0,1,3
iisc_08,771,0.179636,0,1,3
iisc_08,283,0.088756,0,1,3
iisc_08,589,0.108912,0,1,3
iisc_08,310,0.194425,0,1,3
iisc_08,526,0.131503,0,1,3
iisc_08,416,0.224927,0,1,3
iisc_08,3313,0.225265,0,0,2
iisc_08,667,0.167357,0,1,3
iisc_08,615,0.199312,0,1,3
iisc_08,-7141,1000.000000,1,1,0
iisc_08,-6991,1000.000000,1,1,0
iisc_08,742,0.199133,0,1,3
iisc_08,-5499,1000.000000,1,1,0
iisc_08,566,0.107745,0,1,3
iisc_08,1085,0.093058,0,1,3
iisc_08,416,0.313096,0,1,3
iisc_08,665,0.200237,0,1,3
iisc_08,553,0.233689,0,1,3
iisc_08,729,0.189745,0,1,3
iisc_08,1260,0.120269,0,1,3
iisc_08,-5450,1000.000000,1,1,0
iisc_08,827,0.124080,0,1,3
iisc_08,807,0.101387,0,1,3
iisc_08,669,0.163105,1,0,1
iisc_08,824,0.216285,0,1,3
iisc_08,799,0.096638,0,1,3
iisc_08,1279,0.151894,0,1,3
iisc_08,1108,0.155581,0,1,3
iisc_08,595,0.222394,0,1,3
iisc_08,848,0.155679,0,1,3
iisc_08,-5900,1000.000000,1,1,0
iisc_08,618,0.158132,0,1,3
iisc_08,567,0.160566,0,1,3
iisc_08,895,0.099866,0,1,3
iisc_08,802,0.071288,0,1,3
iisc_08,671,0.209663,0,1,3
iisc_08,544,0.124210,0,1,3
iisc_08,-5878,1000.000000,1,1,0
iisc_08,519,0.297961,0,1,3
iisc_08,513,0.279551,0,1,3
iisc_08,774,0.108404,0,1,3
iisc_08,742,0.157325,0,1,3
iisc_08,-7259,1000.000000,0,0,1
iisc_08,453,0.121403,0,1,3
iisc_08,468,0.128363,0,1,3
iisc_08,-2279,1000.000000,1,0,1
iisc_08,-5446,1000.000000,1,1,0
iisc_08,534,0.198494,0,1,3
iisc_08,725,0.197223,0,1,3
iisc_08,539,0.114636,0,1,3
iisc_08,479,0.187114,0,1,3
iisc_08,826,0.097596,0,1,3
iisc_08,629,0.178116,1,0,1
iisc_08,-571,1000.000000,1,0,1
iisc_08,581,0.192065,1,0,1
iisc_08,929,0.118923,0,1,3
iisc_08,458,0.191908,0,1,3
iisc_08,408,0.288374,0,1,3
iisc_08,420,0.192761,0,1,3
iisc_08,-6790,1000.000000,1,1,0
iisc_08,490,0.268172,0,1,3
iisc_08,574,0.193950,0,1,3
iisc_08,847,0.202699,0,1,3
iisc_08,430,0.200343,0,1,3
iisc_08,558,0.139065,0,1,3
iisc_08,1142,0.147334,0,1,3
iisc_08,-5355,1000.000000,1,1,0
iisc_08,1268,0.138026,0,1,3
iisc_08,486,0.041369,0,1,3
iisc_08,478,0.319660,0,1,3
iisc_08,415,0.309468,0,1,3
iisc_08,532,0.129158,0,1,3
iisc_08,669,0.113002,0,1,3
iisc_08,551,0.159993,0,1,3
iisc_08,556,0.236242,0,1,3
iisc_08,-5832,1000.000000,1,1,0
iisc_08,849,0.324896,0,1,3
iisc_08,519,0.096992,0,1,3
iisc_08,587,0.208874,0,1,3
iisc_08,603,0.253448,0,1,3
iisc_08,-5233,1000.000000,1,1,0
iisc_08,709,0.226558,0,1,3
iisc_08,762,0.158741,0,1,3
iisc_08,-5754,1000.000000,1,1,0
iisc_08,363,0.287930,0,1,3
iisc_08,627,0.382869,0,1,3
iisc_08,-6387,1000.000000,1,1,0
iisc_08,495,0.230154,0,1,3
iisc_08,416,0.188000,0,1,3
iisc_08,490,0.437355,0,1,3
iisc_08,-5769,1000.000000,1,1,0
iisc_08,797,0.196975,0,1,3
iisc_08,472,0.179046,0,1,3
iisc_08,884,0.084989,0,1,3
iisc_08,902,0.205238,1,0,1
iisc_08,-2138,1000.000000,0,0,1
iisc_08,755,0.264224,0,1,3
iisc_08,1015,0.071717,0,1,3
iisc_08,863,0.085320,0,1,3
iisc_08,658,0.313230,0,1,3
iisc_08,-6662,1000.000000,1,1,0
iisc_08,427,0.248041,0,1,3
iisc_08,3432,0.113368,1,1,0
iisc_08,740,0.118522,0,1,3
iisc_08,871,0.086707,0,1,3
iisc_08,458,0.164353,0,1,3
iisc_08,-7463,1000.000000,1,1,0
iisc_08,461,0.139475,0,1,3
iisc_08,554,0.215653,0,1,3
iisc_08,459,0.111860,0,1,3
iisc_08,393,0.360962,0,1,3
iisc_08,585,0.198586,0,1,3
iisc_08,460,0.111497,0,1,3
iisc_08,689,0.374293,0,1,3
iisc_08,1130,0.247494,0,1,3
iisc_08,1512,0.140590,0,1,3
iisc_08,-5860,1000.000000,1,1,0
iisc_08,-5185,1000.000000,1,1,0
iisc_08,558,0.197158,0,1,3
iisc_08,471,0.076971,0,1,3
iisc_08,746,0.196442,0,1,3
iisc_08,747,0.178845,0,1,3
iisc_08,-6385,1000.000000,1,1,0
iisc_08,-6204,1000.000000,0,0,1
iisc_08,584,0.264424,0,1,3
iisc_08,608,0.107386,0,1,3
iisc_08,1290,0.143859,0,1,3
iisc_08,615,0.205004,0,1,3
iisc_08,636,0.221446,0,1,3
iisc_08,-6213,1000.000000,1,1,0
iisc_08,1427,0.108583,0,1,3
iisc_08,658,0.112204,0,1,3
iisc_08,633,0.172757,0,1,3
iisc_08,365,0.207089,0,1,3
