SID,RTms,fbank_likelihood_dist,SAME_SPEAKER,RESPONSE,LABEL
CMU_13,780,17.949933,0,1,3
CMU_13,489,18.590154,0,1,3
CMU_13,288,17.558613,0,1,3
CMU_13,548,17.222867,0,1,3
CMU_13,325,16.578947,0,1,3
CMU_13,437,17.621713,0,1,3
CMU_13,-5808,1000.000000,1,1,0
CMU_13,360,16.329115,0,1,3
CMU_13,776,17.634988,0,1,3
CMU_13,612,18.280095,0,1,3
CMU_13,-5582,1000.000000,1,1,0
CMU_13,-70,1000.000000,0,0,1
CMU_13,339,16.105314,0,1,3
CMU_13,536,17.938665,0,1,3
CMU_13,442,19.341214,0,1,3
CMU_13,534,17.546366,0,1,3
CMU_13,582,17.436487,0,1,3
CMU_13,458,17.600248,0,1,3
CMU_13,663,18.235644,0,1,3
CMU_13,-6539,1000.000000,1,1,0
CMU_13,532,18.756893,0,1,3
CMU_13,-5903,1000.000000,1,1,0
CMU_13,353,18.809908,0,1,3
CMU_13,359,17.273124,0,1,3
CMU_13,375,16.006171,0,1,3
CMU_13,629,17.514762,0,1,3
CMU_13,778,18.799501,0,1,3
CMU_13,205,1000.000000,0,0,1
CMU_13,653,18.845078,0,1,3
CMU_13,396,18.653602,0,1,3
CMU_13,376,17.320864,0,1,3
CMU_13,-6169,1000.000000,1,1,0
CMU_13,648,18.793445,0,1,3
CMU_13,-6076,1000.000000,1,1,0
CMU_13,685,17.359148,1,0,1
CMU_13,334,16.345431,0,1,3
CMU_13,826,18.662108,0,1,3
CMU_13,321,19.325967,0,1,3
CMU_13,81,1000.000000,1,0,1
CMU_13,364,17.102980,0,1,3
CMU_13,444,17.705386,0,1,3
CMU_13,378,18.313333,0,1,3
CMU_13,221,1000.000000,0,0,1
CMU_13,285,15.634305,0,1,3
CMU_13,645,17.421580,0,1,3
CMU_13,-6529,1000.000000,1,1,0
CMU_13,482,19.303276,0,1,3
CMU_13,442,16.727101,0,1,3
CMU_13,-4485,1000.000000,1,0,1
CMU_13,299,16.297165,0,1,3
CMU_13,266,16.706535,0,1,3
CMU_13,1120,18.834654,0,1,3
CMU_13,391,18.144175,0,1,3
CMU_13,423,17.700741,0,1,3
CMU_13,546,21.934068,1,0,1
CMU_13,609,17.820552,0,1,3
CMU_13,682,18.281610,0,1,3
CMU_13,400,17.274417,0,1,3
CMU_13,500,17.209495,0,1,3
CMU_13,406,17.968982,0,1,3
CMU_13,471,16.710310,0,1,3
CMU_13,627,17.619665,0,1,3
CMU_13,-5637,1000.000000,1,1,0
CMU_13,427,17.002484,0,1,3
CMU_13,-5747,1000.000000,1,1,0
CMU_13,566,18.348000,0,1,3
CMU_13,609,21.917331,0,1,3
CMU_13,322,16.336926,0,1,3
CMU_13,325,18.404111,0,1,3
CMU_13,283,16.496394,0,1,3
CMU_13,380,16.278800,0,1,3
CMU_13,365,16.556494,0,1,3
CMU_13,737,18.274622,0,1,3
CMU_13,549,17.565714,0,1,3
CMU_13,466,20.101767,0,1,3
CMU_13,-7141,1000.000000,1,1,0
CMU_13,373,17.254857,1,0,1
CMU_13,446,18.240619,0,1,3
CMU_13,-5499,1000.000000,1,1,0
CMU_13,613,17.487304,0,1,3
CMU_13,297,17.254926,0,1,3
CMU_13,326,18.196245,0,1,3
CMU_13,293,16.596235,0,1,3
CMU_13,484,16.639909,0,1,3
CMU_13,540,18.949970,0,1,3
CMU_13,343,17.299205,0,1,3
CMU_13,265,16.165797,1,0,1
CMU_13,644,18.714391,0,1,3
CMU_13,655,17.064745,0,1,3
CMU_13,-126,1000.000000,1,0,1
CMU_13,373,17.828328,0,1,3
CMU_13,813,19.508657,0,1,3
CMU_13,402,17.936864,0,1,3
CMU_13,222,1000.000000,0,0,1
CMU_13,371,17.572946,0,1,3
CMU_13,643,21.232712,0,1,3
CMU_13,485,19.951287,1,0,1
CMU_13,339,18.030259,0,1,3
CMU_13,446,19.433945,0,1,3
CMU_13,415,18.232743,0,1,3
CMU_13,368,19.232579,0,1,3
CMU_13,595,19.107709,0,1,3
CMU_13,345,16.966528,0,1,3
CMU_13,-5878,1000.000000,1,1,0
CMU_13,784,17.403455,0,1,3
CMU_13,381,16.861363,0,1,3
CMU_13,139,1000.000000,0,0,1
CMU_13,836,21.129751,0,1,3
CMU_13,374,17.649238,0,1,3
CMU_13,380,18.586779,0,1,3
CMU_13,591,20.360291,0,1,3
CMU_13,287,19.433472,1,0,1
CMU_13,472,17.613630,1,0,1
CMU_13,648,18.592786,0,1,3
CMU_13,726,18.157180,0,1,3
CMU_13,617,17.663803,0,1,3
CMU_13,258,16.527059,0,1,3
CMU_13,696,20.571186,0,1,3
CMU_13,313,17.275936,1,0,1
CMU_13,-5431,1000.000000,1,1,0
CMU_13,557,18.177529,1,0,1
CMU_13,553,18.172036,0,1,3
CMU_13,428,16.949267,0,1,3
CMU_13,424,16.727817,0,1,3
CMU_13,560,18.498253,0,1,3
CMU_13,2814,16.827704,1,1,0
CMU_13,361,15.860711,0,1,3
CMU_13,401,17.371590,0,1,3
CMU_13,462,17.669826,0,1,3
CMU_13,498,16.953247,0,1,3
CMU_13,266,15.628749,0,1,3
CMU_13,675,16.280074,0,1,3
CMU_13,179,1000.000000,1,0,1
CMU_13,495,17.561052,0,1,3
CMU_13,678,19.075399,0,1,3
CMU_13,476,15.824010,0,1,3
CMU_13,424,16.971056,0,1,3
CMU_13,255,16.153644,0,1,3
CMU_13,636,16.490059,0,1,3
CMU_13,376,16.231375,0,1,3
CMU_13,416,16.815256,0,1,3
CMU_13,-5832,1000.000000,1,1,0
CMU_13,719,17.588364,0,1,3
CMU_13,539,17.898528,0,1,3
CMU_13,746,17.659222,0,1,3
CMU_13,334,17.591688,0,1,3
CMU_13,-5233,1000.000000,1,1,0
CMU_13,634,17.920422,0,1,3
CMU_13,429,17.592996,0,1,3
CMU_13,-5754,1000.000000,1,1,0
CMU_13,432,15.715529,0,1,3
CMU_13,592,16.806499,0,1,3
CMU_13,100,1000.000000,1,0,1
CMU_13,433,17.481486,0,1,3
CMU_13,86,1000.000000,0,0,1
CMU_13,422,17.203348,0,1,3
CMU_13,-5769,1000.000000,1,1,0
CMU_13,375,17.143138,0,1,3
CMU_13,413,17.796333,0,1,3
CMU_13,516,15.876033,0,1,3
CMU_13,-5903,1000.000000,1,1,0
CMU_13,-2683,1000.000000,0,0,1
CMU_13,398,17.496787,0,1,3
CMU_13,-1172,1000.000000,0,0,1
CMU_13,545,18.124963,0,1,3
CMU_13,427,17.559235,0,1,3
CMU_13,-6662,1000.000000,1,1,0
CMU_13,407,16.426898,0,1,3
CMU_13,1610,18.600701,1,0,1
CMU_13,365,17.064644,0,1,3
CMU_13,570,17.278120,0,1,3
CMU_13,373,18.384532,0,1,3
CMU_13,-7463,1000.000000,1,1,0
CMU_13,491,16.681689,0,1,3
CMU_13,403,17.043874,0,1,3
CMU_13,238,16.384625,0,1,3
CMU_13,563,17.245881,0,1,3
CMU_13,58,1000.000000,0,0,1
CMU_13,242,16.062362,0,1,3
CMU_13,582,17.275823,0,1,3
CMU_13,429,17.465292,0,1,3
CMU_13,1537,18.551581,0,1,3
CMU_13,-5860,1000.000000,1,1,0
CMU_13,-5185,1000.000000,1,1,0
CMU_13,361,16.516641,0,1,3
CMU_13,468,16.629737,0,1,3
CMU_13,972,17.314679,0,1,3
CMU_13,420,16.153619,0,1,3
CMU_13,-6385,1000.000000,1,1,0
CMU_13,248,16.441105,0,1,3
CMU_13,316,16.841789,0,1,3
CMU_13,324,16.581571,0,1,3
CMU_13,747,18.155280,0,1,3
CMU_13,767,17.867381,0,1,3
CMU_13,426,18.598926,0,1,3
CMU_13,431,17.329265,1,0,1
CMU_13,328,16.695160,0,1,3
CMU_13,452,17.287267,0,1,3
CMU_13,609,17.825142,0,1,3
CMU_13,345,17.128876,0,1,3
CMU-14,697,17.874566,0,1,3
CMU-14,950,19.041973,0,1,3
CMU-14,511,17.517862,0,1,3
CMU-14,906,17.566436,0,1,3
CMU-14,530,16.835979,0,1,3
CMU-14,518,17.689943,0,1,3
CMU-14,-5808,1000.000000,1,1,0
CMU-14,711,15.781337,0,1,3
CMU-14,679,18.323060,0,1,3
CMU-14,959,19.722416,0,1,3
CMU-14,-5582,1000.000000,1,1,0
CMU-14,549,17.362027,0,1,3
CMU-14,859,17.040699,0,1,3
CMU-14,1205,18.818748,0,1,3
CMU-14,900,19.262863,0,1,3
CMU-14,694,16.938165,0,1,3
CMU-14,714,16.487133,0,1,3
CMU-14,595,17.511981,0,1,3
CMU-14,924,19.647041,0,1,3
CMU-14,-6539,1000.000000,1,1,0
CMU-14,663,19.110952,0,1,3
CMU-14,-5903,1000.000000,1,1,0
CMU-14,511,18.045781,0,1,3
CMU-14,1019,19.404435,0,1,3
CMU-14,741,17.166733,0,1,3
CMU-14,847,18.565298,0,1,3
CMU-14,925,18.439800,0,1,3
CMU-14,470,18.230550,0,1,3
CMU-14,673,18.819976,0,1,3
CMU-14,747,18.498069,0,1,3
CMU-14,503,17.019913,0,1,3
CMU-14,-6169,1000.000000,1,1,0
CMU-14,624,18.839163,0,1,3
CMU-14,-6076,1000.000000,1,1,0
CMU-14,1756,17.962641,1,0,1
CMU-14,692,16.509444,0,1,3
CMU-14,723,19.043392,0,1,3
CMU-14,758,18.837939,0,1,3
CMU-14,-5637,1000.000000,1,1,0
CMU-14,699,17.977362,0,1,3
CMU-14,939,17.803017,0,1,3
CMU-14,936,18.562479,0,1,3
CMU-14,1106,18.542083,0,1,3
CMU-14,75,1000.000000,0,0,1
CMU-14,553,17.519713,0,1,3
CMU-14,-6529,1000.000000,1,1,0
CMU-14,734,18.378908,0,1,3
CMU-14,1280,18.258139,0,1,3
CMU-14,-5735,1000.000000,1,1,0
CMU-14,1159,18.297418,0,1,3
CMU-14,425,17.327191,0,1,3
CMU-14,831,19.623753,0,1,3
CMU-14,567,17.106816,0,1,3
CMU-14,500,17.597180,0,1,3
CMU-14,356,16.481896,1,0,1
CMU-14,1098,16.838042,0,1,3
CMU-14,383,18.237207,0,1,3
CMU-14,674,16.897835,0,1,3
CMU-14,750,17.624279,0,1,3
CMU-14,687,18.167132,0,1,3
CMU-14,483,16.609303,0,1,3
CMU-14,428,17.581603,0,1,3
CMU-14,-5637,1000.000000,1,1,0
CMU-14,-4602,1000.000000,0,0,1
CMU-14,-5747,1000.000000,1,1,0
CMU-14,823,18.915326,0,1,3
CMU-14,930,22.055597,0,1,3
CMU-14,354,17.169547,0,1,3
CMU-14,465,18.164011,0,1,3
CMU-14,546,17.236690,0,1,3
CMU-14,400,16.998386,0,1,3
CMU-14,722,17.207855,0,1,3
CMU-14,527,18.128774,0,1,3
CMU-14,652,17.142845,0,1,3
CMU-14,476,20.132981,0,1,3
CMU-14,-7141,1000.000000,1,1,0
CMU-14,-6991,1000.000000,1,1,0
CMU-14,764,17.423060,0,1,3
CMU-14,-5499,1000.000000,1,1,0
CMU-14,582,17.227427,0,1,3
CMU-14,743,18.129114,0,1,3
CMU-14,591,18.212221,0,1,3
CMU-14,536,19.109423,0,1,3
CMU-14,580,17.443376,0,1,3
CMU-14,738,19.119505,0,1,3
CMU-14,800,17.841230,0,1,3
CMU-14,1033,16.588335,1,0,1
CMU-14,857,18.372924,0,1,3
CMU-14,1105,16.871145,0,1,3
CMU-14,-6495,1000.000000,1,1,0
CMU-14,672,18.849130,0,1,3
CMU-14,1116,19.585262,0,1,3
CMU-14,1021,18.627425,0,1,3
CMU-14,1218,18.190355,0,1,3
CMU-14,669,16.996297,0,1,3
CMU-14,591,18.764188,0,1,3
CMU-14,695,20.317286,1,0,1
CMU-14,710,19.547915,0,1,3
CMU-14,570,19.221503,0,1,3
CMU-14,788,17.700042,0,1,3
CMU-14,950,19.101376,0,1,3
CMU-14,713,19.063344,0,1,3
CMU-14,-5274,1000.000000,0,0,1
CMU-14,1643,18.370254,1,0,1
CMU-14,1145,17.465935,0,1,3
CMU-14,649,17.871153,0,1,3
CMU-14,1648,18.533829,0,1,3
CMU-14,632,21.069925,0,1,3
CMU-14,2667,18.662390,0,0,2
CMU-14,697,19.402351,0,1,3
CMU-14,694,20.051781,0,1,3
CMU-14,1034,19.700604,1,0,1
CMU-14,712,18.111630,1,0,1
CMU-14,667,18.815224,0,1,3
CMU-14,533,18.548714,0,1,3
CMU-14,707,17.534886,0,1,3
CMU-14,799,18.132374,0,1,3
CMU-14,704,19.396966,0,1,3
CMU-14,-5530,1000.000000,1,1,0
CMU-14,-5431,1000.000000,1,1,0
CMU-14,1109,17.788371,1,0,1
CMU-14,789,19.112208,0,1,3
CMU-14,587,16.486708,0,1,3
CMU-14,803,18.285848,0,1,3
CMU-14,610,18.211852,0,1,3
CMU-14,-6790,1000.000000,1,1,0
CMU-14,1076,16.853795,0,1,3
CMU-14,656,16.569904,0,1,3
CMU-14,1198,17.025663,0,1,3
CMU-14,464,16.990215,0,1,3
CMU-14,737,16.794854,0,1,3
CMU-14,968,16.787531,0,1,3
CMU-14,-5355,1000.000000,1,1,0
CMU-14,651,17.331431,0,1,3
CMU-14,322,16.949668,0,1,3
CMU-14,664,16.547206,0,1,3
CMU-14,1089,17.006168,0,1,3
CMU-14,407,18.165103,0,1,3
CMU-14,749,16.020655,0,1,3
CMU-14,675,17.120659,0,1,3
CMU-14,843,17.671331,0,1,3
CMU-14,-5832,1000.000000,1,1,0
CMU-14,745,17.806288,0,1,3
CMU-14,660,18.465850,0,1,3
CMU-14,704,18.529808,0,1,3
CMU-14,469,17.708819,0,1,3
CMU-14,-5233,1000.000000,1,1,0
CMU-14,729,17.649073,0,1,3
CMU-14,997,17.897295,0,1,3
CMU-14,-5754,1000.000000,1,1,0
CMU-14,598,16.463045,0,1,3
CMU-14,715,16.376455,0,1,3
CMU-14,-6387,1000.000000,1,1,0
CMU-14,772,18.506768,0,1,3
CMU-14,511,17.520949,0,1,3
CMU-14,993,18.355008,0,1,3
CMU-14,-5769,1000.000000,1,1,0
CMU-14,660,18.092478,0,1,3
CMU-14,727,18.755710,0,1,3
CMU-14,1038,16.461984,0,1,3
CMU-14,-5903,1000.000000,1,1,0
CMU-14,1129,19.095276,0,1,3
CMU-14,899,17.251450,0,1,3
CMU-14,1089,17.736248,0,1,3
CMU-14,774,17.845247,0,1,3
CMU-14,668,18.026089,0,1,3
CMU-14,-6662,1000.000000,1,1,0
CMU-14,403,16.836845,0,1,3
CMU-14,755,18.794414,1,0,1
CMU-14,289,16.664312,0,1,3
CMU-14,726,17.574803,0,1,3
CMU-14,766,17.585694,0,1,3
CMU-14,-7463,1000.000000,1,1,0
CMU-14,745,16.778340,0,1,3
CMU-14,1068,16.890934,0,1,3
CMU-14,518,16.689083,0,1,3
CMU-14,1313,17.107047,0,1,3
CMU-14,639,17.146594,0,1,3
CMU-14,527,17.831311,0,1,3
CMU-14,476,16.934173,0,1,3
CMU-14,663,17.923535,0,1,3
CMU-14,859,18.296820,0,1,3
CMU-14,-5860,1000.000000,1,1,0
CMU-14,-5185,1000.000000,1,1,0
CMU-14,1225,17.227534,0,1,3
CMU-14,738,16.724368,0,1,3
CMU-14,628,18.216419,0,1,3
CMU-14,489,16.538365,0,1,3
CMU-14,-6385,1000.000000,1,1,0
CMU-14,958,17.932455,0,1,3
CMU-14,838,16.666455,0,1,3
CMU-14,690,17.424235,0,1,3
CMU-14,842,18.644046,0,1,3
CMU-14,717,17.618126,0,1,3
CMU-14,810,17.097161,0,1,3
CMU-14,-6213,1000.000000,1,1,0
CMU-14,693,18.664962,0,1,3
CMU-14,1002,17.669074,0,1,3
CMU-14,573,18.178407,0,1,3
CMU-14,636,16.948486,0,1,3
cmu_15,606,18.467943,0,1,3
cmu_15,520,17.844878,0,1,3
cmu_15,234,17.811529,0,1,3
cmu_15,696,19.132082,0,1,3
cmu_15,553,17.152799,0,1,3
cmu_15,817,18.308089,0,1,3
cmu_15,-5808,1000.000000,1,1,0
cmu_15,532,16.509354,0,1,3
cmu_15,2489,19.432724,0,0,2
cmu_15,719,17.348398,0,1,3
cmu_15,-5582,1000.000000,1,1,0
cmu_15,931,18.138085,0,1,3
cmu_15,571,17.107812,0,1,3
cmu_15,799,16.844721,0,1,3
cmu_15,882,20.151197,0,1,3
cmu_15,524,17.666904,0,1,3
cmu_15,-484,1000.000000,0,0,1
cmu_15,654,18.722980,0,1,3
cmu_15,-6271,1000.000000,0,0,1
cmu_15,-6539,1000.000000,1,1,0
cmu_15,527,18.387496,0,1,3
cmu_15,34,1000.000000,1,0,1
cmu_15,376,17.645090,0,1,3
cmu_15,469,18.557790,0,1,3
cmu_15,-5074,1000.000000,0,0,1
cmu_15,857,19.981286,0,1,3
cmu_15,814,18.913228,0,1,3
cmu_15,214,1000.000000,0,0,1
cmu_15,711,18.816957,0,1,3
cmu_15,746,19.101672,0,1,3
cmu_15,292,16.671869,0,1,3
cmu_15,-6169,1000.000000,1,1,0
cmu_15,1900,18.599429,0,1,3
cmu_15,-6076,1000.000000,1,1,0
cmu_15,-5710,1000.000000,1,1,0
cmu_15,987,16.252287,0,1,3
cmu_15,665,19.575665,0,1,3
cmu_15,916,17.719091,0,1,3
cmu_15,-5637,1000.000000,1,1,0
cmu_15,742,18.356173,0,1,3
cmu_15,937,17.949091,0,1,3
cmu_15,318,18.728443,0,1,3
cmu_15,-6408,1000.000000,0,0,1
cmu_15,616,18.091632,0,1,3
cmu_15,370,17.016045,0,1,3
cmu_15,-6529,1000.000000,1,1,0
cmu_15,75,1000.000000,0,0,1
cmu_15,609,17.332063,0,1,3
cmu_15,-5735,1000.000000,1,1,0
cmu_15,610,17.517598,0,1,3
cmu_15,266,16.071143,0,1,3
cmu_15,4672,19.176007,0,0,2
cmu_15,1022,19.774967,0,1,3
cmu_15,1425,18.564194,0,1,3
cmu_15,345,16.345400,1,0,1
cmu_15,1040,17.370117,0,1,3
cmu_15,-1197,1000.000000,0,0,1
cmu_15,932,17.140055,0,1,3
cmu_15,746,17.656428,0,1,3
cmu_15,834,17.994058,0,1,3
cmu_15,836,16.798254,0,1,3
cmu_15,475,17.508961,0,1,3
cmu_15,-5637,1000.000000,1,1,0
cmu_15,673,17.674565,0,1,3
cmu_15,-5747,1000.000000,1,1,0
cmu_15,940,19.560855,0,1,3
cmu_15,658,21.461483,0,1,3
cmu_15,879,16.939071,0,1,3
cmu_15,652,17.321312,0,1,3
cmu_15,400,17.203262,0,1,3
cmu_15,856,17.674936,0,1,3
cmu_15,714,16.833958,0,1,3
cmu_15,622,18.324010,0,1,3
cmu_15,699,16.936923,0,1,3
cmu_15,3016,19.961112,0,0,2
cmu_15,-7141,1000.000000,1,1,0
cmu_15,190,1000.000000,1,0,1
cmu_15,779,18.034707,0,1,3
cmu_15,-5499,1000.000000,1,1,0
cmu_15,677,17.490218,0,1,3
cmu_15,686,17.958137,0,1,3
cmu_15,394,18.515289,0,1,3
cmu_15,1715,17.271047,0,1,3
cmu_15,454,16.639132,0,1,3
cmu_15,210,1000.000000,0,0,1
cmu_15,1093,17.489747,0,1,3
cmu_15,184,1000.000000,1,0,1
cmu_15,607,18.709797,0,1,3
cmu_15,1197,16.842858,0,1,3
cmu_15,410,18.511337,1,0,1
cmu_15,608,17.996191,0,1,3
cmu_15,974,19.387927,0,1,3
cmu_15,1352,19.020882,0,1,3
cmu_15,635,16.682867,0,1,3
cmu_15,946,17.867410,0,1,3
cmu_15,889,21.011445,0,1,3
cmu_15,-5900,1000.000000,1,1,0
cmu_15,372,18.729417,0,1,3
cmu_15,1031,18.748820,0,1,3
cmu_15,1062,17.782218,0,1,3
cmu_15,-6419,1000.000000,0,0,1
cmu_15,1913,18.880563,0,1,3
cmu_15,867,18.122220,0,1,3
cmu_15,-5878,1000.000000,1,1,0
cmu_15,2226,17.801403,0,0,2
cmu_15,883,17.717644,0,1,3
cmu_15,1885,17.813554,0,1,3
cmu_15,835,19.312043,0,1,3
cmu_15,889,17.629024,0,1,3
cmu_15,916,19.039244,0,1,3
cmu_15,1177,19.805251,0,1,3
cmu_15,-4560,1000.000000,1,0,1
cmu_15,390,17.511367,1,0,1
cmu_15,751,17.990262,0,1,3
cmu_15,400,17.629338,0,1,3
cmu_15,1546,18.422035,0,1,3
cmu_15,109,1000.000000,0,0,1
cmu_15,1521,21.134510,0,1,3
cmu_15,-5530,1000.000000,1,1,0
cmu_15,-5431,1000.000000,1,1,0
cmu_15,618,17.979217,1,0,1
cmu_15,710,18.649990,0,1,3
cmu_15,1046,18.257086,0,1,3
cmu_15,1216,19.645928,0,1,3
cmu_15,957,17.723017,0,1,3
cmu_15,-6790,1000.000000,1,1,0
cmu_15,383,16.285208,0,1,3
cmu_15,1434,17.309225,0,1,3
cmu_15,400,17.489371,0,1,3
cmu_15,609,16.759996,0,1,3
cmu_15,790,16.726562,0,1,3
cmu_15,-4694,1000.000000,0,0,1
cmu_15,-5355,1000.000000,1,1,0
cmu_15,1978,17.251115,0,1,3
cmu_15,3024,18.329009,0,0,2
cmu_15,61,1000.000000,0,0,1
cmu_15,746,16.567779,0,1,3
cmu_15,452,18.557297,0,1,3
cmu_15,609,16.483853,0,1,3
cmu_15,437,16.305835,0,1,3
cmu_15,1160,18.450355,0,1,3
cmu_15,-5832,1000.000000,1,1,0
cmu_15,619,17.746364,0,1,3
cmu_15,408,18.416482,0,1,3
cmu_15,821,18.374175,0,1,3
cmu_15,743,18.009302,0,1,3
cmu_15,-5233,1000.000000,1,1,0
cmu_15,3380,18.672913,0,0,2
cmu_15,935,18.219394,0,1,3
cmu_15,-5754,1000.000000,1,1,0
cmu_15,799,16.122013,0,1,3
cmu_15,-6357,1000.000000,0,0,1
cmu_15,-6387,1000.000000,1,1,0
cmu_15,464,16.915038,0,1,3
cmu_15,473,17.658737,0,1,3
cmu_15,901,17.873986,0,1,3
cmu_15,1964,17.540926,1,0,1
cmu_15,1386,16.952082,0,1,3
cmu_15,1183,18.861576,0,1,3
cmu_15,1104,17.004185,0,1,3
cmu_15,-5903,1000.000000,1,1,0
cmu_15,2410,18.352339,0,0,2
cmu_15,1025,17.602393,0,1,3
cmu_15,951,17.630855,0,1,3
cmu_15,928,17.838671,0,1,3
cmu_15,890,17.559524,0,1,3
cmu_15,-6662,1000.000000,1,1,0
cmu_15,319,16.954982,0,1,3
cmu_15,-5676,1000.000000,1,1,0
cmu_15,602,19.566956,0,1,3
cmu_15,734,17.269696,0,1,3
cmu_15,947,18.027019,0,1,3
cmu_15,-7463,1000.000000,1,1,0
cmu_15,-4055,1000.000000,0,0,1
cmu_15,2454,17.968200,0,0,2
cmu_15,620,16.812451,0,1,3
cmu_15,1162,16.855125,0,1,3
cmu_15,938,17.517785,0,1,3
cmu_15,773,18.343145,0,1,3
cmu_15,-2518,1000.000000,0,0,1
cmu_15,591,18.326642,0,1,3
cmu_15,2041,17.171179,0,0,2
cmu_15,-5860,1000.000000,1,1,0
cmu_15,-5185,1000.000000,1,1,0
cmu_15,699,17.610523,0,1,3
cmu_15,583,16.999314,0,1,3
cmu_15,2180,17.593064,0,0,2
cmu_15,735,16.839700,0,1,3
cmu_15,-6385,1000.000000,1,1,0
cmu_15,-6204,1000.000000,0,0,1
cmu_15,1200,17.278581,0,1,3
cmu_15,713,17.312868,0,1,3
cmu_15,723,17.402237,0,1,3
cmu_15,743,18.662299,0,1,3
cmu_15,573,17.892035,0,1,3
cmu_15,869,17.851220,1,0,1
cmu_15,974,18.412476,0,1,3
cmu_15,979,17.718472,0,1,3
cmu_15,832,17.455940,0,1,3
cmu_15,1017,17.472059,0,1,3
CMU_16,1019,17.332237,0,1,3
CMU_16,524,17.917265,0,1,3
CMU_16,484,18.474625,0,1,3
CMU_16,598,17.730251,0,1,3
CMU_16,401,16.882527,0,1,3
CMU_16,401,17.560861,0,1,3
CMU_16,-5808,1000.000000,1,1,0
CMU_16,387,16.325819,0,1,3
CMU_16,1774,21.475519,0,1,3
CMU_16,548,17.867143,0,1,3
CMU_16,-5582,1000.000000,1,1,0
CMU_16,618,17.569305,0,1,3
CMU_16,494,17.553821,0,1,3
CMU_16,379,17.490229,0,1,3
CMU_16,666,20.304394,0,1,3
CMU_16,618,16.881581,0,1,3
CMU_16,686,16.792425,0,1,3
CMU_16,427,17.898182,0,1,3
CMU_16,434,17.519855,0,1,3
CMU_16,-6539,1000.000000,1,1,0
CMU_16,611,19.240464,0,1,3
CMU_16,502,18.309997,1,0,1
CMU_16,496,17.863803,0,1,3
CMU_16,918,18.495588,0,1,3
CMU_16,664,17.458110,0,1,3
CMU_16,484,17.291986,0,1,3
CMU_16,597,19.237924,0,1,3
CMU_16,38,1000.000000,0,0,1
CMU_16,706,18.822394,0,1,3
CMU_16,443,18.516372,0,1,3
CMU_16,378,16.926178,0,1,3
CMU_16,-6169,1000.000000,1,1,0
CMU_16,656,18.595604,0,1,3
CMU_16,-6076,1000.000000,1,1,0
CMU_16,484,17.325414,1,0,1
CMU_16,633,16.427666,0,1,3
CMU_16,520,18.889819,0,1,3
CMU_16,378,20.508320,0,1,3
CMU_16,-5637,1000.000000,1,1,0
CMU_16,231,17.160927,0,1,3
CMU_16,745,17.591997,0,1,3
CMU_16,612,18.088346,0,1,3
CMU_16,654,17.682391,0,1,3
CMU_16,266,15.561153,0,1,3
CMU_16,632,17.552149,0,1,3
CMU_16,-6529,1000.000000,1,1,0
CMU_16,706,18.489288,0,1,3
CMU_16,698,17.987460,0,1,3
CMU_16,-5735,1000.000000,1,1,0
CMU_16,351,16.582151,0,1,3
CMU_16,475,16.635826,0,1,3
CMU_16,909,18.919519,0,1,3
CMU_16,546,17.244618,0,1,3
CMU_16,598,18.333186,0,1,3
CMU_16,583,19.606627,1,0,1
CMU_16,658,17.307007,0,1,3
CMU_16,600,18.073488,0,1,3
CMU_16,1446,16.890033,0,1,3
CMU_16,594,17.932979,0,1,3
CMU_16,902,18.236841,0,1,3
CMU_16,432,16.873866,0,1,3
CMU_16,513,17.491174,0,1,3
CMU_16,-5637,1000.000000,1,1,0
CMU_16,565,18.018352,0,1,3
CMU_16,-5747,1000.000000,1,1,0
CMU_16,479,18.275510,0,1,3
CMU_16,300,17.575758,0,1,3
CMU_16,560,17.097173,0,1,3
CMU_16,344,18.365270,0,1,3
CMU_16,386,17.383441,0,1,3
CMU_16,435,16.531355,0,1,3
CMU_16,527,17.240708,0,1,3
CMU_16,697,18.397514,0,1,3
CMU_16,393,17.836808,0,1,3
CMU_16,832,19.211010,0,1,3
CMU_16,-7141,1000.000000,1,1,0
CMU_16,-6991,1000.000000,1,1,0
CMU_16,714,18.108747,0,1,3
CMU_16,-5499,1000.000000,1,1,0
CMU_16,473,17.339765,0,1,3
CMU_16,1232,17.719748,0,1,3
CMU_16,627,18.028495,0,1,3
CMU_16,708,18.874387,0,1,3
CMU_16,929,17.235910,0,1,3
CMU_16,321,17.860109,0,1,3
CMU_16,894,17.680533,0,1,3
CMU_16,486,17.095252,1,0,1
CMU_16,533,18.519040,0,1,3
CMU_16,489,17.671333,0,1,3
CMU_16,395,18.861712,1,0,1
CMU_16,564,18.174647,0,1,3
CMU_16,1225,19.674364,0,1,3
CMU_16,401,17.803196,0,1,3
CMU_16,412,17.625809,0,1,3
CMU_16,310,17.634949,0,1,3
CMU_16,814,19.667340,0,1,3
CMU_16,-5900,1000.000000,1,1,0
CMU_16,493,19.533063,0,1,3
CMU_16,277,17.371876,0,1,3
CMU_16,674,17.839137,0,1,3
CMU_16,544,21.031342,0,1,3
CMU_16,1053,19.353342,0,1,3
CMU_16,288,17.169246,0,1,3
CMU_16,601,17.639726,1,0,1
CMU_16,334,16.968780,0,1,3
CMU_16,1014,17.346823,0,1,3
CMU_16,244,17.568634,0,1,3
CMU_16,843,21.136919,0,1,3
CMU_16,554,17.801205,0,1,3
CMU_16,411,18.486086,0,1,3
CMU_16,737,20.006815,0,1,3
CMU_16,812,19.647615,1,0,1
CMU_16,-5446,1000.000000,1,1,0
CMU_16,580,18.891689,0,1,3
CMU_16,976,17.951640,0,1,3
CMU_16,-6657,1000.000000,0,0,1
CMU_16,319,17.116025,0,1,3
CMU_16,1153,20.624438,0,1,3
CMU_16,544,17.742447,1,0,1
CMU_16,-5431,1000.000000,1,1,0
CMU_16,-5913,1000.000000,1,1,0
CMU_16,770,18.470994,0,1,3
CMU_16,265,16.910019,0,1,3
CMU_16,569,17.491992,0,1,3
CMU_16,726,19.176474,0,1,3
CMU_16,-6790,1000.000000,1,1,0
CMU_16,846,17.597126,0,1,3
CMU_16,492,16.921018,0,1,3
CMU_16,501,17.527142,0,1,3
CMU_16,381,17.207156,0,1,3
CMU_16,541,16.341738,0,1,3
CMU_16,563,16.428217,0,1,3
CMU_16,-5355,1000.000000,1,1,0
CMU_16,462,16.710070,0,1,3
CMU_16,587,19.148911,0,1,3
CMU_16,396,15.785324,0,1,3
CMU_16,455,16.949648,0,1,3
CMU_16,444,18.601291,0,1,3
CMU_16,521,15.858510,0,1,3
CMU_16,592,16.652354,0,1,3
CMU_16,632,17.880266,0,1,3
CMU_16,-5832,1000.000000,1,1,0
CMU_16,679,17.612940,0,1,3
CMU_16,469,17.717123,0,1,3
CMU_16,426,17.450371,0,1,3
CMU_16,1618,18.992202,0,1,3
CMU_16,-5233,1000.000000,1,1,0
CMU_16,872,18.085120,0,1,3
CMU_16,1707,18.714765,0,1,3
CMU_16,257,16.023093,1,0,1
CMU_16,568,16.007601,0,1,3
CMU_16,417,16.301033,0,1,3
CMU_16,-6387,1000.000000,1,1,0
CMU_16,356,17.078528,0,1,3
CMU_16,598,16.878534,0,1,3
CMU_16,339,16.282052,0,1,3
CMU_16,-5769,1000.000000,1,1,0
CMU_16,600,18.109440,0,1,3
CMU_16,644,19.686443,0,1,3
CMU_16,1220,16.688377,0,1,3
CMU_16,549,17.840045,1,0,1
CMU_16,1011,18.283194,0,1,3
CMU_16,661,17.331438,0,1,3
CMU_16,997,17.847141,0,1,3
CMU_16,640,17.323408,0,1,3
CMU_16,664,18.146134,0,1,3
CMU_16,-6662,1000.000000,1,1,0
CMU_16,435,16.630016,0,1,3
CMU_16,843,19.591452,1,0,1
CMU_16,869,18.393872,0,1,3
CMU_16,496,17.006804,0,1,3
CMU_16,575,19.033107,0,1,3
CMU_16,-7463,1000.000000,1,1,0
CMU_16,522,17.294311,0,1,3
CMU_16,401,17.306933,0,1,3
CMU_16,624,16.742496,0,1,3
CMU_16,548,16.515752,0,1,3
CMU_16,441,16.762004,0,1,3
CMU_16,484,17.576444,0,1,3
CMU_16,394,16.452120,0,1,3
CMU_16,733,17.756698,0,1,3
CMU_16,1988,17.111846,0,1,3
CMU_16,-5860,1000.000000,1,1,0
CMU_16,-5185,1000.000000,1,1,0
CMU_16,650,17.420998,0,1,3
CMU_16,503,16.664504,0,1,3
CMU_16,912,17.437969,0,1,3
CMU_16,566,16.726442,0,1,3
CMU_16,927,17.579445,1,0,1
CMU_16,-6204,1000.000000,0,0,1
CMU_16,376,17.245116,0,1,3
CMU_16,401,17.410022,0,1,3
CMU_16,778,17.840549,0,1,3
CMU_16,1090,17.631780,0,1,3
CMU_16,654,17.763566,0,1,3
CMU_16,457,17.522375,1,0,1
CMU_16,642,18.164566,0,1,3
CMU_16,531,17.080591,0,1,3
CMU_16,1324,18.352877,0,1,3
CMU_16,340,16.731603,0,1,3
CMU_17,436,19.717546,0,1,3
CMU_17,590,19.212680,0,1,3
CMU_17,394,18.521409,0,1,3
CMU_17,636,19.426890,0,1,3
CMU_17,671,17.198382,0,1,3
CMU_17,796,18.400969,0,1,3
CMU_17,-5808,1000.000000,1,1,0
CMU_17,629,16.697899,0,1,3
CMU_17,955,18.764554,0,1,3
CMU_17,611,17.654963,0,1,3
CMU_17,-5582,1000.000000,1,1,0
CMU_17,475,18.466396,0,1,3
CMU_17,660,17.129408,0,1,3
CMU_17,551,17.111802,0,1,3
CMU_17,432,19.742936,0,1,3
CMU_17,648,16.948976,0,1,3
CMU_17,379,16.657266,0,1,3
CMU_17,492,17.222151,0,1,3
CMU_17,406,16.941372,0,1,3
CMU_17,-6539,1000.000000,1,1,0
CMU_17,403,18.136193,0,1,3
CMU_17,-5903,1000.000000,1,1,0
CMU_17,840,18.179483,0,1,3
CMU_17,451,18.842069,0,1,3
CMU_17,663,17.485129,0,1,3
CMU_17,430,16.949154,0,1,3
CMU_17,613,19.890762,0,1,3
CMU_17,529,20.641077,0,1,3
CMU_17,506,16.872778,0,1,3
CMU_17,538,19.900947,0,1,3
CMU_17,563,17.374580,0,1,3
CMU_17,-6169,1000.000000,1,1,0
CMU_17,681,19.707821,0,1,3
CMU_17,-6076,1000.000000,1,1,0
CMU_17,-5710,1000.000000,1,1,0
CMU_17,406,16.467227,0,1,3
CMU_17,478,19.638014,0,1,3
CMU_17,668,18.697705,0,1,3
CMU_17,-5637,1000.000000,1,1,0
CMU_17,486,17.301826,0,1,3
CMU_17,407,17.623937,0,1,3
CMU_17,595,18.356567,0,1,3
CMU_17,1251,19.184387,0,1,3
CMU_17,396,17.171654,0,1,3
CMU_17,495,17.131623,0,1,3
CMU_17,-6529,1000.000000,1,1,0
CMU_17,465,19.322398,0,1,3
CMU_17,692,17.250376,0,1,3
CMU_17,-5735,1000.000000,1,1,0
CMU_17,559,17.647203,0,1,3
CMU_17,504,16.739008,0,1,3
CMU_17,738,17.979852,0,1,3
CMU_17,436,18.153600,0,1,3
CMU_17,352,18.429145,0,1,3
CMU_17,-5605,1000.000000,1,1,0
CMU_17,490,17.192278,0,1,3
CMU_17,423,18.096481,0,1,3
CMU_17,694,17.468422,0,1,3
CMU_17,481,17.198918,0,1,3
CMU_17,473,18.014991,0,1,3
CMU_17,416,16.858977,0,1,3
CMU_17,489,16.993836,0,1,3
CMU_17,-5637,1000.000000,1,1,0
CMU_17,329,17.227640,0,1,3
CMU_17,-5747,1000.000000,1,1,0
CMU_17,470,18.242535,0,1,3
CMU_17,621,21.668843,0,1,3
CMU_17,439,16.644327,0,1,3
CMU_17,427,17.965247,0,1,3
CMU_17,529,17.091749,0,1,3
CMU_17,350,16.854794,0,1,3
CMU_17,474,16.960873,0,1,3
CMU_17,613,18.233035,0,1,3
CMU_17,599,16.860057,0,1,3
CMU_17,433,20.185223,0,1,3
CMU_17,-7141,1000.000000,1,1,0
CMU_17,-6991,1000.000000,1,1,0
CMU_17,563,18.645509,0,1,3
CMU_17,-5499,1000.000000,1,1,0
CMU_17,427,17.263470,0,1,3
CMU_17,872,17.428339,0,1,3
CMU_17,418,18.471021,0,1,3
CMU_17,582,17.653760,0,1,3
CMU_17,531,16.827414,0,1,3
CMU_17,498,19.145539,0,1,3
CMU_17,551,17.520640,0,1,3
CMU_17,-5450,1000.000000,1,1,0
CMU_17,495,18.940983,0,1,3
CMU_17,453,17.341094,0,1,3
CMU_17,-6495,1000.000000,1,1,0
CMU_17,442,17.901063,0,1,3
CMU_17,859,19.984961,0,1,3
CMU_17,483,17.760711,0,1,3
CMU_17,563,17.299247,0,1,3
CMU_17,508,17.499402,0,1,3
CMU_17,559,18.881753,0,1,3
CMU_17,-5900,1000.000000,1,1,0
CMU_17,544,19.059913,0,1,3
CMU_17,459,19.445008,0,1,3
CMU_17,374,17.621587,0,1,3
CMU_17,556,19.353188,0,1,3
CMU_17,994,19.500380,0,1,3
CMU_17,378,16.832279,0,1,3
CMU_17,-5878,1000.000000,1,1,0
CMU_17,436,17.638843,0,1,3
CMU_17,400,16.790649,0,1,3
CMU_17,497,17.405708,0,1,3
CMU_17,581,20.904832,0,1,3
CMU_17,561,17.968175,0,1,3
CMU_17,489,17.581442,0,1,3
CMU_17,545,19.535106,0,1,3
CMU_17,471,18.624944,1,0,1
CMU_17,704,18.382207,1,0,1
CMU_17,577,18.892575,0,1,3
CMU_17,440,17.947319,0,1,3
CMU_17,461,17.635051,0,1,3
CMU_17,510,18.737031,0,1,3
CMU_17,449,20.013398,0,1,3
CMU_17,-5530,1000.000000,1,1,0
CMU_17,-5431,1000.000000,1,1,0
CMU_17,-5913,1000.000000,1,1,0
CMU_17,541,19.171794,0,1,3
CMU_17,563,16.246799,0,1,3
CMU_17,824,17.899943,0,1,3
CMU_17,366,18.615740,0,1,3
CMU_17,-6790,1000.000000,1,1,0
CMU_17,617,16.633268,0,1,3
CMU_17,431,16.903135,0,1,3
CMU_17,666,17.225533,0,1,3
CMU_17,281,16.112534,0,1,3
CMU_17,581,16.729220,0,1,3
CMU_17,608,16.411485,0,1,3
CMU_17,-5355,1000.000000,1,1,0
CMU_17,460,16.563199,0,1,3
CMU_17,1152,18.282025,0,1,3
CMU_17,582,16.764599,0,1,3
CMU_17,548,16.693895,0,1,3
CMU_17,506,17.506264,0,1,3
CMU_17,575,16.141146,0,1,3
CMU_17,735,17.151197,0,1,3
CMU_17,470,16.615934,0,1,3
CMU_17,-5832,1000.000000,1,1,0
CMU_17,434,17.022552,0,1,3
CMU_17,457,17.564066,0,1,3
CMU_17,431,16.969268,0,1,3
CMU_17,665,17.843632,0,1,3
CMU_17,-5233,1000.000000,1,1,0
CMU_17,904,17.954097,0,1,3
CMU_17,1399,19.031265,0,1,3
CMU_17,-5754,1000.000000,1,1,0
CMU_17,395,16.097734,0,1,3
CMU_17,498,16.178430,0,1,3
CMU_17,-6387,1000.000000,1,1,0
CMU_17,627,17.713115,0,1,3
CMU_17,497,17.635379,0,1,3
CMU_17,506,17.411920,0,1,3
CMU_17,-5769,1000.000000,1,1,0
CMU_17,519,17.297029,0,1,3
CMU_17,513,17.554199,0,1,3
CMU_17,919,17.174888,0,1,3
CMU_17,-5903,1000.000000,1,1,0
CMU_17,737,18.304837,0,1,3
CMU_17,559,17.544578,0,1,3
CMU_17,670,16.894950,0,1,3
CMU_17,459,18.899350,0,1,3
CMU_17,776,18.102053,0,1,3
CMU_17,-6662,1000.000000,1,1,0
CMU_17,718,16.678536,0,1,3
CMU_17,-5676,1000.000000,1,1,0
CMU_17,686,18.511931,0,1,3
CMU_17,481,17.092389,0,1,3
CMU_17,633,18.376321,0,1,3
CMU_17,-7463,1000.000000,1,1,0
CMU_17,489,17.321824,0,1,3
CMU_17,779,16.904611,0,1,3
CMU_17,497,16.749285,0,1,3
CMU_17,638,16.964417,0,1,3
CMU_17,629,16.744385,0,1,3
CMU_17,434,17.333880,0,1,3
CMU_17,639,17.153411,0,1,3
CMU_17,642,17.702728,0,1,3
CMU_17,1130,18.846786,0,1,3
CMU_17,-5860,1000.000000,1,1,0
CMU_17,-5185,1000.000000,1,1,0
CMU_17,452,17.354198,0,1,3
CMU_17,451,16.850941,0,1,3
CMU_17,1002,17.099492,0,1,3
CMU_17,424,16.715783,0,1,3
CMU_17,-6385,1000.000000,1,1,0
CMU_17,961,17.097656,0,1,3
CMU_17,562,18.796953,0,1,3
CMU_17,1102,17.505153,0,1,3
CMU_17,583,16.714622,0,1,3
CMU_17,431,17.768672,0,1,3
CMU_17,577,17.872653,0,1,3
CMU_17,740,19.129734,1,0,1
CMU_17,483,17.795658,0,1,3
CMU_17,921,17.059221,0,1,3
CMU_17,837,17.763916,0,1,3
CMU_17,784,17.322737,0,1,3
iisc_01,2479,18.384601,0,0,2
iisc_01,407,17.482226,0,1,3
iisc_01,391,17.460394,0,1,3
iisc_01,626,18.280159,0,1,3
iisc_01,295,16.444898,0,1,3
iisc_01,436,17.051015,0,1,3
iisc_01,-5808,1000.000000,1,1,0
iisc_01,493,16.935314,0,1,3
iisc_01,751,18.469704,0,1,3
iisc_01,1661,19.710964,0,1,3
iisc_01,-5582,1000.000000,1,1,0
iisc_01,607,18.360853,0,1,3
iisc_01,675,16.663950,0,1,3
iisc_01,501,17.424114,0,1,3
iisc_01,420,19.003431,0,1,3
iisc_01,1038,17.068911,0,1,3
iisc_01,524,17.050714,0,1,3
iisc_01,759,17.578079,0,1,3
iisc_01,730,18.882138,0,1,3
iisc_01,-1135,1000.000000,1,0,1
iisc_01,628,18.489031,0,1,3
iisc_01,719,18.220687,1,0,1
iisc_01,522,17.783136,0,1,3
iisc_01,417,18.572740,0,1,3
iisc_01,513,16.061531,0,1,3
iisc_01,415,17.020733,0,1,3
iisc_01,869,18.556349,0,1,3
iisc_01,599,18.657438,0,1,3
iisc_01,524,16.939236,0,1,3
iisc_01,1137,18.835995,0,1,3
iisc_01,488,17.903571,0,1,3
iisc_01,-845,1000.000000,1,0,1
iisc_01,567,19.468281,0,1,3
iisc_01,-6076,1000.000000,1,1,0
iisc_01,-5710,1000.000000,1,1,0
iisc_01,826,16.496925,0,1,3
iisc_01,449,19.342001,0,1,3
iisc_01,517,19.292292,0,1,3
iisc_01,-5637,1000.000000,1,1,0
iisc_01,385,17.016933,0,1,3
iisc_01,444,17.664949,0,1,3
iisc_01,564,17.594552,0,1,3
iisc_01,1230,18.833742,0,1,3
iisc_01,544,18.088589,0,1,3
iisc_01,514,17.123948,0,1,3
iisc_01,-6529,1000.000000,1,1,0
iisc_01,699,18.282141,0,1,3
iisc_01,443,17.146381,0,1,3
iisc_01,-5735,1000.000000,1,1,0
iisc_01,294,16.233261,0,1,3
iisc_01,835,16.801562,0,1,3
iisc_01,1209,18.916606,0,1,3
iisc_01,546,17.128059,0,1,3
iisc_01,693,18.549959,0,1,3
iisc_01,796,18.975206,1,0,1
iisc_01,687,17.661101,0,1,3
iisc_01,640,18.509196,0,1,3
iisc_01,-6168,1000.000000,0,0,1
iisc_01,1369,18.194817,0,1,3
iisc_01,762,17.746634,0,1,3
iisc_01,415,16.829368,0,1,3
iisc_01,569,17.195986,0,1,3
iisc_01,-5637,1000.000000,1,1,0
iisc_01,401,18.135169,0,1,3
iisc_01,-5747,1000.000000,1,1,0
iisc_01,739,19.176229,0,1,3
iisc_01,836,23.103420,0,1,3
iisc_01,613,17.358900,0,1,3
iisc_01,468,17.914576,0,1,3
iisc_01,387,17.382818,0,1,3
iisc_01,447,16.496235,0,1,3
iisc_01,386,17.273851,0,1,3
iisc_01,745,17.526657,0,1,3
iisc_01,705,16.935680,0,1,3
iisc_01,440,19.757744,0,1,3
iisc_01,-7141,1000.000000,1,1,0
iisc_01,387,17.625074,1,0,1
iisc_01,709,18.345834,0,1,3
iisc_01,-5499,1000.000000,1,1,0
iisc_01,642,17.477442,0,1,3
iisc_01,587,17.137564,0,1,3
iisc_01,412,18.289037,0,1,3
iisc_01,599,17.358180,0,1,3
iisc_01,430,16.669242,0,1,3
iisc_01,307,18.494394,0,1,3
iisc_01,503,17.653103,0,1,3
iisc_01,317,16.468535,1,0,1
iisc_01,670,18.357453,0,1,3
iisc_01,491,16.973541,0,1,3
iisc_01,1229,19.020834,1,0,1
iisc_01,504,18.115541,0,1,3
iisc_01,627,18.977244,0,1,3
iisc_01,286,17.924090,0,1,3
iisc_01,309,17.130258,0,1,3
iisc_01,-3049,1000.000000,0,0,1
iisc_01,-4059,1000.000000,0,0,1
iisc_01,-5900,1000.000000,1,1,0
iisc_01,400,18.740921,0,1,3
iisc_01,469,19.216320,0,1,3
iisc_01,678,17.565146,0,1,3
iisc_01,392,20.702216,0,1,3
iisc_01,926,19.145204,0,1,3
iisc_01,669,17.939039,0,1,3
iisc_01,478,17.825373,1,0,1
iisc_01,537,17.483540,0,1,3
iisc_01,499,17.491822,0,1,3
iisc_01,569,17.621224,0,1,3
iisc_01,708,19.925716,0,1,3
iisc_01,429,17.141033,0,1,3
iisc_01,780,19.232605,0,1,3
iisc_01,578,20.194037,0,1,3
iisc_01,415,19.582861,1,0,1
iisc_01,1019,19.134704,1,0,1
iisc_01,606,18.874695,0,1,3
iisc_01,450,17.757200,0,1,3
iisc_01,548,17.806412,0,1,3
iisc_01,610,19.390608,0,1,3
iisc_01,1009,20.062551,0,1,3
iisc_01,331,17.289555,1,0,1
iisc_01,-5431,1000.000000,1,1,0
iisc_01,1036,17.791490,1,0,1
iisc_01,522,18.857087,0,1,3
iisc_01,326,16.292774,0,1,3
iisc_01,387,16.249945,0,1,3
iisc_01,424,18.496995,0,1,3
iisc_01,-6790,1000.000000,1,1,0
iisc_01,604,16.651981,0,1,3
iisc_01,484,16.794914,0,1,3
iisc_01,694,17.116510,0,1,3
iisc_01,456,16.855211,0,1,3
iisc_01,594,16.713624,0,1,3
iisc_01,855,16.901706,0,1,3
iisc_01,-5355,1000.000000,1,1,0
iisc_01,310,16.291228,0,1,3
iisc_01,540,17.608476,0,1,3
iisc_01,469,16.330676,0,1,3
iisc_01,347,17.489986,0,1,3
iisc_01,448,17.878608,0,1,3
iisc_01,458,16.303880,0,1,3
iisc_01,519,16.528516,0,1,3
iisc_01,438,16.355412,0,1,3
iisc_01,-5832,1000.000000,1,1,0
iisc_01,500,17.048875,0,1,3
iisc_01,563,17.835199,0,1,3
iisc_01,570,17.106830,0,1,3
iisc_01,327,17.515246,0,1,3
iisc_01,-5233,1000.000000,1,1,0
iisc_01,1334,18.244114,0,1,3
iisc_01,332,17.619983,0,1,3
iisc_01,-5754,1000.000000,1,1,0
iisc_01,-6468,1000.000000,0,0,1
iisc_01,682,16.006916,0,1,3
iisc_01,-6387,1000.000000,1,1,0
iisc_01,464,17.777781,0,1,3
iisc_01,480,16.970643,0,1,3
iisc_01,368,16.720892,0,1,3
iisc_01,-5769,1000.000000,1,1,0
iisc_01,541,17.237960,0,1,3
iisc_01,676,18.669326,0,1,3
iisc_01,748,16.448745,0,1,3
iisc_01,961,18.350884,1,0,1
iisc_01,337,17.583813,0,1,3
iisc_01,528,16.811719,0,1,3
iisc_01,962,17.864581,0,1,3
iisc_01,835,17.725153,0,1,3
iisc_01,645,17.926711,0,1,3
iisc_01,-6662,1000.000000,1,1,0
iisc_01,635,16.657745,0,1,3
iisc_01,-5676,1000.000000,1,1,0
iisc_01,534,18.519837,0,1,3
iisc_01,490,17.141007,0,1,3
iisc_01,415,18.439749,0,1,3
iisc_01,-7463,1000.000000,1,1,0
iisc_01,513,16.736369,0,1,3
iisc_01,429,16.846810,0,1,3
iisc_01,487,16.988603,0,1,3
iisc_01,692,17.023951,0,1,3
iisc_01,426,16.935155,0,1,3
iisc_01,571,17.367735,0,1,3
iisc_01,552,17.286565,0,1,3
iisc_01,761,17.423530,0,1,3
iisc_01,1594,18.540220,0,1,3
iisc_01,952,18.644401,1,0,1
iisc_01,-5185,1000.000000,1,1,0
iisc_01,573,17.179707,0,1,3
iisc_01,689,17.298927,0,1,3
iisc_01,-5520,1000.000000,0,0,1
iisc_01,553,16.569676,0,1,3
iisc_01,-6385,1000.000000,1,1,0
iisc_01,-6204,1000.000000,0,0,1
iisc_01,381,16.539873,0,1,3
iisc_01,650,17.615828,0,1,3
iisc_01,950,18.348979,0,1,3
iisc_01,395,17.157127,0,1,3
iisc_01,713,17.534962,0,1,3
iisc_01,-6213,1000.000000,1,1,0
iisc_01,739,18.414499,0,1,3
iisc_01,799,16.454493,0,1,3
iisc_01,588,17.726029,0,1,3
iisc_01,1093,17.483130,0,1,3
iisc_02,704,18.672702,0,1,3
iisc_02,1152,18.994882,0,1,3
iisc_02,497,17.379332,0,1,3
iisc_02,490,17.775219,0,1,3
iisc_02,476,16.849667,0,1,3
iisc_02,950,18.585357,0,1,3
iisc_02,2284,17.758790,1,1,0
iisc_02,1101,16.563262,0,1,3
iisc_02,917,19.037797,0,1,3
iisc_02,765,17.177309,0,1,3
iisc_02,-5582,1000.000000,1,1,0
iisc_02,717,18.429598,0,1,3
iisc_02,130,1000.000000,0,0,1
iisc_02,835,16.765594,0,1,3
iisc_02,1195,19.178814,0,1,3
iisc_02,832,17.019991,0,1,3
iisc_02,729,17.101585,0,1,3
iisc_02,525,18.217775,0,1,3
iisc_02,658,18.261786,0,1,3
iisc_02,-6539,1000.000000,1,1,0
iisc_02,930,19.318939,0,1,3
iisc_02,521,18.580402,1,0,1
iisc_02,993,19.734537,0,1,3
iisc_02,1015,19.413942,0,1,3
iisc_02,650,16.458694,0,1,3
iisc_02,1712,20.574494,0,1,3
iisc_02,833,18.760348,0,1,3
iisc_02,722,18.140604,0,1,3
iisc_02,811,18.462746,0,1,3
iisc_02,762,18.431921,0,1,3
iisc_02,579,17.129008,0,1,3
iisc_02,-6169,1000.000000,1,1,0
iisc_02,342,19.225242,0,1,3
iisc_02,-6076,1000.000000,1,1,0
iisc_02,1420,17.039948,1,0,1
iisc_02,1127,17.331433,0,1,3
iisc_02,533,19.954995,0,1,3
iisc_02,509,19.913589,0,1,3
iisc_02,-5637,1000.000000,1,1,0
iisc_02,892,17.859292,0,1,3
iisc_02,1287,18.135924,0,1,3
iisc_02,820,18.183937,0,1,3
iisc_02,1104,18.103498,0,1,3
iisc_02,553,18.459726,0,1,3
iisc_02,741,18.115753,0,1,3
iisc_02,-6529,1000.000000,1,1,0
iisc_02,890,18.213823,0,1,3
iisc_02,1102,18.095936,0,1,3
iisc_02,1199,17.584060,1,0,1
iisc_02,1460,18.314231,0,1,3
iisc_02,1006,17.432437,0,1,3
iisc_02,2045,19.775981,0,0,2
iisc_02,1307,18.205011,0,1,3
iisc_02,1041,18.607292,0,1,3
iisc_02,1187,19.922670,1,0,1
iisc_02,886,17.117595,0,1,3
iisc_02,961,18.645577,0,1,3
iisc_02,924,17.647206,0,1,3
iisc_02,2305,17.902279,0,0,2
iisc_02,989,18.744999,0,1,3
iisc_02,1047,18.597822,0,1,3
iisc_02,934,17.559952,0,1,3
iisc_02,2163,18.581318,1,1,0
iisc_02,640,17.083758,0,1,3
iisc_02,3456,19.601012,1,1,0
iisc_02,703,19.372403,0,1,3
iisc_02,812,23.107891,0,1,3
iisc_02,898,16.762072,0,1,3
iisc_02,1386,20.041600,0,1,3
iisc_02,795,17.684856,0,1,3
iisc_02,987,17.823070,0,1,3
iisc_02,1182,16.879261,0,1,3
iisc_02,1130,18.799187,0,1,3
iisc_02,931,18.593284,0,1,3
iisc_02,792,19.017131,0,1,3
iisc_02,-7141,1000.000000,1,1,0
iisc_02,179,1000.000000,1,0,1
iisc_02,1031,18.984863,0,1,3
iisc_02,-5499,1000.000000,1,1,0
iisc_02,556,17.310572,0,1,3
iisc_02,890,17.294933,0,1,3
iisc_02,630,18.029502,0,1,3
iisc_02,264,16.362724,0,1,3
iisc_02,1176,16.653826,0,1,3
iisc_02,886,20.681034,0,1,3
iisc_02,1040,17.731261,0,1,3
iisc_02,1248,16.740828,1,0,1
iisc_02,1006,18.926146,0,1,3
iisc_02,582,17.234237,0,1,3
iisc_02,1123,18.173970,1,0,1
iisc_02,-330,1000.000000,0,0,1
iisc_02,720,18.411201,0,1,3
iisc_02,1061,18.324115,0,1,3
iisc_02,734,17.536442,0,1,3
iisc_02,869,17.893403,0,1,3
iisc_02,996,19.292264,0,1,3
iisc_02,1069,19.628852,1,0,1
iisc_02,622,19.180565,0,1,3
iisc_02,907,18.472674,0,1,3
iisc_02,1080,17.683684,0,1,3
iisc_02,1808,19.549241,0,1,3
iisc_02,839,19.473176,0,1,3
iisc_02,1102,18.328512,0,1,3
iisc_02,745,18.466033,1,0,1
iisc_02,1035,17.494578,0,1,3
iisc_02,584,17.603534,0,1,3
iisc_02,1139,17.242737,0,1,3
iisc_02,535,20.410619,0,1,3
iisc_02,2040,17.354556,0,0,2
iisc_02,668,19.390583,0,1,3
iisc_02,864,19.693494,0,1,3
iisc_02,489,19.507137,1,0,1
iisc_02,956,18.422722,1,0,1
iisc_02,529,17.865557,0,1,3
iisc_02,927,18.204100,0,1,3
iisc_02,726,17.984473,0,1,3
iisc_02,1086,17.773264,0,1,3
iisc_02,1082,20.483150,0,1,3
iisc_02,669,17.626102,1,0,1
iisc_02,-5431,1000.000000,1,1,0
iisc_02,-5913,1000.000000,1,1,0
iisc_02,1243,17.300584,0,1,3
iisc_02,380,16.869548,0,1,3
iisc_02,1037,18.417573,0,1,3
iisc_02,737,17.449778,0,1,3
iisc_02,-6790,1000.000000,1,1,0
iisc_02,438,16.510651,0,1,3
iisc_02,810,17.004102,0,1,3
iisc_02,537,17.510119,0,1,3
iisc_02,1581,17.516694,0,1,3
iisc_02,1105,16.459697,0,1,3
iisc_02,1351,17.957625,0,1,3
iisc_02,689,16.366204,1,0,1
iisc_02,1117,17.517939,0,1,3
iisc_02,714,18.601114,0,1,3
iisc_02,239,15.596284,0,1,3
iisc_02,556,16.625045,0,1,3
iisc_02,839,17.607720,0,1,3
iisc_02,1389,17.068434,0,1,3
iisc_02,415,16.310499,0,1,3
iisc_02,848,17.670761,0,1,3
iisc_02,-5832,1000.000000,1,1,0
iisc_02,2091,17.117046,0,0,2
iisc_02,1100,18.680137,0,1,3
iisc_02,750,18.566599,0,1,3
iisc_02,612,17.751402,0,1,3
iisc_02,-5233,1000.000000,1,1,0
iisc_02,990,17.627854,0,1,3
iisc_02,1016,18.835019,0,1,3
iisc_02,-5754,1000.000000,1,1,0
iisc_02,564,16.251852,0,1,3
iisc_02,1237,17.022324,0,1,3
iisc_02,-6387,1000.000000,1,1,0
iisc_02,836,18.419135,0,1,3
iisc_02,763,17.531728,0,1,3
iisc_02,834,18.171248,0,1,3
iisc_02,-5769,1000.000000,1,1,0
iisc_02,813,18.893875,0,1,3
iisc_02,758,19.374169,0,1,3
iisc_02,1144,16.524564,0,1,3
iisc_02,1179,18.348500,1,0,1
iisc_02,1101,18.571391,0,1,3
iisc_02,959,17.542537,0,1,3
iisc_02,584,17.416084,0,1,3
iisc_02,1286,18.924057,0,1,3
iisc_02,749,18.342797,0,1,3
iisc_02,-6662,1000.000000,1,1,0
iisc_02,986,16.572569,0,1,3
iisc_02,3558,17.957425,1,1,0
iisc_02,1027,17.965616,0,1,3
iisc_02,2091,17.301091,0,0,2
iisc_02,523,18.089823,0,1,3
iisc_02,-7463,1000.000000,1,1,0
iisc_02,815,17.029215,0,1,3
iisc_02,788,17.776444,0,1,3
iisc_02,1292,17.597828,0,1,3
iisc_02,768,16.898688,0,1,3
iisc_02,812,17.423933,0,1,3
iisc_02,342,16.444590,0,1,3
iisc_02,1318,18.897832,0,1,3
iisc_02,1390,18.392357,0,1,3
iisc_02,1663,18.013575,0,1,3
iisc_02,-5860,1000.000000,1,1,0
iisc_02,-5185,1000.000000,1,1,0
iisc_02,785,17.524977,0,1,3
iisc_02,806,16.930058,0,1,3
iisc_02,1651,18.264223,0,1,3
iisc_02,731,16.619014,0,1,3
iisc_02,-6385,1000.000000,1,1,0
iisc_02,186,1000.000000,0,0,1
iisc_02,557,17.542322,0,1,3
iisc_02,751,17.145801,0,1,3
iisc_02,1483,18.270397,0,1,3
iisc_02,604,17.348791,0,1,3
iisc_02,484,19.180497,0,1,3
iisc_02,1008,18.525511,1,0,1
iisc_02,1152,18.230973,0,1,3
iisc_02,1056,18.320536,0,1,3
iisc_02,1204,18.459574,0,1,3
iisc_02,613,17.347597,0,1,3
iisc_03,435,18.580178,0,1,3
iisc_03,640,18.623097,0,1,3
iisc_03,1048,18.333628,0,1,3
iisc_03,1380,18.625252,0,1,3
iisc_03,545,17.193693,0,1,3
iisc_03,537,17.924817,0,1,3
iisc_03,-5808,1000.000000,1,1,0
iisc_03,397,16.604423,0,1,3
iisc_03,459,18.038750,0,1,3
iisc_03,554,17.330548,0,1,3
iisc_03,-5582,1000.000000,1,1,0
iisc_03,574,17.119250,0,1,3
iisc_03,1054,17.596036,0,1,3
iisc_03,1087,18.605889,0,1,3
iisc_03,968,20.148066,0,1,3
iisc_03,445,17.906678,0,1,3
iisc_03,399,17.242676,0,1,3
iisc_03,443,18.237167,0,1,3
iisc_03,729,18.246647,0,1,3
iisc_03,-1195,1000.000000,1,0,1
iisc_03,638,19.243363,0,1,3
iisc_03,613,18.577326,1,0,1
iisc_03,916,18.794347,0,1,3
iisc_03,856,20.564297,0,1,3
iisc_03,704,17.798555,0,1,3
iisc_03,548,17.148930,0,1,3
iisc_03,575,18.174327,0,1,3
iisc_03,294,15.233702,0,1,3
iisc_03,782,18.834743,0,1,3
iisc_03,615,18.445413,0,1,3
iisc_03,547,17.940001,0,1,3
iisc_03,-1123,1000.000000,1,0,1
iisc_03,1284,19.480217,0,1,3
iisc_03,-6076,1000.000000,1,1,0
iisc_03,-5710,1000.000000,1,1,0
iisc_03,621,16.554925,0,1,3
iisc_03,479,19.278683,0,1,3
iisc_03,414,19.253581,0,1,3
iisc_03,985,19.997240,1,0,1
iisc_03,895,18.129631,0,1,3
iisc_03,715,17.520707,0,1,3
iisc_03,797,18.214870,0,1,3
iisc_03,-6408,1000.000000,0,0,1
iisc_03,365,17.669119,0,1,3
iisc_03,145,1000.000000,0,0,1
iisc_03,-6529,1000.000000,1,1,0
iisc_03,1044,18.418499,0,1,3
iisc_03,710,17.988261,0,1,3
iisc_03,475,19.048535,1,0,1
iisc_03,721,17.329979,0,1,3
iisc_03,1175,17.432734,0,1,3
iisc_03,1438,19.060146,0,1,3
iisc_03,621,16.718494,0,1,3
iisc_03,745,18.945968,0,1,3
iisc_03,650,19.143531,1,0,1
iisc_03,729,16.643540,0,1,3
iisc_03,668,18.453570,0,1,3
iisc_03,806,16.934206,0,1,3
iisc_03,719,17.416244,0,1,3
iisc_03,1223,18.159318,0,1,3
iisc_03,728,16.916224,0,1,3
iisc_03,708,17.170338,0,1,3
iisc_03,541,18.702659,1,0,1
iisc_03,193,1000.000000,0,0,1
iisc_03,-5747,1000.000000,1,1,0
iisc_03,397,19.544062,0,1,3
iisc_03,574,20.005097,0,1,3
iisc_03,424,17.342877,0,1,3
iisc_03,530,19.405289,0,1,3
iisc_03,685,17.806936,0,1,3
iisc_03,597,17.216798,0,1,3
iisc_03,652,16.960189,0,1,3
iisc_03,724,18.554312,0,1,3
iisc_03,944,18.549423,0,1,3
iisc_03,1020,19.715021,0,1,3
iisc_03,-7141,1000.000000,1,1,0
iisc_03,1108,21.180739,1,0,1
iisc_03,684,18.243128,0,1,3
iisc_03,-5499,1000.000000,1,1,0
iisc_03,716,17.612531,0,1,3
iisc_03,554,17.567415,0,1,3
iisc_03,440,18.705438,0,1,3
iisc_03,856,18.142482,0,1,3
iisc_03,671,17.785762,0,1,3
iisc_03,513,19.217730,0,1,3
iisc_03,638,17.246809,0,1,3
iisc_03,869,16.809251,1,0,1
iisc_03,1029,18.257611,0,1,3
iisc_03,890,17.026506,0,1,3
iisc_03,614,18.601025,1,0,1
iisc_03,1050,17.800284,0,1,3
iisc_03,480,17.948048,0,1,3
iisc_03,1586,18.536533,0,1,3
iisc_03,576,17.040720,0,1,3
iisc_03,832,17.902101,0,1,3
iisc_03,835,21.969810,0,1,3
iisc_03,568,18.011302,1,0,1
iisc_03,719,19.204984,0,1,3
iisc_03,716,18.514744,0,1,3
iisc_03,1435,17.928869,0,1,3
iisc_03,754,21.586544,0,1,3
iisc_03,1153,19.818022,0,1,3
iisc_03,652,17.840907,0,1,3
iisc_03,1659,18.404744,1,0,1
iisc_03,472,17.474677,0,1,3
iisc_03,730,17.894745,0,1,3
iisc_03,551,17.534756,0,1,3
iisc_03,768,20.054065,0,1,3
iisc_03,689,17.565011,0,1,3
iisc_03,575,18.928910,0,1,3
iisc_03,493,19.004556,0,1,3
iisc_03,968,19.785346,1,0,1
iisc_03,1444,18.570395,1,0,1
iisc_03,702,18.791498,0,1,3
iisc_03,657,18.405393,0,1,3
iisc_03,586,17.672728,0,1,3
iisc_03,1045,18.165353,0,1,3
iisc_03,920,21.708450,0,1,3
iisc_03,-5530,1000.000000,1,1,0
iisc_03,-5431,1000.000000,1,1,0
iisc_03,-5913,1000.000000,1,1,0
iisc_03,958,19.726956,0,1,3
iisc_03,145,1000.000000,0,0,1
iisc_03,802,18.315186,0,1,3
iisc_03,477,19.327085,0,1,3
iisc_03,-6790,1000.000000,1,1,0
iisc_03,711,17.304962,0,1,3
iisc_03,576,17.372101,0,1,3
iisc_03,441,17.633988,0,1,3
iisc_03,554,17.198572,0,1,3
iisc_03,475,16.929821,0,1,3
iisc_03,689,16.311731,0,1,3
iisc_03,512,17.671928,1,0,1
iisc_03,513,17.642982,0,1,3
iisc_03,567,18.245988,0,1,3
iisc_03,636,16.137829,0,1,3
iisc_03,718,17.020515,0,1,3
iisc_03,616,18.057805,0,1,3
iisc_03,715,16.299137,0,1,3
iisc_03,741,16.939647,0,1,3
iisc_03,389,16.717919,0,1,3
iisc_03,-5832,1000.000000,1,1,0
iisc_03,459,16.822412,0,1,3
iisc_03,523,18.323316,0,1,3
iisc_03,487,17.096401,0,1,3
iisc_03,483,18.211178,0,1,3
iisc_03,-5233,1000.000000,1,1,0
iisc_03,831,17.234942,0,1,3
iisc_03,444,17.147260,0,1,3
iisc_03,-5754,1000.000000,1,1,0
iisc_03,793,16.101905,0,1,3
iisc_03,519,16.701736,0,1,3
iisc_03,-6387,1000.000000,1,1,0
iisc_03,437,17.650622,0,1,3
iisc_03,763,17.648532,0,1,3
iisc_03,494,16.988320,0,1,3
iisc_03,-5769,1000.000000,1,1,0
iisc_03,851,18.427085,0,1,3
iisc_03,514,18.176447,0,1,3
iisc_03,1038,16.970902,0,1,3
iisc_03,472,18.100939,1,0,1
iisc_03,481,17.027774,0,1,3
iisc_03,898,17.920854,0,1,3
iisc_03,530,17.249144,0,1,3
iisc_03,500,17.634921,0,1,3
iisc_03,803,17.769419,0,1,3
iisc_03,-6662,1000.000000,1,1,0
iisc_03,833,16.699503,0,1,3
iisc_03,489,18.340931,1,0,1
iisc_03,580,18.498979,0,1,3
iisc_03,507,16.970290,0,1,3
iisc_03,572,18.002073,0,1,3
iisc_03,1010,16.948684,1,0,1
iisc_03,693,16.589704,0,1,3
iisc_03,1083,17.863883,0,1,3
iisc_03,521,16.837603,0,1,3
iisc_03,705,16.986965,0,1,3
iisc_03,316,16.550710,0,1,3
iisc_03,546,17.768437,0,1,3
iisc_03,504,17.585117,0,1,3
iisc_03,879,17.893519,0,1,3
iisc_03,1216,18.758607,0,1,3
iisc_03,-5860,1000.000000,1,1,0
iisc_03,402,17.235089,1,0,1
iisc_03,863,17.689196,0,1,3
iisc_03,390,16.465770,0,1,3
iisc_03,491,17.138771,0,1,3
iisc_03,710,17.573118,0,1,3
iisc_03,-6385,1000.000000,1,1,0
iisc_03,640,17.784488,0,1,3
iisc_03,866,17.294682,0,1,3
iisc_03,320,16.644509,0,1,3
iisc_03,1285,18.417296,0,1,3
iisc_03,693,18.753163,0,1,3
iisc_03,676,17.794794,0,1,3
iisc_03,498,17.047795,1,0,1
iisc_03,539,17.585842,0,1,3
iisc_03,708,16.894009,0,1,3
iisc_03,685,17.902348,0,1,3
iisc_03,-45,1000.000000,0,0,1
iisc_04,747,18.610528,0,1,3
iisc_04,757,18.716486,0,1,3
iisc_04,410,17.494391,0,1,3
iisc_04,899,17.566556,0,1,3
iisc_04,518,17.200802,0,1,3
iisc_04,1004,18.419200,0,1,3
iisc_04,-5808,1000.000000,1,1,0
iisc_04,816,16.716453,0,1,3
iisc_04,-1495,1000.000000,0,0,1
iisc_04,718,17.340432,0,1,3
iisc_04,-5582,1000.000000,1,1,0
iisc_04,787,18.398689,0,1,3
iisc_04,548,17.331425,0,1,3
iisc_04,888,17.224886,0,1,3
iisc_04,635,20.477957,0,1,3
iisc_04,705,16.660903,0,1,3
iisc_04,-6245,1000.000000,0,0,1
iisc_04,830,18.067071,0,1,3
iisc_04,940,19.626962,0,1,3
iisc_04,-6539,1000.000000,1,1,0
iisc_04,645,18.371585,0,1,3
iisc_04,1669,18.852268,1,0,1
iisc_04,964,18.730072,0,1,3
iisc_04,503,18.492935,0,1,3
iisc_04,1079,16.734711,0,1,3
iisc_04,793,19.929855,0,1,3
iisc_04,1500,17.430533,0,1,3
iisc_04,484,17.919670,0,1,3
iisc_04,638,18.855997,0,1,3
iisc_04,706,18.946791,0,1,3
iisc_04,522,17.013364,0,1,3
iisc_04,-6169,1000.000000,1,1,0
iisc_04,676,19.210743,0,1,3
iisc_04,-6076,1000.000000,1,1,0
iisc_04,-5710,1000.000000,1,1,0
iisc_04,1051,16.506576,0,1,3
iisc_04,718,19.077681,0,1,3
iisc_04,536,20.037881,0,1,3
iisc_04,1038,19.315395,1,0,1
iisc_04,516,16.624025,0,1,3
iisc_04,535,17.541508,0,1,3
iisc_04,650,17.475827,0,1,3
iisc_04,1109,18.446060,0,1,3
iisc_04,606,19.554804,0,1,3
iisc_04,584,18.332407,0,1,3
iisc_04,-6529,1000.000000,1,1,0
iisc_04,968,18.310481,0,1,3
iisc_04,-3864,1000.000000,0,0,1
iisc_04,-5735,1000.000000,1,1,0
iisc_04,490,17.408467,0,1,3
iisc_04,620,17.343869,0,1,3
iisc_04,1707,19.665964,0,1,3
iisc_04,548,16.455861,0,1,3
iisc_04,673,18.558416,0,1,3
iisc_04,735,21.276495,1,0,1
iisc_04,1227,18.233143,0,1,3
iisc_04,-1162,1000.000000,0,0,1
iisc_04,1876,17.052307,0,1,3
iisc_04,657,17.912836,0,1,3
iisc_04,837,18.313174,0,1,3
iisc_04,494,16.586557,0,1,3
iisc_04,606,17.108823,0,1,3
iisc_04,-5637,1000.000000,1,1,0
iisc_04,960,17.417241,0,1,3
iisc_04,-5747,1000.000000,1,1,0
iisc_04,888,18.458116,0,1,3
iisc_04,706,21.470282,0,1,3
iisc_04,614,17.463574,0,1,3
iisc_04,546,19.361012,0,1,3
iisc_04,726,17.733287,0,1,3
iisc_04,628,17.315857,0,1,3
iisc_04,787,16.665576,0,1,3
iisc_04,2641,19.268384,0,0,2
iisc_04,745,17.244051,0,1,3
iisc_04,490,19.738710,0,1,3
iisc_04,-7141,1000.000000,1,1,0
iisc_04,-6991,1000.000000,1,1,0
iisc_04,605,18.586914,0,1,3
iisc_04,-5499,1000.000000,1,1,0
iisc_04,710,17.666302,0,1,3
iisc_04,591,17.137587,0,1,3
iisc_04,-5060,1000.000000,0,0,1
iisc_04,356,16.952189,0,1,3
iisc_04,1026,17.740377,0,1,3
iisc_04,1175,19.733872,0,1,3
iisc_04,1074,17.802366,0,1,3
iisc_04,2430,18.779472,1,1,0
iisc_04,862,18.321789,0,1,3
iisc_04,927,16.940959,0,1,3
iisc_04,648,18.394996,1,0,1
iisc_04,-3907,1000.000000,0,0,1
iisc_04,1426,19.678674,0,1,3
iisc_04,1606,18.243281,0,1,3
iisc_04,534,17.342551,0,1,3
iisc_04,503,17.488943,0,1,3
iisc_04,3290,19.492823,0,0,2
iisc_04,-5900,1000.000000,1,1,0
iisc_04,649,19.137167,0,1,3
iisc_04,545,19.244697,0,1,3
iisc_04,856,18.017917,0,1,3
iisc_04,1331,19.606029,0,1,3
iisc_04,971,18.983421,0,1,3
iisc_04,664,17.962036,0,1,3
iisc_04,-5878,1000.000000,1,1,0
iisc_04,866,17.393579,0,1,3
iisc_04,1035,17.889475,0,1,3
iisc_04,575,17.621224,0,1,3
iisc_04,753,19.420986,0,1,3
iisc_04,2504,18.061654,0,0,2
iisc_04,783,18.268481,0,1,3
iisc_04,608,20.239973,0,1,3
iisc_04,1379,19.284298,1,0,1
iisc_04,-5446,1000.000000,1,1,0
iisc_04,833,18.572578,0,1,3
iisc_04,585,18.575940,0,1,3
iisc_04,794,18.174472,0,1,3
iisc_04,603,18.047035,0,1,3
iisc_04,933,21.126053,0,1,3
iisc_04,-5530,1000.000000,1,1,0
iisc_04,-5431,1000.000000,1,1,0
iisc_04,1024,17.181891,1,0,1
iisc_04,733,18.272826,0,1,3
iisc_04,781,18.108967,0,1,3
iisc_04,544,18.361353,0,1,3
iisc_04,666,17.603775,0,1,3
iisc_04,-6790,1000.000000,1,1,0
iisc_04,828,16.538887,0,1,3
iisc_04,1253,17.254881,0,1,3
iisc_04,814,18.046708,0,1,3
iisc_04,751,17.176055,0,1,3
iisc_04,723,16.671647,0,1,3
iisc_04,721,16.807372,0,1,3
iisc_04,-5355,1000.000000,1,1,0
iisc_04,913,17.475330,0,1,3
iisc_04,858,19.260909,0,1,3
iisc_04,570,16.747263,0,1,3
iisc_04,888,16.738718,0,1,3
iisc_04,499,17.727779,0,1,3
iisc_04,590,16.373242,0,1,3
iisc_04,534,16.933138,0,1,3
iisc_04,583,17.656193,0,1,3
iisc_04,-5832,1000.000000,1,1,0
iisc_04,589,17.711334,0,1,3
iisc_04,802,18.017805,0,1,3
iisc_04,1438,20.910431,0,1,3
iisc_04,717,18.320690,0,1,3
iisc_04,-5233,1000.000000,1,1,0
iisc_04,744,17.595134,0,1,3
iisc_04,1450,19.381337,0,1,3
iisc_04,-3234,1000.000000,1,0,1
iisc_04,739,15.967204,0,1,3
iisc_04,1380,16.930832,0,1,3
iisc_04,-6387,1000.000000,1,1,0
iisc_04,1104,17.316567,0,1,3
iisc_04,551,17.331198,0,1,3
iisc_04,1091,17.518877,0,1,3
iisc_04,-5769,1000.000000,1,1,0
iisc_04,520,17.378427,0,1,3
iisc_04,-5910,1000.000000,0,0,1
iisc_04,1606,16.886003,0,1,3
iisc_04,-5903,1000.000000,1,1,0
iisc_04,1068,18.283917,0,1,3
iisc_04,1486,17.653357,0,1,3
iisc_04,690,16.767515,0,1,3
iisc_04,876,17.888539,0,1,3
iisc_04,559,18.191027,0,1,3
iisc_04,-6662,1000.000000,1,1,0
iisc_04,675,16.616313,0,1,3
iisc_04,-5676,1000.000000,1,1,0
iisc_04,740,18.200835,0,1,3
iisc_04,447,16.834227,0,1,3
iisc_04,851,18.017252,0,1,3
iisc_04,-7463,1000.000000,1,1,0
iisc_04,805,17.404215,0,1,3
iisc_04,1609,17.871243,0,1,3
iisc_04,973,17.225955,0,1,3
iisc_04,778,16.773392,0,1,3
iisc_04,1099,17.670838,0,1,3
iisc_04,783,18.527802,0,1,3
iisc_04,703,17.432850,0,1,3
iisc_04,576,18.113827,0,1,3
iisc_04,1385,18.617431,0,1,3
iisc_04,-5860,1000.000000,1,1,0
iisc_04,1922,19.567857,1,0,1
iisc_04,1728,17.827581,0,1,3
iisc_04,536,16.613555,0,1,3
iisc_04,1071,17.101757,0,1,3
iisc_04,897,16.497023,0,1,3
iisc_04,-6385,1000.000000,1,1,0
iisc_04,1707,18.018947,0,1,3
iisc_04,1056,16.930441,0,1,3
iisc_04,947,17.431268,0,1,3
iisc_04,2094,18.634471,0,0,2
iisc_04,894,17.691716,0,1,3
iisc_04,630,17.343116,0,1,3
iisc_04,-6213,1000.000000,1,1,0
iisc_04,1164,18.345197,0,1,3
iisc_04,1143,17.952639,0,1,3
iisc_04,536,18.096973,0,1,3
iisc_04,516,17.334128,0,1,3
iisc_05,478,19.473324,0,1,3
iisc_05,359,17.430918,0,1,3
iisc_05,362,17.016927,0,1,3
iisc_05,604,18.330228,0,1,3
iisc_05,379,16.838421,0,1,3
iisc_05,510,17.804853,0,1,3
iisc_05,-5808,1000.000000,1,1,0
iisc_05,320,16.498632,0,1,3
iisc_05,765,18.181420,0,1,3
iisc_05,-1073,1000.000000,0,0,1
iisc_05,-5582,1000.000000,1,1,0
iisc_05,357,17.091326,0,1,3
iisc_05,351,16.360965,0,1,3
iisc_05,454,18.010949,0,1,3
iisc_05,376,18.760353,0,1,3
iisc_05,648,16.840053,0,1,3
iisc_05,441,17.104426,0,1,3
iisc_05,423,17.327677,0,1,3
iisc_05,1352,19.607503,0,1,3
iisc_05,-6539,1000.000000,1,1,0
iisc_05,563,19.322258,0,1,3
iisc_05,426,18.835825,1,0,1
iisc_05,604,17.843633,0,1,3
iisc_05,505,19.056190,0,1,3
iisc_05,544,16.702352,0,1,3
iisc_05,411,17.020757,0,1,3
iisc_05,672,18.648923,0,1,3
iisc_05,475,18.859771,0,1,3
iisc_05,424,16.794394,0,1,3
iisc_05,438,18.430312,0,1,3
iisc_05,395,16.878528,0,1,3
iisc_05,-6169,1000.000000,1,1,0
iisc_05,563,19.161459,0,1,3
iisc_05,-6076,1000.000000,1,1,0
iisc_05,-5710,1000.000000,1,1,0
iisc_05,379,16.268150,0,1,3
iisc_05,382,18.183146,0,1,3
iisc_05,486,19.580110,0,1,3
iisc_05,-381,1000.000000,1,0,1
iisc_05,609,17.792909,0,1,3
iisc_05,446,17.715052,0,1,3
iisc_05,581,18.639761,0,1,3
iisc_05,899,18.625704,0,1,3
iisc_05,436,18.889878,0,1,3
iisc_05,458,17.461928,0,1,3
iisc_05,2864,16.964657,1,1,0
iisc_05,386,18.240451,0,1,3
iisc_05,-4546,1000.000000,0,0,1
iisc_05,-5735,1000.000000,1,1,0
iisc_05,575,18.189833,0,1,3
iisc_05,727,17.226770,0,1,3
iisc_05,1087,18.911640,0,1,3
iisc_05,561,17.624554,0,1,3
iisc_05,389,17.555201,0,1,3
iisc_05,570,20.597700,1,0,1
iisc_05,644,17.570212,0,1,3
iisc_05,496,18.085893,0,1,3
iisc_05,1022,17.438002,0,1,3
iisc_05,441,17.217735,0,1,3
iisc_05,627,18.798568,0,1,3
iisc_05,377,16.079361,0,1,3
iisc_05,409,17.296874,0,1,3
iisc_05,2084,19.510084,1,1,0
iisc_05,475,18.751203,0,1,3
iisc_05,-5747,1000.000000,1,1,0
iisc_05,472,18.615163,0,1,3
iisc_05,1043,22.554870,0,1,3
iisc_05,503,17.081253,0,1,3
iisc_05,568,17.494628,0,1,3
iisc_05,537,17.100606,0,1,3
iisc_05,471,16.392996,0,1,3
iisc_05,371,16.645573,0,1,3
iisc_05,933,18.452972,0,1,3
iisc_05,545,17.676560,0,1,3
iisc_05,542,20.032154,0,1,3
iisc_05,-7141,1000.000000,1,1,0
iisc_05,338,16.169511,1,0,1
iisc_05,454,18.986806,0,1,3
iisc_05,-5499,1000.000000,1,1,0
iisc_05,614,17.570401,0,1,3
iisc_05,482,16.810956,0,1,3
iisc_05,585,18.055835,0,1,3
iisc_05,527,19.142840,0,1,3
iisc_05,404,16.754635,0,1,3
iisc_05,378,17.682632,0,1,3
iisc_05,796,17.414067,0,1,3
iisc_05,694,17.016423,1,0,1
iisc_05,630,18.247994,0,1,3
iisc_05,552,16.907935,0,1,3
iisc_05,406,18.806494,1,0,1
iisc_05,602,17.953406,0,1,3
iisc_05,883,20.093280,0,1,3
iisc_05,435,17.844185,0,1,3
iisc_05,614,17.453217,0,1,3
iisc_05,473,17.510261,0,1,3
iisc_05,466,19.740490,0,1,3
iisc_05,1244,20.722961,1,0,1
iisc_05,412,18.704211,0,1,3
iisc_05,449,19.161982,0,1,3
iisc_05,441,17.601416,0,1,3
iisc_05,339,19.223414,0,1,3
iisc_05,581,19.103502,0,1,3
iisc_05,664,17.885183,0,1,3
iisc_05,551,17.830533,1,0,1
iisc_05,410,17.311426,0,1,3
iisc_05,376,17.246776,0,1,3
iisc_05,354,16.900045,0,1,3
iisc_05,423,19.486900,0,1,3
iisc_05,482,16.936068,0,1,3
iisc_05,521,17.648261,0,1,3
iisc_05,710,20.079613,0,1,3
iisc_05,422,19.090077,1,0,1
iisc_05,403,17.305397,1,0,1
iisc_05,489,18.575201,0,1,3
iisc_05,434,17.289855,0,1,3
iisc_05,500,17.677162,0,1,3
iisc_05,405,17.382683,0,1,3
iisc_05,2286,20.324805,0,0,2
iisc_05,631,17.921190,1,0,1
iisc_05,-793,1000.000000,1,0,1
iisc_05,585,18.091564,1,0,1
iisc_05,672,18.453078,0,1,3
iisc_05,371,16.229274,0,1,3
iisc_05,319,16.222885,0,1,3
iisc_05,501,19.414426,0,1,3
iisc_05,-6790,1000.000000,1,1,0
iisc_05,670,16.366862,0,1,3
iisc_05,754,17.222288,0,1,3
iisc_05,324,16.553050,0,1,3
iisc_05,397,16.781403,0,1,3
iisc_05,562,16.837385,0,1,3
iisc_05,678,15.933875,0,1,3
iisc_05,489,17.541704,1,0,1
iisc_05,475,16.718934,0,1,3
iisc_05,695,19.027351,0,1,3
iisc_05,463,16.095877,0,1,3
iisc_05,395,16.826823,0,1,3
iisc_05,433,19.018593,0,1,3
iisc_05,530,15.833869,0,1,3
iisc_05,561,16.583452,0,1,3
iisc_05,560,17.318993,0,1,3
iisc_05,-5832,1000.000000,1,1,0
iisc_05,658,17.403265,0,1,3
iisc_05,376,16.875277,0,1,3
iisc_05,532,17.063883,0,1,3
iisc_05,550,17.796343,0,1,3
iisc_05,-5233,1000.000000,1,1,0
iisc_05,930,17.780766,0,1,3
iisc_05,2757,19.263136,0,0,2
iisc_05,-5754,1000.000000,1,1,0
iisc_05,359,16.045183,0,1,3
iisc_05,452,16.655070,0,1,3
iisc_05,-6387,1000.000000,1,1,0
iisc_05,420,17.448515,0,1,3
iisc_05,630,17.384271,0,1,3
iisc_05,447,16.885825,0,1,3
iisc_05,719,16.956324,1,0,1
iisc_05,500,17.438210,0,1,3
iisc_05,585,17.641273,0,1,3
iisc_05,824,16.754466,0,1,3
iisc_05,-5903,1000.000000,1,1,0
iisc_05,-6194,1000.000000,0,0,1
iisc_05,398,17.220822,0,1,3
iisc_05,669,16.889034,0,1,3
iisc_05,553,18.700359,0,1,3
iisc_05,1771,17.286795,0,1,3
iisc_05,-6662,1000.000000,1,1,0
iisc_05,422,16.646719,0,1,3
iisc_05,-5676,1000.000000,1,1,0
iisc_05,567,17.863418,0,1,3
iisc_05,444,16.941783,0,1,3
iisc_05,519,18.242247,0,1,3
iisc_05,-7463,1000.000000,1,1,0
iisc_05,482,17.145311,0,1,3
iisc_05,457,16.874009,0,1,3
iisc_05,427,16.853499,0,1,3
iisc_05,656,16.957666,0,1,3
iisc_05,471,16.709591,0,1,3
iisc_05,393,16.819512,0,1,3
iisc_05,815,17.618861,0,1,3
iisc_05,1554,18.144495,0,1,3
iisc_05,1114,18.861651,0,1,3
iisc_05,-5860,1000.000000,1,1,0
iisc_05,655,18.404539,1,0,1
iisc_05,495,17.667896,0,1,3
iisc_05,606,17.604660,0,1,3
iisc_05,1119,17.204386,0,1,3
iisc_05,685,16.660527,0,1,3
iisc_05,2426,16.964085,1,1,0
iisc_05,663,17.745592,0,1,3
iisc_05,386,17.059700,0,1,3
iisc_05,458,17.124106,0,1,3
iisc_05,764,17.340111,0,1,3
iisc_05,535,17.394865,0,1,3
iisc_05,514,17.627141,0,1,3
iisc_05,-6213,1000.000000,1,1,0
iisc_05,568,17.826393,0,1,3
iisc_05,505,17.018401,0,1,3
iisc_05,687,17.666724,0,1,3
iisc_05,642,17.356561,0,1,3
iisc_06,714,17.538426,0,1,3
iisc_06,669,19.263223,0,1,3
iisc_06,515,17.410411,0,1,3
iisc_06,1013,18.677093,0,1,3
iisc_06,563,16.913309,0,1,3
iisc_06,692,18.435697,0,1,3
iisc_06,-5808,1000.000000,1,1,0
iisc_06,954,16.651238,0,1,3
iisc_06,452,17.251959,0,1,3
iisc_06,563,17.461640,0,1,3
iisc_06,-5582,1000.000000,1,1,0
iisc_06,682,17.914772,0,1,3
iisc_06,436,17.200379,0,1,3
iisc_06,357,17.640507,0,1,3
iisc_06,649,20.427033,0,1,3
iisc_06,435,16.911635,0,1,3
iisc_06,562,17.361236,0,1,3
iisc_06,431,18.093808,0,1,3
iisc_06,564,18.878997,0,1,3
iisc_06,-6539,1000.000000,1,1,0
iisc_06,452,18.471411,0,1,3
iisc_06,386,17.431032,1,0,1
iisc_06,480,17.571889,0,1,3
iisc_06,591,18.041602,0,1,3
iisc_06,420,16.257723,0,1,3
iisc_06,767,19.835890,0,1,3
iisc_06,804,18.646231,0,1,3
iisc_06,511,18.805913,0,1,3
iisc_06,564,17.755750,0,1,3
iisc_06,739,20.336618,0,1,3
iisc_06,671,18.368364,0,1,3
iisc_06,-6169,1000.000000,1,1,0
iisc_06,869,20.426584,0,1,3
iisc_06,-6076,1000.000000,1,1,0
iisc_06,589,17.095083,1,0,1
iisc_06,712,16.401460,0,1,3
iisc_06,500,18.128248,0,1,3
iisc_06,409,19.726756,0,1,3
iisc_06,752,19.300807,1,0,1
iisc_06,613,18.006564,0,1,3
iisc_06,600,17.445602,0,1,3
iisc_06,817,18.181077,0,1,3
iisc_06,970,18.671115,0,1,3
iisc_06,652,19.620824,0,1,3
iisc_06,413,17.648716,0,1,3
iisc_06,-6529,1000.000000,1,1,0
iisc_06,402,18.751276,0,1,3
iisc_06,413,16.440998,0,1,3
iisc_06,-5735,1000.000000,1,1,0
iisc_06,539,17.960086,0,1,3
iisc_06,592,17.469656,0,1,3
iisc_06,630,18.566883,0,1,3
iisc_06,1001,19.640043,0,1,3
iisc_06,403,17.582029,0,1,3
iisc_06,2599,16.638641,1,1,0
iisc_06,631,17.635236,0,1,3
iisc_06,720,18.439931,0,1,3
iisc_06,814,17.138315,0,1,3
iisc_06,595,17.932975,0,1,3
iisc_06,490,17.840841,0,1,3
iisc_06,397,16.710723,0,1,3
iisc_06,438,17.545412,0,1,3
iisc_06,1986,19.048859,1,0,1
iisc_06,426,16.933262,0,1,3
iisc_06,-3207,1000.000000,1,0,1
iisc_06,537,18.265227,0,1,3
iisc_06,746,21.808194,0,1,3
iisc_06,367,17.016318,0,1,3
iisc_06,380,18.437849,0,1,3
iisc_06,404,16.984567,0,1,3
iisc_06,565,17.357781,0,1,3
iisc_06,505,17.154548,0,1,3
iisc_06,423,18.348952,0,1,3
iisc_06,495,18.106735,0,1,3
iisc_06,432,19.597832,0,1,3
iisc_06,-7141,1000.000000,1,1,0
iisc_06,245,17.685129,1,0,1
iisc_06,679,18.223059,0,1,3
iisc_06,-5499,1000.000000,1,1,0
iisc_06,452,17.392308,0,1,3
iisc_06,548,17.454850,0,1,3
iisc_06,461,18.266088,0,1,3
iisc_06,579,18.382943,0,1,3
iisc_06,757,17.374261,0,1,3
iisc_06,586,18.974177,0,1,3
iisc_06,515,17.525821,0,1,3
iisc_06,395,16.897637,1,0,1
iisc_06,910,18.364625,0,1,3
iisc_06,677,17.610388,0,1,3
iisc_06,526,18.679343,1,0,1
iisc_06,448,17.964884,0,1,3
iisc_06,646,18.433461,0,1,3
iisc_06,436,17.845239,0,1,3
iisc_06,999,17.978108,0,1,3
iisc_06,608,17.526949,0,1,3
iisc_06,713,20.247189,0,1,3
iisc_06,-5900,1000.000000,1,1,0
iisc_06,551,19.305354,0,1,3
iisc_06,570,19.219615,0,1,3
iisc_06,476,18.025280,0,1,3
iisc_06,653,19.733712,0,1,3
iisc_06,1025,19.459301,0,1,3
iisc_06,464,17.307863,0,1,3
iisc_06,-5878,1000.000000,1,1,0
iisc_06,583,17.536696,0,1,3
iisc_06,671,17.799252,0,1,3
iisc_06,897,17.796949,0,1,3
iisc_06,542,21.483708,0,1,3
iisc_06,1055,18.527325,0,1,3
iisc_06,564,18.929576,0,1,3
iisc_06,561,19.539421,0,1,3
iisc_06,611,19.561731,1,0,1
iisc_06,464,17.614086,1,0,1
iisc_06,522,18.661991,0,1,3
iisc_06,655,18.555210,0,1,3
iisc_06,700,17.763699,0,1,3
iisc_06,810,18.871482,0,1,3
iisc_06,-6261,1000.000000,0,0,1
iisc_06,-5530,1000.000000,1,1,0
iisc_06,-5431,1000.000000,1,1,0
iisc_06,600,17.030893,1,0,1
iisc_06,761,18.849943,0,1,3
iisc_06,773,18.532930,0,1,3
iisc_06,487,18.246833,0,1,3
iisc_06,631,18.228815,0,1,3
iisc_06,-6790,1000.000000,1,1,0
iisc_06,721,16.690387,0,1,3
iisc_06,530,16.958188,0,1,3
iisc_06,638,17.559192,0,1,3
iisc_06,506,16.809709,0,1,3
iisc_06,681,16.488676,0,1,3
iisc_06,975,16.867038,0,1,3
iisc_06,-5355,1000.000000,1,1,0
iisc_06,398,16.573627,0,1,3
iisc_06,915,18.747720,0,1,3
iisc_06,877,16.297869,0,1,3
iisc_06,564,16.654795,0,1,3
iisc_06,559,18.536149,0,1,3
iisc_06,366,16.029186,0,1,3
iisc_06,578,16.603371,0,1,3
iisc_06,497,16.233965,0,1,3
iisc_06,-5832,1000.000000,1,1,0
iisc_06,493,17.126073,0,1,3
iisc_06,482,18.045138,0,1,3
iisc_06,485,17.413255,0,1,3
iisc_06,767,18.061006,0,1,3
iisc_06,-5233,1000.000000,1,1,0
iisc_06,800,17.077443,0,1,3
iisc_06,663,18.275262,0,1,3
iisc_06,1071,16.146051,1,0,1
iisc_06,542,16.387783,0,1,3
iisc_06,488,16.142775,0,1,3
iisc_06,-6387,1000.000000,1,1,0
iisc_06,512,16.582924,0,1,3
iisc_06,480,17.676897,0,1,3
iisc_06,483,17.172237,0,1,3
iisc_06,-5769,1000.000000,1,1,0
iisc_06,390,17.374744,0,1,3
iisc_06,588,17.641338,0,1,3
iisc_06,735,16.058969,0,1,3
iisc_06,-2071,1000.000000,1,0,1
iisc_06,878,18.380214,0,1,3
iisc_06,500,16.852510,0,1,3
iisc_06,-956,1000.000000,0,0,1
iisc_06,-577,1000.000000,0,0,1
iisc_06,791,17.618795,0,1,3
iisc_06,-6662,1000.000000,1,1,0
iisc_06,536,16.588800,0,1,3
iisc_06,997,18.760601,1,0,1
iisc_06,586,18.866733,0,1,3
iisc_06,584,17.220541,0,1,3
iisc_06,431,18.416120,0,1,3
iisc_06,-1482,1000.000000,1,0,1
iisc_06,459,17.813258,0,1,3
iisc_06,605,17.233680,0,1,3
iisc_06,488,16.887633,0,1,3
iisc_06,-418,1000.000000,0,0,1
iisc_06,554,16.849128,0,1,3
iisc_06,896,17.382872,0,1,3
iisc_06,557,18.765203,0,1,3
iisc_06,754,17.419392,0,1,3
iisc_06,-9486,1000.000000,0,0,1
iisc_06,-5860,1000.000000,1,1,0
iisc_06,-5185,1000.000000,1,1,0
iisc_06,436,17.448065,0,1,3
iisc_06,478,17.096820,0,1,3
iisc_06,1454,17.964392,0,1,3
iisc_06,454,16.268108,0,1,3
iisc_06,-6385,1000.000000,1,1,0
iisc_06,805,17.747085,0,1,3
iisc_06,514,19.180414,0,1,3
iisc_06,488,17.165591,0,1,3
iisc_06,741,17.313533,0,1,3
iisc_06,627,17.481786,0,1,3
iisc_06,-2003,1000.000000,0,0,1
iisc_06,513,17.449057,1,0,1
iisc_06,531,17.732973,0,1,3
iisc_06,499,17.266149,0,1,3
iisc_06,783,17.411541,0,1,3
iisc_06,440,17.406770,0,1,3
iisc_07,1041,17.381279,0,1,3
iisc_07,1013,18.663657,0,1,3
iisc_07,770,18.328075,0,1,3
iisc_07,730,18.549819,0,1,3
iisc_07,1146,16.951629,0,1,3
iisc_07,653,17.767021,0,1,3
iisc_07,-5808,1000.000000,1,1,0
iisc_07,800,16.032416,0,1,3
iisc_07,780,18.845407,0,1,3
iisc_07,572,17.781608,0,1,3
iisc_07,-5582,1000.000000,1,1,0
iisc_07,667,17.236797,0,1,3
iisc_07,670,16.746569,0,1,3
iisc_07,769,16.950085,0,1,3
iisc_07,972,19.261907,0,1,3
iisc_07,758,16.845385,0,1,3
iisc_07,708,17.091818,0,1,3
iisc_07,699,17.649289,0,1,3
iisc_07,3085,18.634069,0,0,2
iisc_07,-6539,1000.000000,1,1,0
iisc_07,770,19.181388,0,1,3
iisc_07,1313,20.261075,1,0,1
iisc_07,806,18.261055,0,1,3
iisc_07,726,19.180750,0,1,3
iisc_07,891,16.859883,0,1,3
iisc_07,878,20.717098,0,1,3
iisc_07,811,18.842920,0,1,3
iisc_07,438,20.977074,0,1,3
iisc_07,701,18.831238,0,1,3
iisc_07,426,18.536323,0,1,3
iisc_07,923,16.112873,0,1,3
iisc_07,-6169,1000.000000,1,1,0
iisc_07,1645,18.528067,0,1,3
iisc_07,-6076,1000.000000,1,1,0
iisc_07,-5710,1000.000000,1,1,0
iisc_07,647,16.498904,0,1,3
iisc_07,295,17.486717,0,1,3
iisc_07,789,18.257995,0,1,3
iisc_07,-5637,1000.000000,1,1,0
iisc_07,311,17.514732,0,1,3
iisc_07,562,17.485281,0,1,3
iisc_07,1156,18.864741,0,1,3
iisc_07,678,17.693504,0,1,3
iisc_07,592,18.287576,0,1,3
iisc_07,583,18.330179,0,1,3
iisc_07,-6529,1000.000000,1,1,0
iisc_07,903,18.860272,0,1,3
iisc_07,459,16.662469,0,1,3
iisc_07,-5735,1000.000000,1,1,0
iisc_07,526,17.530864,0,1,3
iisc_07,1099,17.231189,0,1,3
iisc_07,1089,19.002180,0,1,3
iisc_07,652,17.002559,0,1,3
iisc_07,569,18.628803,0,1,3
iisc_07,-5605,1000.000000,1,1,0
iisc_07,634,17.251197,0,1,3
iisc_07,1112,19.426057,0,1,3
iisc_07,840,16.785644,0,1,3
iisc_07,1118,19.474506,0,1,3
iisc_07,1127,18.389557,0,1,3
iisc_07,1021,18.599097,0,1,3
iisc_07,945,17.176418,0,1,3
iisc_07,-5637,1000.000000,1,1,0
iisc_07,430,17.829046,0,1,3
iisc_07,-5747,1000.000000,1,1,0
iisc_07,839,19.498402,0,1,3
iisc_07,423,18.772159,0,1,3
iisc_07,766,18.434982,0,1,3
iisc_07,839,19.768127,0,1,3
iisc_07,1073,17.882845,0,1,3
iisc_07,544,16.568115,0,1,3
iisc_07,539,17.176435,0,1,3
iisc_07,797,18.025888,0,1,3
iisc_07,712,17.100725,0,1,3
iisc_07,926,19.341126,0,1,3
iisc_07,-7141,1000.000000,1,1,0
iisc_07,719,17.861528,1,0,1
iisc_07,578,19.096058,0,1,3
iisc_07,-5499,1000.000000,1,1,0
iisc_07,492,17.418039,0,1,3
iisc_07,500,17.931217,0,1,3
iisc_07,877,18.255466,0,1,3
iisc_07,644,17.685435,0,1,3
iisc_07,780,18.006260,0,1,3
iisc_07,876,19.982344,0,1,3
iisc_07,874,17.903624,0,1,3
iisc_07,677,17.015279,1,0,1
iisc_07,1308,18.770521,0,1,3
iisc_07,545,17.435316,0,1,3
iisc_07,-6495,1000.000000,1,1,0
iisc_07,1007,17.893455,0,1,3
iisc_07,822,19.596053,0,1,3
iisc_07,746,18.128400,0,1,3
iisc_07,909,18.033274,0,1,3
iisc_07,793,17.571603,0,1,3
iisc_07,1305,19.559013,0,1,3
iisc_07,-5900,1000.000000,1,1,0
iisc_07,946,18.583639,0,1,3
iisc_07,738,18.296224,0,1,3
iisc_07,703,17.543335,0,1,3
iisc_07,1106,20.285267,0,1,3
iisc_07,758,19.672692,0,1,3
iisc_07,416,16.678164,0,1,3
iisc_07,-5878,1000.000000,1,1,0
iisc_07,656,17.550311,0,1,3
iisc_07,492,17.655685,0,1,3
iisc_07,916,17.779469,0,1,3
iisc_07,397,18.901411,0,1,3
iisc_07,704,17.089284,0,1,3
iisc_07,783,19.230856,0,1,3
iisc_07,857,19.692489,0,1,3
iisc_07,575,19.608600,1,0,1
iisc_07,1471,18.799038,1,0,1
iisc_07,721,18.783532,0,1,3
iisc_07,813,18.648620,0,1,3
iisc_07,1485,18.484215,0,1,3
iisc_07,758,18.329630,0,1,3
iisc_07,645,19.390238,0,1,3
iisc_07,-5530,1000.000000,1,1,0
iisc_07,-5431,1000.000000,1,1,0
iisc_07,-5913,1000.000000,1,1,0
iisc_07,732,18.682614,0,1,3
iisc_07,1153,17.891377,0,1,3
iisc_07,890,18.756051,0,1,3
iisc_07,1180,18.749687,0,1,3
iisc_07,-6790,1000.000000,1,1,0
iisc_07,1030,16.697550,0,1,3
iisc_07,1028,17.581372,0,1,3
iisc_07,566,17.675366,0,1,3
iisc_07,485,16.684978,0,1,3
iisc_07,972,18.805671,0,1,3
iisc_07,1354,17.568933,0,1,3
iisc_07,398,17.417291,1,0,1
iisc_07,778,17.512039,0,1,3
iisc_07,920,18.791350,0,1,3
iisc_07,959,16.305529,0,1,3
iisc_07,526,16.729241,0,1,3
iisc_07,864,17.424249,0,1,3
iisc_07,830,16.593579,0,1,3
iisc_07,549,16.501918,0,1,3
iisc_07,547,17.309951,0,1,3
iisc_07,-5832,1000.000000,1,1,0
iisc_07,851,17.731596,0,1,3
iisc_07,796,18.017829,0,1,3
iisc_07,775,17.981714,0,1,3
iisc_07,757,18.131707,0,1,3
iisc_07,-5233,1000.000000,1,1,0
iisc_07,-229,1000.000000,0,0,1
iisc_07,857,17.567462,0,1,3
iisc_07,-5754,1000.000000,1,1,0
iisc_07,434,15.808586,0,1,3
iisc_07,3458,18.563521,0,0,2
iisc_07,-6387,1000.000000,1,1,0
iisc_07,545,17.348135,0,1,3
iisc_07,1410,17.033587,0,1,3
iisc_07,1009,17.549220,0,1,3
iisc_07,-5769,1000.000000,1,1,0
iisc_07,1062,18.657391,0,1,3
iisc_07,-5910,1000.000000,0,0,1
iisc_07,810,16.523810,0,1,3
iisc_07,-5903,1000.000000,1,1,0
iisc_07,1288,18.413720,0,1,3
iisc_07,926,17.475624,0,1,3
iisc_07,521,17.181737,0,1,3
iisc_07,1050,17.856653,0,1,3
iisc_07,2332,17.821342,0,0,2
iisc_07,-6662,1000.000000,1,1,0
iisc_07,499,16.775961,0,1,3
iisc_07,483,18.387263,1,0,1
iisc_07,431,17.570762,0,1,3
iisc_07,502,16.975646,0,1,3
iisc_07,823,18.208616,0,1,3
iisc_07,-7463,1000.000000,1,1,0
iisc_07,901,17.338993,0,1,3
iisc_07,904,17.645419,0,1,3
iisc_07,417,16.882217,0,1,3
iisc_07,355,16.756484,0,1,3
iisc_07,402,16.829194,0,1,3
iisc_07,757,17.773895,0,1,3
iisc_07,496,17.548915,0,1,3
iisc_07,585,17.768825,0,1,3
iisc_07,2141,17.333621,0,0,2
iisc_07,-5860,1000.000000,1,1,0
iisc_07,-5185,1000.000000,1,1,0
iisc_07,753,16.519644,0,1,3
iisc_07,733,17.192093,0,1,3
iisc_07,-5520,1000.000000,0,0,1
iisc_07,794,16.688823,0,1,3
iisc_07,-6385,1000.000000,1,1,0
iisc_07,1292,16.963238,0,1,3
iisc_07,881,16.991520,0,1,3
iisc_07,715,17.694144,0,1,3
iisc_07,968,18.097010,0,1,3
iisc_07,613,17.680156,0,1,3
iisc_07,664,17.749097,0,1,3
iisc_07,-6213,1000.000000,1,1,0
iisc_07,602,17.636689,0,1,3
iisc_07,685,16.739031,0,1,3
iisc_07,648,18.047659,0,1,3
iisc_07,701,17.695881,0,1,3
iisc_08,742,17.497041,0,1,3
iisc_08,618,19.447258,0,1,3
iisc_08,1000,19.023813,0,1,3
iisc_08,687,18.909474,0,1,3
iisc_08,427,16.615172,0,1,3
iisc_08,479,18.131052,0,1,3
iisc_08,-5808,1000.000000,1,1,0
iisc_08,295,16.255999,0,1,3
iisc_08,574,17.934282,0,1,3
iisc_08,733,17.253807,0,1,3
iisc_08,-5582,1000.000000,1,1,0
iisc_08,709,19.003199,0,1,3
iisc_08,688,17.074697,0,1,3
iisc_08,682,17.239145,0,1,3
iisc_08,595,20.391088,0,1,3
iisc_08,705,17.159179,0,1,3
iisc_08,802,16.897670,0,1,3
iisc_08,363,16.155210,0,1,3
iisc_08,1311,19.765325,0,1,3
iisc_08,-6539,1000.000000,1,1,0
iisc_08,506,18.211577,0,1,3
iisc_08,-5903,1000.000000,1,1,0
iisc_08,415,17.370850,0,1,3
iisc_08,454,18.739281,0,1,3
iisc_08,536,16.498302,0,1,3
iisc_08,620,17.334376,0,1,3
iisc_08,1091,18.409815,0,1,3
iisc_08,477,20.920668,0,1,3
iisc_08,899,17.096311,0,1,3
iisc_08,693,18.740257,0,1,3
iisc_08,480,17.008548,0,1,3
iisc_08,-6169,1000.000000,1,1,0
iisc_08,590,19.134861,0,1,3
iisc_08,-3213,1000.000000,1,0,1
iisc_08,533,17.084407,1,0,1
iisc_08,395,15.940538,0,1,3
iisc_08,597,19.874912,0,1,3
iisc_08,416,19.931546,0,1,3
iisc_08,-5637,1000.000000,1,1,0
iisc_08,467,17.270887,0,1,3
iisc_08,439,17.707503,0,1,3
iisc_08,915,18.325312,0,1,3
iisc_08,1027,18.467755,0,1,3
iisc_08,443,19.005132,0,1,3
iisc_08,533,17.129839,0,1,3
iisc_08,-6529,1000.000000,1,1,0
iisc_08,1095,18.598072,0,1,3
iisc_08,605,17.332021,0,1,3
iisc_08,-5735,1000.000000,1,1,0
iisc_08,559,18.088162,0,1,3
iisc_08,693,17.138150,0,1,3
iisc_08,558,17.793548,0,1,3
iisc_08,591,16.973359,0,1,3
iisc_08,715,18.625893,0,1,3
iisc_08,1560,16.359094,1,0,1
iisc_08,592,16.949964,0,1,3
iisc_08,622,18.016802,0,1,3
iisc_08,2097,16.926825,0,0,2
iisc_08,505,17.915919,0,1,3
iisc_08,701,19.336007,0,1,3
iisc_08,-7578,1000.000000,0,0,1
iisc_08,757,17.728834,0,1,3
iisc_08,-3092,1000.000000,1,0,1
iisc_08,485,18.784298,0,1,3
iisc_08,-5747,1000.000000,1,1,0
iisc_08,441,18.579771,0,1,3
iisc_08,771,22.593076,0,1,3
iisc_08,283,16.623460,0,1,3
iisc_08,589,16.864475,0,1,3
iisc_08,310,16.157129,0,1,3
iisc_08,526,16.515201,0,1,3
iisc_08,416,17.215801,0,1,3
iisc_08,3313,19.095507,0,0,2
iisc_08,667,17.227557,0,1,3
iisc_08,615,18.818234,0,1,3
iisc_08,-7141,1000.000000,1,1,0
iisc_08,-6991,1000.000000,1,1,0
iisc_08,742,18.796904,0,1,3
iisc_08,-5499,1000.000000,1,1,0
iisc_08,566,16.386463,0,1,3
iisc_08,1085,18.640363,0,1,3
iisc_08,416,18.607630,0,1,3
iisc_08,665,17.683864,0,1,3
iisc_08,553,16.861135,0,1,3
iisc_08,729,19.649213,0,1,3
iisc_08,1260,17.880654,0,1,3
iisc_08,-5450,1000.000000,1,1,0
iisc_08,827,18.426574,0,1,3
iisc_08,807,17.244223,0,1,3
iisc_08,669,18.445008,1,0,1
iisc_08,824,18.054337,0,1,3
iisc_08,799,19.491072,0,1,3
iisc_08,1279,18.878648,0,1,3
iisc_08,1108,17.865914,0,1,3
iisc_08,595,18.046176,0,1,3
iisc_08,848,21.731669,0,1,3
iisc_08,-5900,1000.000000,1,1,0
iisc_08,618,19.021791,0,1,3
iisc_08,567,19.219663,0,1,3
iisc_08,895,17.684289,0,1,3
iisc_08,802,19.505263,0,1,3
iisc_08,671,18.727121,0,1,3
iisc_08,544,17.436009,0,1,3
iisc_08,-5878,1000.000000,1,1,0
iisc_08,519,17.611098,0,1,3
iisc_08,513,17.055083,0,1,3
iisc_08,774,17.642107,0,1,3
iisc_08,742,20.294786,0,1,3
iisc_08,-7259,1000.000000,0,0,1
iisc_08,453,18.451768,0,1,3
iisc_08,468,19.070586,0,1,3
iisc_08,-2279,1000.000000,1,0,1
iisc_08,-5446,1000.000000,1,1,0
iisc_08,534,18.790293,0,1,3
iisc_08,725,18.606364,0,1,3
iisc_08,539,17.702523,0,1,3
iisc_08,479,18.429445,0,1,3
iisc_08,826,21.166741,0,1,3
iisc_08,629,17.581866,1,0,1
iisc_08,-571,1000.000000,1,0,1
iisc_08,581,18.094428,1,0,1
iisc_08,929,18.077486,0,1,3
iisc_08,458,16.829627,0,1,3
iisc_08,408,16.766085,0,1,3
iisc_08,420,18.253556,0,1,3
iisc_08,-6790,1000.000000,1,1,0
iisc_08,490,17.339253,0,1,3
iisc_08,574,16.773310,0,1,3
iisc_08,847,18.124184,0,1,3
iisc_08,430,16.971765,0,1,3
iisc_08,558,16.441556,0,1,3
iisc_08,1142,17.547587,0,1,3
iisc_08,-5355,1000.000000,1,1,0
iisc_08,1268,18.087976,0,1,3
iisc_08,486,17.861050,0,1,3
iisc_08,478,15.896743,0,1,3
iisc_08,415,17.009658,0,1,3
iisc_08,532,17.251819,0,1,3
iisc_08,669,16.206120,0,1,3
iisc_08,551,17.240666,0,1,3
iisc_08,556,17.118109,0,1,3
iisc_08,-5832,1000.000000,1,1,0
iisc_08,849,17.721249,0,1,3
iisc_08,519,17.938893,0,1,3
iisc_08,587,17.228792,0,1,3
iisc_08,603,17.961643,0,1,3
iisc_08,-5233,1000.000000,1,1,0
iisc_08,709,17.756778,0,1,3
iisc_08,762,18.086024,0,1,3
iisc_08,-5754,1000.000000,1,1,0
iisc_08,363,15.897181,0,1,3
iisc_08,627,16.375213,0,1,3
iisc_08,-6387,1000.000000,1,1,0
iisc_08,495,16.683975,0,1,3
iisc_08,416,17.214694,0,1,3
iisc_08,490,16.676677,0,1,3
iisc_08,-5769,1000.000000,1,1,0
iisc_08,797,18.464714,0,1,3
iisc_08,472,17.179197,0,1,3
iisc_08,884,16.591654,0,1,3
iisc_08,902,19.448570,1,0,1
iisc_08,-2138,1000.000000,0,0,1
iisc_08,755,17.379227,0,1,3
iisc_08,1015,17.673829,0,1,3
iisc_08,863,17.468637,0,1,3
iisc_08,658,17.771214,0,1,3
iisc_08,-6662,1000.000000,1,1,0
iisc_08,427,16.436445,0,1,3
iisc_08,3432,17.757931,1,1,0
iisc_08,740,18.278397,0,1,3
iisc_08,871,17.469063,0,1,3
iisc_08,458,18.486830,0,1,3
iisc_08,-7463,1000.000000,1,1,0
iisc_08,461,16.949146,0,1,3
iisc_08,554,17.474397,0,1,3
iisc_08,459,16.779883,0,1,3
iisc_08,393,16.483849,0,1,3
iisc_08,585,17.435107,0,1,3
iisc_08,460,17.669697,0,1,3
iisc_08,689,17.475622,0,1,3
iisc_08,1130,18.121524,0,1,3
iisc_08,1512,18.341909,0,1,3
iisc_08,-5860,1000.000000,1,1,0
iisc_08,-5185,1000.000000,1,1,0
iisc_08,558,16.914894,0,1,3
iisc_08,471,16.691961,0,1,3
iisc_08,746,17.310988,0,1,3
iisc_08,747,17.151320,0,1,3
iisc_08,-6385,1000.000000,1,1,0
iisc_08,-6204,1000.000000,0,0,1
iisc_08,584,17.771080,0,1,3
iisc_08,608,17.185257,0,1,3
iisc_08,1290,18.736984,0,1,3
iisc_08,615,17.397053,0,1,3
iisc_08,636,17.817353,0,1,3
iisc_08,-6213,1000.000000,1,1,0
iisc_08,1427,17.935378,0,1,3
iisc_08,658,16.862759,0,1,3
iisc_08,633,17.759725,0,1,3
iisc_08,365,17.285304,0,1,3
