SID,RTms,engy_dist,SAME_SPEAKER,RESPONSE,LABEL
CMU_13,780,1.459162,0,1,3
CMU_13,489,3.862634,0,1,3
CMU_13,288,6.156524,0,1,3
CMU_13,548,7.569174,0,1,3
CMU_13,325,21.490065,0,1,3
CMU_13,437,3.238785,0,1,3
CMU_13,-5808,0.000000,1,1,0
CMU_13,360,1.431358,0,1,3
CMU_13,776,11.843417,0,1,3
CMU_13,612,4.559276,0,1,3
CMU_13,-5582,0.000000,1,1,0
CMU_13,-70,20.968817,0,0,1
CMU_13,339,7.109165,0,1,3
CMU_13,536,6.725245,0,1,3
CMU_13,442,5.566976,0,1,3
CMU_13,534,0.718415,0,1,3
CMU_13,582,4.535607,0,1,3
CMU_13,458,5.455567,0,1,3
CMU_13,663,2.332256,0,1,3
CMU_13,-6539,0.000000,1,1,0
CMU_13,532,10.793614,0,1,3
CMU_13,-5903,0.000000,1,1,0
CMU_13,353,9.620192,0,1,3
CMU_13,359,7.534374,0,1,3
CMU_13,375,14.341444,0,1,3
CMU_13,629,11.031875,0,1,3
CMU_13,778,9.077496,0,1,3
CMU_13,205,11.529276,0,0,1
CMU_13,653,8.309489,0,1,3
CMU_13,396,6.589947,0,1,3
CMU_13,376,8.635538,0,1,3
CMU_13,-6169,0.000000,1,1,0
CMU_13,648,8.665831,0,1,3
CMU_13,-6076,0.000000,1,1,0
CMU_13,685,14.730962,1,0,1
CMU_13,334,2.294715,0,1,3
CMU_13,826,0.207270,0,1,3
CMU_13,321,17.218466,0,1,3
CMU_13,81,15.660376,1,0,1
CMU_13,364,2.765491,0,1,3
CMU_13,444,18.634035,0,1,3
CMU_13,378,13.776934,0,1,3
CMU_13,221,31.890416,0,0,1
CMU_13,285,12.907682,0,1,3
CMU_13,645,17.310236,0,1,3
CMU_13,-6529,0.000000,1,1,0
CMU_13,482,27.247696,0,1,3
CMU_13,442,16.308592,0,1,3
CMU_13,-4485,30.605393,1,0,1
CMU_13,299,11.415509,0,1,3
CMU_13,266,22.493446,0,1,3
CMU_13,1120,11.984709,0,1,3
CMU_13,391,27.498721,0,1,3
CMU_13,423,13.608676,0,1,3
CMU_13,546,20.447963,1,0,1
CMU_13,609,28.866707,0,1,3
CMU_13,682,3.968981,0,1,3
CMU_13,400,7.832031,0,1,3
CMU_13,500,8.617698,0,1,3
CMU_13,406,9.810576,0,1,3
CMU_13,471,14.363083,0,1,3
CMU_13,627,23.808721,0,1,3
CMU_13,-5637,0.000000,1,1,0
CMU_13,427,6.131518,0,1,3
CMU_13,-5747,0.000000,1,1,0
CMU_13,566,20.711185,0,1,3
CMU_13,609,21.487031,0,1,3
CMU_13,322,15.350207,0,1,3
CMU_13,325,26.386225,0,1,3
CMU_13,283,14.256733,0,1,3
CMU_13,380,13.215108,0,1,3
CMU_13,365,6.463167,0,1,3
CMU_13,737,9.134403,0,1,3
CMU_13,549,7.233575,0,1,3
CMU_13,466,14.975944,0,1,3
CMU_13,-7141,0.000000,1,1,0
CMU_13,373,25.710675,1,0,1
CMU_13,446,16.950793,0,1,3
CMU_13,-5499,0.000000,1,1,0
CMU_13,613,16.224930,0,1,3
CMU_13,297,26.091169,0,1,3
CMU_13,326,16.991004,0,1,3
CMU_13,293,16.681733,0,1,3
CMU_13,484,21.776755,0,1,3
CMU_13,540,18.321652,0,1,3
CMU_13,343,24.506332,0,1,3
CMU_13,265,15.945659,1,0,1
CMU_13,644,32.928366,0,1,3
CMU_13,655,44.046083,0,1,3
CMU_13,-126,53.875722,1,0,1
CMU_13,373,32.995632,0,1,3
CMU_13,813,50.097606,0,1,3
CMU_13,402,44.557682,0,1,3
CMU_13,222,50.826252,0,0,1
CMU_13,371,26.269025,0,1,3
CMU_13,643,13.808501,0,1,3
CMU_13,485,16.931891,1,0,1
CMU_13,339,26.034614,0,1,3
CMU_13,446,32.467964,0,1,3
CMU_13,415,31.170540,0,1,3
CMU_13,368,28.459332,0,1,3
CMU_13,595,18.460501,0,1,3
CMU_13,345,25.053744,0,1,3
CMU_13,-5878,0.000000,1,1,0
CMU_13,784,6.204026,0,1,3
CMU_13,381,12.753280,0,1,3
CMU_13,139,26.400655,0,0,1
CMU_13,836,15.837898,0,1,3
CMU_13,374,29.506062,0,1,3
CMU_13,380,12.904578,0,1,3
CMU_13,591,26.608433,0,1,3
CMU_13,287,22.081681,1,0,1
CMU_13,472,6.972253,1,0,1
CMU_13,648,14.274142,0,1,3
CMU_13,726,8.167717,0,1,3
CMU_13,617,16.587300,0,1,3
CMU_13,258,22.189772,0,1,3
CMU_13,696,27.948062,0,1,3
CMU_13,313,16.929510,1,0,1
CMU_13,-5431,0.000000,1,1,0
CMU_13,557,20.095354,1,0,1
CMU_13,553,32.922346,0,1,3
CMU_13,428,20.434662,0,1,3
CMU_13,424,22.403355,0,1,3
CMU_13,560,15.222943,0,1,3
CMU_13,2814,10.734916,1,1,0
CMU_13,361,16.384899,0,1,3
CMU_13,401,21.404682,0,1,3
CMU_13,462,15.943215,0,1,3
CMU_13,498,24.244891,0,1,3
CMU_13,266,28.222699,0,1,3
CMU_13,675,9.957376,0,1,3
CMU_13,179,23.357917,1,0,1
CMU_13,495,27.570018,0,1,3
CMU_13,678,34.819316,0,1,3
CMU_13,476,24.323124,0,1,3
CMU_13,424,28.138390,0,1,3
CMU_13,255,35.900268,0,1,3
CMU_13,636,30.588658,0,1,3
CMU_13,376,22.426429,0,1,3
CMU_13,416,21.344357,0,1,3
CMU_13,-5832,0.000000,1,1,0
CMU_13,719,15.808923,0,1,3
CMU_13,539,38.950257,0,1,3
CMU_13,746,21.184324,0,1,3
CMU_13,334,23.478790,0,1,3
CMU_13,-5233,0.000000,1,1,0
CMU_13,634,16.322619,0,1,3
CMU_13,429,16.403706,0,1,3
CMU_13,-5754,0.000000,1,1,0
CMU_13,432,27.298512,0,1,3
CMU_13,592,18.711586,0,1,3
CMU_13,100,31.899496,1,0,1
CMU_13,433,19.725455,0,1,3
CMU_13,86,38.030153,0,0,1
CMU_13,422,13.435510,0,1,3
CMU_13,-5769,0.000000,1,1,0
CMU_13,375,19.509078,0,1,3
CMU_13,413,27.165946,0,1,3
CMU_13,516,27.650953,0,1,3
CMU_13,-5903,0.000000,1,1,0
CMU_13,-2683,41.440173,0,0,1
CMU_13,398,23.483722,0,1,3
CMU_13,-1172,29.238276,0,0,1
CMU_13,545,31.099587,0,1,3
CMU_13,427,10.518178,0,1,3
CMU_13,-6662,0.000000,1,1,0
CMU_13,407,5.008442,0,1,3
CMU_13,1610,12.439579,1,0,1
CMU_13,365,30.788547,0,1,3
CMU_13,570,29.619348,0,1,3
CMU_13,373,22.151366,0,1,3
CMU_13,-7463,0.000000,1,1,0
CMU_13,491,19.888900,0,1,3
CMU_13,403,21.352604,0,1,3
CMU_13,238,25.355707,0,1,3
CMU_13,563,11.430834,0,1,3
CMU_13,58,28.126402,0,0,1
CMU_13,242,33.426789,0,1,3
CMU_13,582,16.920030,0,1,3
CMU_13,429,20.176005,0,1,3
CMU_13,1537,29.159876,0,1,3
CMU_13,-5860,0.000000,1,1,0
CMU_13,-5185,0.000000,1,1,0
CMU_13,361,23.389484,0,1,3
CMU_13,468,30.404295,0,1,3
CMU_13,972,24.341000,0,1,3
CMU_13,420,20.555382,0,1,3
CMU_13,-6385,0.000000,1,1,0
CMU_13,248,25.549527,0,1,3
CMU_13,316,8.612988,0,1,3
CMU_13,324,23.857305,0,1,3
CMU_13,747,13.935417,0,1,3
CMU_13,767,10.343111,0,1,3
CMU_13,426,14.248643,0,1,3
CMU_13,431,23.008130,1,0,1
CMU_13,328,29.169642,0,1,3
CMU_13,452,35.102236,0,1,3
CMU_13,609,34.894159,0,1,3
CMU_13,345,27.605306,0,1,3
CMU-14,697,3.387082,0,1,3
CMU-14,950,1.447105,0,1,3
CMU-14,511,6.107761,0,1,3
CMU-14,906,7.488061,0,1,3
CMU-14,530,20.549363,0,1,3
CMU-14,518,3.380591,0,1,3
CMU-14,-5808,0.000000,1,1,0
CMU-14,711,2.934911,0,1,3
CMU-14,679,12.137806,0,1,3
CMU-14,959,2.962067,0,1,3
CMU-14,-5582,0.000000,1,1,0
CMU-14,549,8.811082,0,1,3
CMU-14,859,0.583312,0,1,3
CMU-14,1205,2.701495,0,1,3
CMU-14,900,1.579361,0,1,3
CMU-14,694,2.472903,0,1,3
CMU-14,714,6.442814,0,1,3
CMU-14,595,4.118721,0,1,3
CMU-14,924,3.063612,0,1,3
CMU-14,-6539,0.000000,1,1,0
CMU-14,663,10.701763,0,1,3
CMU-14,-5903,0.000000,1,1,0
CMU-14,511,8.285672,0,1,3
CMU-14,1019,2.699600,0,1,3
CMU-14,741,8.829061,0,1,3
CMU-14,847,10.770371,0,1,3
CMU-14,925,6.576827,0,1,3
CMU-14,470,6.334820,0,1,3
CMU-14,673,8.213781,0,1,3
CMU-14,747,2.261539,0,1,3
CMU-14,503,6.533908,0,1,3
CMU-14,-6169,0.000000,1,1,0
CMU-14,624,8.724036,0,1,3
CMU-14,-6076,0.000000,1,1,0
CMU-14,1756,13.845143,1,0,1
CMU-14,692,1.985611,0,1,3
CMU-14,723,0.499841,0,1,3
CMU-14,758,12.284026,0,1,3
CMU-14,-5637,0.000000,1,1,0
CMU-14,699,1.274473,0,1,3
CMU-14,939,11.525124,0,1,3
CMU-14,936,11.586494,0,1,3
CMU-14,1106,24.292976,0,1,3
CMU-14,75,22.223073,0,0,1
CMU-14,553,17.527669,0,1,3
CMU-14,-6529,0.000000,1,1,0
CMU-14,734,25.886284,0,1,3
CMU-14,1280,7.655400,0,1,3
CMU-14,-5735,0.000000,1,1,0
CMU-14,1159,5.298558,0,1,3
CMU-14,425,19.815185,0,1,3
CMU-14,831,12.945093,0,1,3
CMU-14,567,25.571205,0,1,3
CMU-14,500,12.780881,0,1,3
CMU-14,356,23.234766,1,0,1
CMU-14,1098,27.686548,0,1,3
CMU-14,383,8.232095,0,1,3
CMU-14,674,2.823275,0,1,3
CMU-14,750,6.361456,0,1,3
CMU-14,687,6.295340,0,1,3
CMU-14,483,14.198067,0,1,3
CMU-14,428,24.974389,0,1,3
CMU-14,-5637,0.000000,1,1,0
CMU-14,-4602,24.628672,0,0,1
CMU-14,-5747,0.000000,1,1,0
CMU-14,823,19.938178,0,1,3
CMU-14,930,16.718253,0,1,3
CMU-14,354,14.726828,0,1,3
CMU-14,465,23.179129,0,1,3
CMU-14,546,12.958123,0,1,3
CMU-14,400,13.001249,0,1,3
CMU-14,722,5.060572,0,1,3
CMU-14,527,12.125742,0,1,3
CMU-14,652,6.397971,0,1,3
CMU-14,476,14.436114,0,1,3
CMU-14,-7141,0.000000,1,1,0
CMU-14,-6991,0.000000,1,1,0
CMU-14,764,13.679344,0,1,3
CMU-14,-5499,0.000000,1,1,0
CMU-14,582,16.239509,0,1,3
CMU-14,743,23.216951,0,1,3
CMU-14,591,15.057925,0,1,3
CMU-14,536,15.732469,0,1,3
CMU-14,580,20.700289,0,1,3
CMU-14,738,16.784978,0,1,3
CMU-14,800,21.199660,0,1,3
CMU-14,1033,5.920553,1,0,1
CMU-14,857,32.919316,0,1,3
CMU-14,1105,38.509923,0,1,3
CMU-14,-6495,0.000000,1,1,0
CMU-14,672,28.340764,0,1,3
CMU-14,1116,49.164359,0,1,3
CMU-14,1021,36.509654,0,1,3
CMU-14,1218,38.335045,0,1,3
CMU-14,669,25.340094,0,1,3
CMU-14,591,13.838474,0,1,3
CMU-14,695,13.909479,1,0,1
CMU-14,710,21.168644,0,1,3
CMU-14,570,31.459577,0,1,3
CMU-14,788,27.938954,0,1,3
CMU-14,950,25.944899,0,1,3
CMU-14,713,18.263518,0,1,3
CMU-14,-5274,0.000000,0,0,1
CMU-14,1643,10.013364,1,0,1
CMU-14,1145,4.021295,0,1,3
CMU-14,649,12.508310,0,1,3
CMU-14,1648,18.269683,0,1,3
CMU-14,632,17.059957,0,1,3
CMU-14,2667,23.371167,0,0,2
CMU-14,697,7.953616,0,1,3
CMU-14,694,25.648003,0,1,3
CMU-14,1034,13.741846,1,0,1
CMU-14,712,3.102772,1,0,1
CMU-14,667,13.993883,0,1,3
CMU-14,533,8.606932,0,1,3
CMU-14,707,16.576688,0,1,3
CMU-14,799,15.748596,0,1,3
CMU-14,704,27.817585,0,1,3
CMU-14,-5530,0.000000,1,1,0
CMU-14,-5431,0.000000,1,1,0
CMU-14,1109,15.905760,1,0,1
CMU-14,789,29.345389,0,1,3
CMU-14,587,19.579370,0,1,3
CMU-14,803,20.751664,0,1,3
CMU-14,610,14.053644,0,1,3
CMU-14,-6790,0.000000,1,1,0
CMU-14,1076,8.774533,0,1,3
CMU-14,656,19.576165,0,1,3
CMU-14,1198,7.167857,0,1,3
CMU-14,464,24.325874,0,1,3
CMU-14,737,20.472019,0,1,3
CMU-14,968,7.319150,0,1,3
CMU-14,-5355,0.000000,1,1,0
CMU-14,651,27.513731,0,1,3
CMU-14,322,43.452103,0,1,3
CMU-14,664,21.351537,0,1,3
CMU-14,1089,23.421208,0,1,3
CMU-14,407,35.651471,0,1,3
CMU-14,749,30.089918,0,1,3
CMU-14,675,21.709359,0,1,3
CMU-14,843,17.208887,0,1,3
CMU-14,-5832,0.000000,1,1,0
CMU-14,745,15.447633,0,1,3
CMU-14,660,37.998919,0,1,3
CMU-14,704,21.995376,0,1,3
CMU-14,469,21.460509,0,1,3
CMU-14,-5233,0.000000,1,1,0
CMU-14,729,15.596764,0,1,3
CMU-14,997,11.702663,0,1,3
CMU-14,-5754,0.000000,1,1,0
CMU-14,598,26.946867,0,1,3
CMU-14,715,16.600318,0,1,3
CMU-14,-6387,0.000000,1,1,0
CMU-14,772,16.287256,0,1,3
CMU-14,511,26.782372,0,1,3
CMU-14,993,4.697379,0,1,3
CMU-14,-5769,0.000000,1,1,0
CMU-14,660,18.396280,0,1,3
CMU-14,727,26.008228,0,1,3
CMU-14,1038,26.128017,0,1,3
CMU-14,-5903,0.000000,1,1,0
CMU-14,1129,25.062443,0,1,3
CMU-14,899,16.527469,0,1,3
CMU-14,1089,19.863129,0,1,3
CMU-14,774,29.329043,0,1,3
CMU-14,668,6.839649,0,1,3
CMU-14,-6662,0.000000,1,1,0
CMU-14,403,5.008461,0,1,3
CMU-14,755,15.693293,1,0,1
CMU-14,289,31.882484,0,1,3
CMU-14,726,29.559307,0,1,3
CMU-14,766,17.508768,0,1,3
CMU-14,-7463,0.000000,1,1,0
CMU-14,745,17.585015,0,1,3
CMU-14,1068,18.607077,0,1,3
CMU-14,518,21.345590,0,1,3
CMU-14,1313,4.283904,0,1,3
CMU-14,639,15.606548,0,1,3
CMU-14,527,29.441064,0,1,3
CMU-14,476,17.059308,0,1,3
CMU-14,663,16.842685,0,1,3
CMU-14,859,35.767315,0,1,3
CMU-14,-5860,0.000000,1,1,0
CMU-14,-5185,0.000000,1,1,0
CMU-14,1225,15.607393,0,1,3
CMU-14,738,26.978407,0,1,3
CMU-14,628,28.416903,0,1,3
CMU-14,489,18.905268,0,1,3
CMU-14,-6385,0.000000,1,1,0
CMU-14,958,19.326768,0,1,3
CMU-14,838,5.073278,0,1,3
CMU-14,690,21.584186,0,1,3
CMU-14,842,13.791944,0,1,3
CMU-14,717,10.649491,0,1,3
CMU-14,810,12.295644,0,1,3
CMU-14,-6213,0.000000,1,1,0
CMU-14,693,27.356244,0,1,3
CMU-14,1002,31.306232,0,1,3
CMU-14,573,35.647223,0,1,3
CMU-14,636,27.008740,0,1,3
cmu_15,606,4.807730,0,1,3
cmu_15,520,3.452759,0,1,3
cmu_15,234,6.338359,0,1,3
cmu_15,696,7.530873,0,1,3
cmu_15,553,20.547802,0,1,3
cmu_15,817,5.599493,0,1,3
cmu_15,-5808,0.000000,1,1,0
cmu_15,532,2.231971,0,1,3
cmu_15,2489,7.397948,0,0,2
cmu_15,719,3.871863,0,1,3
cmu_15,-5582,0.000000,1,1,0
cmu_15,931,7.674443,0,1,3
cmu_15,571,6.024259,0,1,3
cmu_15,799,4.679834,0,1,3
cmu_15,882,1.662629,0,1,3
cmu_15,524,0.707905,0,1,3
cmu_15,-484,15.707399,0,0,1
cmu_15,654,3.167246,0,1,3
cmu_15,-6271,0.000000,0,0,1
cmu_15,-6539,0.000000,1,1,0
cmu_15,527,10.793637,0,1,3
cmu_15,34,15.302013,1,0,1
cmu_15,376,9.620186,0,1,3
cmu_15,469,6.519605,0,1,3
cmu_15,-5074,27.493510,0,0,1
cmu_15,857,10.525415,0,1,3
cmu_15,814,8.119339,0,1,3
cmu_15,214,10.899210,0,0,1
cmu_15,711,7.743534,0,1,3
cmu_15,746,2.261723,0,1,3
cmu_15,292,10.040624,0,1,3
cmu_15,-6169,0.000000,1,1,0
cmu_15,1900,5.577746,0,1,3
cmu_15,-6076,0.000000,1,1,0
cmu_15,-5710,0.000000,1,1,0
cmu_15,987,6.451692,0,1,3
cmu_15,665,1.199743,0,1,3
cmu_15,916,9.690344,0,1,3
cmu_15,-5637,0.000000,1,1,0
cmu_15,742,2.048922,0,1,3
cmu_15,937,11.525728,0,1,3
cmu_15,318,15.252921,0,1,3
cmu_15,-6408,0.000000,0,0,1
cmu_15,616,11.854847,0,1,3
cmu_15,370,22.816578,0,1,3
cmu_15,-6529,0.000000,1,1,0
cmu_15,75,28.376092,0,0,1
cmu_15,609,13.960641,0,1,3
cmu_15,-5735,0.000000,1,1,0
cmu_15,610,9.408664,0,1,3
cmu_15,266,22.493446,0,1,3
cmu_15,4672,5.827633,0,0,2
cmu_15,1022,22.798592,0,1,3
cmu_15,1425,9.106906,0,1,3
cmu_15,345,23.596614,1,0,1
cmu_15,1040,27.839977,0,1,3
cmu_15,-1197,28.107142,0,0,1
cmu_15,932,0.157069,0,1,3
cmu_15,746,6.443170,0,1,3
cmu_15,834,6.054879,0,1,3
cmu_15,836,10.804886,0,1,3
cmu_15,475,24.472586,0,1,3
cmu_15,-5637,0.000000,1,1,0
cmu_15,673,5.438864,0,1,3
cmu_15,-5747,0.000000,1,1,0
cmu_15,940,19.791994,0,1,3
cmu_15,658,21.202727,0,1,3
cmu_15,879,10.424321,0,1,3
cmu_15,652,23.174920,0,1,3
cmu_15,400,13.332666,0,1,3
cmu_15,856,11.982458,0,1,3
cmu_15,714,5.084726,0,1,3
cmu_15,622,10.344140,0,1,3
cmu_15,699,6.145685,0,1,3
cmu_15,3016,1.117738,0,0,2
cmu_15,-7141,0.000000,1,1,0
cmu_15,190,26.292869,1,0,1
cmu_15,779,13.667202,0,1,3
cmu_15,-5499,0.000000,1,1,0
cmu_15,677,16.223043,0,1,3
cmu_15,686,23.616218,0,1,3
cmu_15,394,16.572253,0,1,3
cmu_15,1715,10.642599,0,1,3
cmu_15,454,21.902668,0,1,3
cmu_15,210,18.724997,0,0,1
cmu_15,1093,19.289041,0,1,3
cmu_15,184,18.780157,1,0,1
cmu_15,607,32.928466,0,1,3
cmu_15,1197,36.667074,0,1,3
cmu_15,410,42.246091,1,0,1
cmu_15,608,28.352193,0,1,3
cmu_15,974,49.527904,0,1,3
cmu_15,1352,35.217822,0,1,3
cmu_15,635,42.934198,0,1,3
cmu_15,946,21.667272,0,1,3
cmu_15,889,13.793054,0,1,3
cmu_15,-5900,0.000000,1,1,0
cmu_15,372,26.028491,0,1,3
cmu_15,1031,26.635121,0,1,3
cmu_15,1062,27.043445,0,1,3
cmu_15,-6419,0.000000,0,0,1
cmu_15,1913,15.183526,0,1,3
cmu_15,867,22.336921,0,1,3
cmu_15,-5878,0.000000,1,1,0
cmu_15,2226,1.346590,0,0,2
cmu_15,883,9.234965,0,1,3
cmu_15,1885,18.268937,0,1,3
cmu_15,835,15.849752,0,1,3
cmu_15,889,28.459795,0,1,3
cmu_15,916,7.308140,0,1,3
cmu_15,1177,18.584662,0,1,3
cmu_15,-4560,33.615018,1,0,1
cmu_15,390,8.226280,1,0,1
cmu_15,751,12.245884,0,1,3
cmu_15,400,8.952455,0,1,3
cmu_15,1546,10.045473,0,1,3
cmu_15,109,27.247185,0,0,1
cmu_15,1521,22.938866,0,1,3
cmu_15,-5530,0.000000,1,1,0
cmu_15,-5431,0.000000,1,1,0
cmu_15,618,19.231426,1,0,1
cmu_15,710,31.571807,0,1,3
cmu_15,1046,15.965437,0,1,3
cmu_15,1216,20.308370,0,1,3
cmu_15,957,11.205841,0,1,3
cmu_15,-6790,0.000000,1,1,0
cmu_15,383,16.373869,0,1,3
cmu_15,1434,14.668858,0,1,3
cmu_15,400,15.944528,0,1,3
cmu_15,609,24.096297,0,1,3
cmu_15,790,20.136725,0,1,3
cmu_15,-4694,17.785942,0,0,1
cmu_15,-5355,0.000000,1,1,0
cmu_15,1978,18.664564,0,1,3
cmu_15,3024,28.366396,0,0,2
cmu_15,61,37.550705,0,0,1
cmu_15,746,25.799731,0,1,3
cmu_15,452,35.206288,0,1,3
cmu_15,609,30.594258,0,1,3
cmu_15,437,22.040458,0,1,3
cmu_15,1160,15.572297,0,1,3
cmu_15,-5832,0.000000,1,1,0
cmu_15,619,17.440936,0,1,3
cmu_15,408,39.147438,0,1,3
cmu_15,821,20.142071,0,1,3
cmu_15,743,20.769682,0,1,3
cmu_15,-5233,0.000000,1,1,0
cmu_15,3380,2.711820,0,0,2
cmu_15,935,11.712197,0,1,3
cmu_15,-5754,0.000000,1,1,0
cmu_15,799,25.264325,0,1,3
cmu_15,-6357,0.000000,0,0,1
cmu_15,-6387,0.000000,1,1,0
cmu_15,464,18.231940,0,1,3
cmu_15,473,27.772108,0,1,3
cmu_15,901,5.403235,0,1,3
cmu_15,1964,20.176232,1,0,1
cmu_15,1386,12.492991,0,1,3
cmu_15,1183,22.552022,0,1,3
cmu_15,1104,25.956004,0,1,3
cmu_15,-5903,0.000000,1,1,0
cmu_15,2410,24.156185,0,0,2
cmu_15,1025,15.250567,0,1,3
cmu_15,951,20.482717,0,1,3
cmu_15,928,28.291270,0,1,3
cmu_15,890,6.001882,0,1,3
cmu_15,-6662,0.000000,1,1,0
cmu_15,319,5.040058,0,1,3
cmu_15,-5676,0.000000,1,1,0
cmu_15,602,28.238587,0,1,3
cmu_15,734,29.534751,0,1,3
cmu_15,947,17.274374,0,1,3
cmu_15,-7463,0.000000,1,1,0
cmu_15,-4055,31.770176,0,0,1
cmu_15,2454,11.533799,0,0,2
cmu_15,620,20.165946,0,1,3
cmu_15,1162,5.999510,0,1,3
cmu_15,938,12.456642,0,1,3
cmu_15,773,28.085225,0,1,3
cmu_15,-2518,38.199108,0,0,1
cmu_15,591,18.187543,0,1,3
cmu_15,2041,28.057105,0,0,2
cmu_15,-5860,0.000000,1,1,0
cmu_15,-5185,0.000000,1,1,0
cmu_15,699,20.178835,0,1,3
cmu_15,583,27.442231,0,1,3
cmu_15,2180,20.332053,0,0,2
cmu_15,735,16.262880,0,1,3
cmu_15,-6385,0.000000,1,1,0
cmu_15,-6204,0.000000,0,0,1
cmu_15,1200,3.437135,0,1,3
cmu_15,713,21.339343,0,1,3
cmu_15,723,13.939592,0,1,3
cmu_15,743,10.458845,0,1,3
cmu_15,573,13.485217,0,1,3
cmu_15,869,19.205489,1,0,1
cmu_15,974,25.941807,0,1,3
cmu_15,979,31.432181,0,1,3
cmu_15,832,33.405987,0,1,3
cmu_15,1017,22.381332,0,1,3
CMU_16,1019,0.482169,0,1,3
CMU_16,524,3.444076,0,1,3
CMU_16,484,6.126614,0,1,3
CMU_16,598,7.531102,0,1,3
CMU_16,401,20.912512,0,1,3
CMU_16,401,3.097887,0,1,3
CMU_16,-5808,0.000000,1,1,0
CMU_16,387,1.582219,0,1,3
CMU_16,1774,10.500740,0,1,3
CMU_16,548,5.556978,0,1,3
CMU_16,-5582,0.000000,1,1,0
CMU_16,618,8.297523,0,1,3
CMU_16,494,6.963726,0,1,3
CMU_16,379,7.772495,0,1,3
CMU_16,666,2.425610,0,1,3
CMU_16,618,1.101673,0,1,3
CMU_16,686,5.697083,0,1,3
CMU_16,427,5.842790,0,1,3
CMU_16,434,1.197447,0,1,3
CMU_16,-6539,0.000000,1,1,0
CMU_16,611,10.784920,0,1,3
CMU_16,502,11.252394,1,0,1
CMU_16,496,8.308384,0,1,3
CMU_16,918,3.934321,0,1,3
CMU_16,664,9.124303,0,1,3
CMU_16,484,11.951455,0,1,3
CMU_16,597,12.289625,0,1,3
CMU_16,38,20.678852,0,0,1
CMU_16,706,7.803429,0,1,3
CMU_16,443,5.356976,0,1,3
CMU_16,378,8.600257,0,1,3
CMU_16,-6169,0.000000,1,1,0
CMU_16,656,8.651055,0,1,3
CMU_16,-6076,0.000000,1,1,0
CMU_16,484,15.610872,1,0,1
CMU_16,633,1.177978,0,1,3
CMU_16,520,2.234460,0,1,3
CMU_16,378,15.904923,0,1,3
CMU_16,-5637,0.000000,1,1,0
CMU_16,231,4.293777,0,1,3
CMU_16,745,13.845218,0,1,3
CMU_16,612,12.297318,0,1,3
CMU_16,654,26.980479,0,1,3
CMU_16,266,13.683129,0,1,3
CMU_16,632,17.310332,0,1,3
CMU_16,-6529,0.000000,1,1,0
CMU_16,706,25.947314,0,1,3
CMU_16,698,12.749161,0,1,3
CMU_16,-5735,0.000000,1,1,0
CMU_16,351,11.396268,0,1,3
CMU_16,475,17.165356,0,1,3
CMU_16,909,12.833277,0,1,3
CMU_16,546,25.616836,0,1,3
CMU_16,598,12.756403,0,1,3
CMU_16,583,20.432896,1,0,1
CMU_16,658,28.560214,0,1,3
CMU_16,600,6.040327,0,1,3
CMU_16,1446,2.620248,0,1,3
CMU_16,594,7.694423,0,1,3
CMU_16,902,5.573251,0,1,3
CMU_16,432,15.333807,0,1,3
CMU_16,513,24.187296,0,1,3
CMU_16,-5637,0.000000,1,1,0
CMU_16,565,6.129742,0,1,3
CMU_16,-5747,0.000000,1,1,0
CMU_16,479,23.487164,0,1,3
CMU_16,300,23.415867,0,1,3
CMU_16,560,10.876598,0,1,3
CMU_16,344,25.906630,0,1,3
CMU_16,386,13.437668,0,1,3
CMU_16,435,12.979091,0,1,3
CMU_16,527,6.253036,0,1,3
CMU_16,697,10.031221,0,1,3
CMU_16,393,8.109921,0,1,3
CMU_16,832,11.054422,0,1,3
CMU_16,-7141,0.000000,1,1,0
CMU_16,-6991,0.000000,1,1,0
CMU_16,714,14.050936,0,1,3
CMU_16,-5499,0.000000,1,1,0
CMU_16,473,17.584109,0,1,3
CMU_16,1232,19.650017,0,1,3
CMU_16,627,14.603763,0,1,3
CMU_16,708,15.626670,0,1,3
CMU_16,929,16.468466,0,1,3
CMU_16,321,18.342897,0,1,3
CMU_16,894,20.463334,0,1,3
CMU_16,486,10.216454,1,0,1
CMU_16,533,33.044536,0,1,3
CMU_16,489,44.692186,0,1,3
CMU_16,395,42.258146,1,0,1
CMU_16,564,28.370842,0,1,3
CMU_16,1225,48.976736,0,1,3
CMU_16,401,44.557704,0,1,3
CMU_16,412,44.079815,0,1,3
CMU_16,310,26.647910,0,1,3
CMU_16,814,13.793148,0,1,3
CMU_16,-5900,0.000000,1,1,0
CMU_16,493,23.845101,0,1,3
CMU_16,277,34.122517,0,1,3
CMU_16,674,29.800405,0,1,3
CMU_16,544,27.844509,0,1,3
CMU_16,1053,17.457705,0,1,3
CMU_16,288,27.347153,0,1,3
CMU_16,601,16.457140,1,0,1
CMU_16,334,15.613527,0,1,3
CMU_16,1014,8.561776,0,1,3
CMU_16,244,24.957127,0,1,3
CMU_16,843,15.728754,0,1,3
CMU_16,554,29.445508,0,1,3
CMU_16,411,10.996556,0,1,3
CMU_16,737,24.718827,0,1,3
CMU_16,812,15.357942,1,0,1
CMU_16,-5446,0.000000,1,1,0
CMU_16,580,15.472933,0,1,3
CMU_16,976,6.762496,0,1,3
CMU_16,-6657,0.000000,0,0,1
CMU_16,319,21.551615,0,1,3
CMU_16,1153,23.376940,0,1,3
CMU_16,544,12.578212,1,0,1
CMU_16,-5431,0.000000,1,1,0
CMU_16,-5913,0.000000,1,1,0
CMU_16,770,29.911922,0,1,3
CMU_16,265,21.441605,0,1,3
CMU_16,569,22.379844,0,1,3
CMU_16,726,12.918413,0,1,3
CMU_16,-6790,0.000000,1,1,0
CMU_16,846,10.015568,0,1,3
CMU_16,492,20.369353,0,1,3
CMU_16,501,15.938983,0,1,3
CMU_16,381,24.432507,0,1,3
CMU_16,541,22.386197,0,1,3
CMU_16,563,10.045605,0,1,3
CMU_16,-5355,0.000000,1,1,0
CMU_16,462,27.750478,0,1,3
CMU_16,587,35.757340,0,1,3
CMU_16,396,24.549558,0,1,3
CMU_16,455,28.113097,0,1,3
CMU_16,444,35.382788,0,1,3
CMU_16,521,32.493652,0,1,3
CMU_16,592,21.718673,0,1,3
CMU_16,632,19.678591,0,1,3
CMU_16,-5832,0.000000,1,1,0
CMU_16,679,16.860189,0,1,3
CMU_16,469,39.079986,0,1,3
CMU_16,426,24.607737,0,1,3
CMU_16,1618,18.415242,0,1,3
CMU_16,-5233,0.000000,1,1,0
CMU_16,872,15.282607,0,1,3
CMU_16,1707,10.202868,0,1,3
CMU_16,257,24.316979,1,0,1
CMU_16,568,26.947405,0,1,3
CMU_16,417,22.239393,0,1,3
CMU_16,-6387,0.000000,1,1,0
CMU_16,356,20.476462,0,1,3
CMU_16,598,26.289415,0,1,3
CMU_16,339,13.562479,0,1,3
CMU_16,-5769,0.000000,1,1,0
CMU_16,600,18.720829,0,1,3
CMU_16,644,26.115038,0,1,3
CMU_16,1220,25.907608,0,1,3
CMU_16,549,19.677887,1,0,1
CMU_16,1011,25.086029,0,1,3
CMU_16,661,20.362563,0,1,3
CMU_16,997,20.417611,0,1,3
CMU_16,640,30.924440,0,1,3
CMU_16,664,6.840568,0,1,3
CMU_16,-6662,0.000000,1,1,0
CMU_16,435,5.007353,0,1,3
CMU_16,843,14.688379,1,0,1
CMU_16,869,23.172384,0,1,3
CMU_16,496,29.817294,0,1,3
CMU_16,575,18.528133,0,1,3
CMU_16,-7463,0.000000,1,1,0
CMU_16,522,19.711196,0,1,3
CMU_16,401,21.352657,0,1,3
CMU_16,624,20.163863,0,1,3
CMU_16,548,11.437495,0,1,3
CMU_16,441,17.954147,0,1,3
CMU_16,484,31.395773,0,1,3
CMU_16,394,18.323948,0,1,3
CMU_16,733,16.693991,0,1,3
CMU_16,1988,28.057115,0,1,3
CMU_16,-5860,0.000000,1,1,0
CMU_16,-5185,0.000000,1,1,0
CMU_16,650,21.084156,0,1,3
CMU_16,503,30.009375,0,1,3
CMU_16,912,24.886767,0,1,3
CMU_16,566,17.728820,0,1,3
CMU_16,927,21.666103,1,0,1
CMU_16,-6204,0.000000,0,0,1
CMU_16,376,8.591469,0,1,3
CMU_16,401,23.275582,0,1,3
CMU_16,778,13.927007,0,1,3
CMU_16,1090,9.501831,0,1,3
CMU_16,654,13.474379,0,1,3
CMU_16,457,22.708407,1,0,1
CMU_16,642,27.665558,0,1,3
CMU_16,531,34.919731,0,1,3
CMU_16,1324,30.505060,0,1,3
CMU_16,340,27.612251,0,1,3
CMU_17,436,4.808548,0,1,3
CMU_17,590,3.422649,0,1,3
CMU_17,394,6.128413,0,1,3
CMU_17,636,7.530932,0,1,3
CMU_17,671,19.435405,0,1,3
CMU_17,796,5.565876,0,1,3
CMU_17,-5808,0.000000,1,1,0
CMU_17,629,2.234150,0,1,3
CMU_17,955,11.378237,0,1,3
CMU_17,611,4.565174,0,1,3
CMU_17,-5582,0.000000,1,1,0
CMU_17,475,11.876714,0,1,3
CMU_17,660,4.601912,0,1,3
CMU_17,551,6.721960,0,1,3
CMU_17,432,5.763684,0,1,3
CMU_17,648,1.570464,0,1,3
CMU_17,379,0.463281,0,1,3
CMU_17,492,4.821962,0,1,3
CMU_17,406,1.197439,0,1,3
CMU_17,-6539,0.000000,1,1,0
CMU_17,403,11.139063,0,1,3
CMU_17,-5903,0.000000,1,1,0
CMU_17,840,2.486486,0,1,3
CMU_17,451,6.714141,0,1,3
CMU_17,663,9.124758,0,1,3
CMU_17,430,14.042752,0,1,3
CMU_17,613,12.271246,0,1,3
CMU_17,529,6.148790,0,1,3
CMU_17,506,9.674676,0,1,3
CMU_17,538,2.534296,0,1,3
CMU_17,563,5.446648,0,1,3
CMU_17,-6169,0.000000,1,1,0
CMU_17,681,8.630918,0,1,3
CMU_17,-6076,0.000000,1,1,0
CMU_17,-5710,0.000000,1,1,0
CMU_17,406,1.527703,0,1,3
CMU_17,478,3.530020,0,1,3
CMU_17,668,13.792678,0,1,3
CMU_17,-5637,0.000000,1,1,0
CMU_17,486,0.289224,0,1,3
CMU_17,407,18.652099,0,1,3
CMU_17,595,12.361855,0,1,3
CMU_17,1251,24.236583,0,1,3
CMU_17,396,12.775501,0,1,3
CMU_17,495,18.143603,0,1,3
CMU_17,-6529,0.000000,1,1,0
CMU_17,465,27.254893,0,1,3
CMU_17,692,12.864923,0,1,3
CMU_17,-5735,0.000000,1,1,0
CMU_17,559,10.152610,0,1,3
CMU_17,504,16.643275,0,1,3
CMU_17,738,12.965005,0,1,3
CMU_17,436,26.062982,0,1,3
CMU_17,352,14.141794,0,1,3
CMU_17,-5605,0.000000,1,1,0
CMU_17,490,29.387094,0,1,3
CMU_17,423,8.041750,0,1,3
CMU_17,694,2.222227,0,1,3
CMU_17,481,8.912466,0,1,3
CMU_17,473,8.061695,0,1,3
CMU_17,416,15.827374,0,1,3
CMU_17,489,24.362735,0,1,3
CMU_17,-5637,0.000000,1,1,0
CMU_17,329,6.168482,0,1,3
CMU_17,-5747,0.000000,1,1,0
CMU_17,470,23.499293,0,1,3
CMU_17,621,21.437756,0,1,3
CMU_17,439,13.061399,0,1,3
CMU_17,427,23.586000,0,1,3
CMU_17,529,12.959540,0,1,3
CMU_17,350,14.285956,0,1,3
CMU_17,474,6.317564,0,1,3
CMU_17,613,10.344192,0,1,3
CMU_17,599,7.035632,0,1,3
CMU_17,433,15.677761,0,1,3
CMU_17,-7141,0.000000,1,1,0
CMU_17,-6991,0.000000,1,1,0
CMU_17,563,16.242025,0,1,3
CMU_17,-5499,0.000000,1,1,0
CMU_17,427,19.285620,0,1,3
CMU_17,872,22.898539,0,1,3
CMU_17,418,16.324781,0,1,3
CMU_17,582,15.702972,0,1,3
CMU_17,531,21.257993,0,1,3
CMU_17,498,18.340322,0,1,3
CMU_17,551,23.242364,0,1,3
CMU_17,-5450,0.000000,1,1,0
CMU_17,495,33.263422,0,1,3
CMU_17,453,44.813739,0,1,3
CMU_17,-6495,0.000000,1,1,0
CMU_17,442,31.386737,0,1,3
CMU_17,859,50.088224,0,1,3
CMU_17,483,44.556113,0,1,3
CMU_17,563,43.041090,0,1,3
CMU_17,508,25.533113,0,1,3
CMU_17,559,14.255009,0,1,3
CMU_17,-5900,0.000000,1,1,0
CMU_17,544,21.871031,0,1,3
CMU_17,459,32.342071,0,1,3
CMU_17,374,31.577269,0,1,3
CMU_17,556,27.785953,0,1,3
CMU_17,994,17.603003,0,1,3
CMU_17,378,23.657316,0,1,3
CMU_17,-5878,0.000000,1,1,0
CMU_17,436,12.288653,0,1,3
CMU_17,400,12.749279,0,1,3
CMU_17,497,22.696294,0,1,3
CMU_17,581,17.126233,0,1,3
CMU_17,561,29.433646,0,1,3
CMU_17,489,8.792989,0,1,3
CMU_17,545,26.651275,0,1,3
CMU_17,471,17.223345,1,0,1
CMU_17,704,3.341293,1,0,1
CMU_17,577,15.484621,0,1,3
CMU_17,440,8.918432,0,1,3
CMU_17,461,18.383772,0,1,3
CMU_17,510,20.005816,0,1,3
CMU_17,449,28.776695,0,1,3
CMU_17,-5530,0.000000,1,1,0
CMU_17,-5431,0.000000,1,1,0
CMU_17,-5913,0.000000,1,1,0
CMU_17,541,32.922393,0,1,3
CMU_17,563,19.585300,0,1,3
CMU_17,824,20.608798,0,1,3
CMU_17,366,16.866625,0,1,3
CMU_17,-6790,0.000000,1,1,0
CMU_17,617,14.688388,0,1,3
CMU_17,431,20.560036,0,1,3
CMU_17,666,13.361215,0,1,3
CMU_17,281,24.527392,0,1,3
CMU_17,581,21.595544,0,1,3
CMU_17,608,9.965563,0,1,3
CMU_17,-5355,0.000000,1,1,0
CMU_17,460,27.766219,0,1,3
CMU_17,1152,33.432365,0,1,3
CMU_17,582,22.616346,0,1,3
CMU_17,548,27.573043,0,1,3
CMU_17,506,32.902283,0,1,3
CMU_17,575,30.649248,0,1,3
CMU_17,735,21.635590,0,1,3
CMU_17,470,21.255442,0,1,3
CMU_17,-5832,0.000000,1,1,0
CMU_17,434,21.097685,0,1,3
CMU_17,457,39.085251,0,1,3
CMU_17,431,24.518906,0,1,3
CMU_17,665,20.775864,0,1,3
CMU_17,-5233,0.000000,1,1,0
CMU_17,904,15.244629,0,1,3
CMU_17,1399,10.246854,0,1,3
CMU_17,-5754,0.000000,1,1,0
CMU_17,395,27.548461,0,1,3
CMU_17,498,18.850894,0,1,3
CMU_17,-6387,0.000000,1,1,0
CMU_17,627,17.021070,0,1,3
CMU_17,497,27.083136,0,1,3
CMU_17,506,12.236414,0,1,3
CMU_17,-5769,0.000000,1,1,0
CMU_17,519,18.776833,0,1,3
CMU_17,513,26.198757,0,1,3
CMU_17,919,26.604191,0,1,3
CMU_17,-5903,0.000000,1,1,0
CMU_17,737,25.587987,0,1,3
CMU_17,559,22.069402,0,1,3
CMU_17,670,20.697550,0,1,3
CMU_17,459,31.721668,0,1,3
CMU_17,776,6.777679,0,1,3
CMU_17,-6662,0.000000,1,1,0
CMU_17,718,1.103406,0,1,3
CMU_17,-5676,0.000000,1,1,0
CMU_17,686,27.470700,0,1,3
CMU_17,481,29.882887,0,1,3
CMU_17,633,18.472440,0,1,3
CMU_17,-7463,0.000000,1,1,0
CMU_17,489,19.889372,0,1,3
CMU_17,779,20.230681,0,1,3
CMU_17,497,21.744395,0,1,3
CMU_17,638,10.755355,0,1,3
CMU_17,629,15.610810,0,1,3
CMU_17,434,32.891405,0,1,3
CMU_17,639,15.198052,0,1,3
CMU_17,642,17.167252,0,1,3
CMU_17,1130,31.087509,0,1,3
CMU_17,-5860,0.000000,1,1,0
CMU_17,-5185,0.000000,1,1,0
CMU_17,452,23.336258,0,1,3
CMU_17,451,30.426563,0,1,3
CMU_17,1002,24.093371,0,1,3
CMU_17,424,20.399300,0,1,3
CMU_17,-6385,0.000000,1,1,0
CMU_17,961,19.312136,0,1,3
CMU_17,562,8.562072,0,1,3
CMU_17,1102,17.719094,0,1,3
CMU_17,583,13.968006,0,1,3
CMU_17,431,12.264461,0,1,3
CMU_17,577,13.484354,0,1,3
CMU_17,740,21.211672,1,0,1
CMU_17,483,28.619432,0,1,3
CMU_17,921,31.862788,0,1,3
CMU_17,837,33.405921,0,1,3
CMU_17,784,26.067997,0,1,3
iisc_01,2479,4.341609,0,0,2
iisc_01,407,4.152751,0,1,3
iisc_01,391,6.128542,0,1,3
iisc_01,626,7.530946,0,1,3
iisc_01,295,21.762783,0,1,3
iisc_01,436,3.238414,0,1,3
iisc_01,-5808,0.000000,1,1,0
iisc_01,493,2.207836,0,1,3
iisc_01,751,11.845285,0,1,3
iisc_01,1661,0.659193,0,1,3
iisc_01,-5582,0.000000,1,1,0
iisc_01,607,8.299034,0,1,3
iisc_01,675,4.377955,0,1,3
iisc_01,501,6.733774,0,1,3
iisc_01,420,5.803087,0,1,3
iisc_01,1038,4.859275,0,1,3
iisc_01,524,3.694302,0,1,3
iisc_01,759,1.101665,0,1,3
iisc_01,730,2.747863,0,1,3
iisc_01,-1135,27.204634,1,0,1
iisc_01,628,10.782963,0,1,3
iisc_01,719,9.919650,1,0,1
iisc_01,522,8.273465,0,1,3
iisc_01,417,7.135083,0,1,3
iisc_01,513,9.924350,0,1,3
iisc_01,415,14.382978,0,1,3
iisc_01,869,7.216908,0,1,3
iisc_01,599,6.116436,0,1,3
iisc_01,524,9.469496,0,1,3
iisc_01,1137,1.372102,0,1,3
iisc_01,488,6.832879,0,1,3
iisc_01,-845,23.925536,1,0,1
iisc_01,567,9.061361,0,1,3
iisc_01,-6076,0.000000,1,1,0
iisc_01,-5710,0.000000,1,1,0
iisc_01,826,4.503176,0,1,3
iisc_01,449,4.744443,0,1,3
iisc_01,517,13.972796,0,1,3
iisc_01,-5637,0.000000,1,1,0
iisc_01,385,2.261608,0,1,3
iisc_01,444,18.634035,0,1,3
iisc_01,564,12.610495,0,1,3
iisc_01,1230,24.236978,0,1,3
iisc_01,544,11.881648,0,1,3
iisc_01,514,18.107268,0,1,3
iisc_01,-6529,0.000000,1,1,0
iisc_01,699,25.966296,0,1,3
iisc_01,443,16.308261,0,1,3
iisc_01,-5735,0.000000,1,1,0
iisc_01,294,11.424793,0,1,3
iisc_01,835,12.696073,0,1,3
iisc_01,1209,11.824572,0,1,3
iisc_01,546,25.616836,0,1,3
iisc_01,693,12.592627,0,1,3
iisc_01,796,16.693411,1,0,1
iisc_01,687,28.505225,0,1,3
iisc_01,640,5.092626,0,1,3
iisc_01,-6168,0.000000,0,0,1
iisc_01,1369,2.362841,0,1,3
iisc_01,762,6.293150,0,1,3
iisc_01,415,15.840325,0,1,3
iisc_01,569,23.882742,0,1,3
iisc_01,-5637,0.000000,1,1,0
iisc_01,401,6.154388,0,1,3
iisc_01,-5747,0.000000,1,1,0
iisc_01,739,20.073444,0,1,3
iisc_01,836,16.903451,0,1,3
iisc_01,613,10.453938,0,1,3
iisc_01,468,23.178089,0,1,3
iisc_01,387,13.433508,0,1,3
iisc_01,447,12.978052,0,1,3
iisc_01,386,6.462715,0,1,3
iisc_01,745,8.610264,0,1,3
iisc_01,705,6.140976,0,1,3
iisc_01,440,15.670970,0,1,3
iisc_01,-7141,0.000000,1,1,0
iisc_01,387,25.546329,1,0,1
iisc_01,709,14.078883,0,1,3
iisc_01,-5499,0.000000,1,1,0
iisc_01,642,16.224408,0,1,3
iisc_01,587,24.852090,0,1,3
iisc_01,412,16.347223,0,1,3
iisc_01,599,15.702426,0,1,3
iisc_01,430,21.924279,0,1,3
iisc_01,307,18.352548,0,1,3
iisc_01,503,23.253942,0,1,3
iisc_01,317,14.145799,1,0,1
iisc_01,670,32.928331,0,1,3
iisc_01,491,44.689592,0,1,3
iisc_01,1229,35.146746,1,0,1
iisc_01,504,28.955743,0,1,3
iisc_01,627,50.648860,0,1,3
iisc_01,286,44.590333,0,1,3
iisc_01,309,48.522021,0,1,3
iisc_01,-3049,41.696884,0,0,1
iisc_01,-4059,29.897837,0,0,1
iisc_01,-5900,0.000000,1,1,0
iisc_01,400,26.026826,0,1,3
iisc_01,469,32.314891,0,1,3
iisc_01,678,29.800107,0,1,3
iisc_01,392,28.192083,0,1,3
iisc_01,926,17.708340,0,1,3
iisc_01,669,23.010406,0,1,3
iisc_01,478,17.932177,1,0,1
iisc_01,537,9.719159,0,1,3
iisc_01,499,12.724196,0,1,3
iisc_01,569,20.149188,0,1,3
iisc_01,708,16.947501,0,1,3
iisc_01,429,29.503238,0,1,3
iisc_01,780,7.506253,0,1,3
iisc_01,578,26.644732,0,1,3
iisc_01,415,18.941737,1,0,1
iisc_01,1019,0.693709,1,0,1
iisc_01,606,14.892686,0,1,3
iisc_01,450,8.875034,0,1,3
iisc_01,548,16.669381,0,1,3
iisc_01,610,19.853222,0,1,3
iisc_01,1009,24.421221,0,1,3
iisc_01,331,16.514103,1,0,1
iisc_01,-5431,0.000000,1,1,0
iisc_01,1036,16.179778,1,0,1
iisc_01,522,32.922668,0,1,3
iisc_01,326,21.257298,0,1,3
iisc_01,387,22.403378,0,1,3
iisc_01,424,16.258585,0,1,3
iisc_01,-6790,0.000000,1,1,0
iisc_01,604,14.836115,0,1,3
iisc_01,484,20.374798,0,1,3
iisc_01,694,13.081598,0,1,3
iisc_01,456,24.354686,0,1,3
iisc_01,594,21.424585,0,1,3
iisc_01,855,7.554983,0,1,3
iisc_01,-5355,0.000000,1,1,0
iisc_01,310,27.921546,0,1,3
iisc_01,540,39.194284,0,1,3
iisc_01,469,24.359212,0,1,3
iisc_01,347,28.808114,0,1,3
iisc_01,448,35.287473,0,1,3
iisc_01,458,33.589049,0,1,3
iisc_01,519,21.787777,0,1,3
iisc_01,438,21.334813,0,1,3
iisc_01,-5832,0.000000,1,1,0
iisc_01,500,19.101081,0,1,3
iisc_01,563,38.829297,0,1,3
iisc_01,570,22.764773,0,1,3
iisc_01,327,23.683101,0,1,3
iisc_01,-5233,0.000000,1,1,0
iisc_01,1334,11.304488,0,1,3
iisc_01,332,19.043641,0,1,3
iisc_01,-5754,0.000000,1,1,0
iisc_01,-6468,0.000000,0,0,1
iisc_01,682,17.326622,0,1,3
iisc_01,-6387,0.000000,1,1,0
iisc_01,464,18.231940,0,1,3
iisc_01,480,27.586589,0,1,3
iisc_01,368,13.562442,0,1,3
iisc_01,-5769,0.000000,1,1,0
iisc_01,541,18.758373,0,1,3
iisc_01,676,26.067419,0,1,3
iisc_01,748,26.730316,0,1,3
iisc_01,961,14.731957,1,0,1
iisc_01,337,27.143590,0,1,3
iisc_01,528,22.572434,0,1,3
iisc_01,962,20.474749,0,1,3
iisc_01,835,28.588393,0,1,3
iisc_01,645,6.847663,0,1,3
iisc_01,-6662,0.000000,1,1,0
iisc_01,635,2.638384,0,1,3
iisc_01,-5676,0.000000,1,1,0
iisc_01,534,28.298949,0,1,3
iisc_01,490,29.841881,0,1,3
iisc_01,415,22.094443,0,1,3
iisc_01,-7463,0.000000,1,1,0
iisc_01,513,19.772009,0,1,3
iisc_01,429,21.346795,0,1,3
iisc_01,487,21.943445,0,1,3
iisc_01,692,9.733620,0,1,3
iisc_01,426,18.205153,0,1,3
iisc_01,571,28.284028,0,1,3
iisc_01,552,16.952822,0,1,3
iisc_01,761,16.693991,0,1,3
iisc_01,1594,28.988563,0,1,3
iisc_01,952,11.393130,1,0,1
iisc_01,-5185,0.000000,1,1,0
iisc_01,573,22.342167,0,1,3
iisc_01,689,27.249379,0,1,3
iisc_01,-5520,0.000000,0,0,1
iisc_01,553,17.884169,0,1,3
iisc_01,-6385,0.000000,1,1,0
iisc_01,-6204,0.000000,0,0,1
iisc_01,381,8.591451,0,1,3
iisc_01,650,22.115475,0,1,3
iisc_01,950,11.289590,0,1,3
iisc_01,395,14.882551,0,1,3
iisc_01,713,13.381961,0,1,3
iisc_01,-6213,0.000000,1,1,0
iisc_01,739,27.252833,0,1,3
iisc_01,799,32.876056,0,1,3
iisc_01,588,35.330924,0,1,3
iisc_01,1093,21.516984,0,1,3
iisc_02,704,3.251791,0,1,3
iisc_02,1152,1.673555,0,1,3
iisc_02,497,6.123685,0,1,3
iisc_02,490,7.902084,0,1,3
iisc_02,476,20.555595,0,1,3
iisc_02,950,6.909339,0,1,3
iisc_02,2284,1.540455,1,1,0
iisc_02,1101,7.644707,0,1,3
iisc_02,917,11.690308,0,1,3
iisc_02,765,3.529583,0,1,3
iisc_02,-5582,0.000000,1,1,0
iisc_02,717,8.253810,0,1,3
iisc_02,130,17.316488,0,0,1
iisc_02,835,4.606670,0,1,3
iisc_02,1195,0.217133,0,1,3
iisc_02,832,4.592309,0,1,3
iisc_02,729,6.679084,0,1,3
iisc_02,525,4.698855,0,1,3
iisc_02,658,2.244341,0,1,3
iisc_02,-6539,0.000000,1,1,0
iisc_02,930,9.090837,0,1,3
iisc_02,521,11.208009,1,0,1
iisc_02,993,0.755004,0,1,3
iisc_02,1015,2.700148,0,1,3
iisc_02,650,9.124804,0,1,3
iisc_02,1712,3.887359,0,1,3
iisc_02,833,7.732153,0,1,3
iisc_02,722,5.937039,0,1,3
iisc_02,811,6.378690,0,1,3
iisc_02,762,2.258884,0,1,3
iisc_02,579,5.153012,0,1,3
iisc_02,-6169,0.000000,1,1,0
iisc_02,342,11.172344,0,1,3
iisc_02,-6076,0.000000,1,1,0
iisc_02,1420,13.845701,1,0,1
iisc_02,1127,6.732311,0,1,3
iisc_02,533,1.957140,0,1,3
iisc_02,509,13.972844,0,1,3
iisc_02,-5637,0.000000,1,1,0
iisc_02,892,3.543539,0,1,3
iisc_02,1287,9.976450,0,1,3
iisc_02,820,12.028228,0,1,3
iisc_02,1104,24.293055,0,1,3
iisc_02,553,11.875205,0,1,3
iisc_02,741,17.014537,0,1,3
iisc_02,-6529,0.000000,1,1,0
iisc_02,890,25.822078,0,1,3
iisc_02,1102,8.152968,0,1,3
iisc_02,1199,16.711557,1,0,1
iisc_02,1460,3.444971,0,1,3
iisc_02,1006,12.496092,0,1,3
iisc_02,2045,9.269500,0,0,2
iisc_02,1307,20.844540,0,1,3
iisc_02,1041,9.240652,0,1,3
iisc_02,1187,12.264248,1,0,1
iisc_02,886,28.344049,0,1,3
iisc_02,961,0.600443,0,1,3
iisc_02,924,0.158367,0,1,3
iisc_02,2305,0.713305,0,0,2
iisc_02,989,4.891327,0,1,3
iisc_02,1047,10.620645,0,1,3
iisc_02,934,21.171965,0,1,3
iisc_02,2163,0.876411,1,1,0
iisc_02,640,6.023995,0,1,3
iisc_02,3456,3.282095,1,1,0
iisc_02,703,20.250766,0,1,3
iisc_02,812,17.197689,0,1,3
iisc_02,898,10.424312,0,1,3
iisc_02,1386,17.390481,0,1,3
iisc_02,795,11.239918,0,1,3
iisc_02,987,11.306887,0,1,3
iisc_02,1182,1.598838,0,1,3
iisc_02,1130,4.305987,0,1,3
iisc_02,931,4.084356,0,1,3
iisc_02,792,11.079425,0,1,3
iisc_02,-7141,0.000000,1,1,0
iisc_02,179,26.306300,1,0,1
iisc_02,1031,11.117728,0,1,3
iisc_02,-5499,0.000000,1,1,0
iisc_02,556,16.297201,0,1,3
iisc_02,890,22.547077,0,1,3
iisc_02,630,14.545345,0,1,3
iisc_02,264,17.576998,0,1,3
iisc_02,1176,16.157840,0,1,3
iisc_02,886,16.479706,0,1,3
iisc_02,1040,19.447737,0,1,3
iisc_02,1248,4.479909,1,0,1
iisc_02,1006,30.146078,0,1,3
iisc_02,582,44.582667,0,1,3
iisc_02,1123,37.013756,1,0,1
iisc_02,-330,45.444856,0,0,1
iisc_02,720,50.161062,0,1,3
iisc_02,1061,36.018267,0,1,3
iisc_02,734,41.304157,0,1,3
iisc_02,869,22.816118,0,1,3
iisc_02,996,13.731258,0,1,3
iisc_02,1069,9.399584,1,0,1
iisc_02,622,21.204128,0,1,3
iisc_02,907,29.147260,0,1,3
iisc_02,1080,26.999173,0,1,3
iisc_02,1808,19.709735,0,1,3
iisc_02,839,18.056559,0,1,3
iisc_02,1102,20.001380,0,1,3
iisc_02,745,15.406265,1,0,1
iisc_02,1035,5.400514,0,1,3
iisc_02,584,12.723846,0,1,3
iisc_02,1139,18.504874,0,1,3
iisc_02,535,17.127663,0,1,3
iisc_02,2040,27.559651,0,0,2
iisc_02,668,7.955673,0,1,3
iisc_02,864,21.583717,0,1,3
iisc_02,489,16.974646,1,0,1
iisc_02,956,0.604965,1,0,1
iisc_02,529,15.675855,0,1,3
iisc_02,927,6.918662,0,1,3
iisc_02,726,16.572014,0,1,3
iisc_02,1086,14.836162,0,1,3
iisc_02,1082,24.419224,0,1,3
iisc_02,669,11.203033,1,0,1
iisc_02,-5431,0.000000,1,1,0
iisc_02,-5913,0.000000,1,1,0
iisc_02,1243,23.985663,0,1,3
iisc_02,380,20.890593,0,1,3
iisc_02,1037,20.326053,0,1,3
iisc_02,737,12.821175,0,1,3
iisc_02,-6790,0.000000,1,1,0
iisc_02,438,16.333293,0,1,3
iisc_02,810,17.797440,0,1,3
iisc_02,537,14.695073,0,1,3
iisc_02,1581,15.287051,0,1,3
iisc_02,1105,19.674044,0,1,3
iisc_02,1351,4.001158,0,1,3
iisc_02,689,18.873335,1,0,1
iisc_02,1117,24.140289,0,1,3
iisc_02,714,34.606949,0,1,3
iisc_02,239,28.333320,0,1,3
iisc_02,556,27.470317,0,1,3
iisc_02,839,30.306902,0,1,3
iisc_02,1389,28.884147,0,1,3
iisc_02,415,22.049098,0,1,3
iisc_02,848,17.066611,0,1,3
iisc_02,-5832,0.000000,1,1,0
iisc_02,2091,10.464475,0,0,2
iisc_02,1100,33.706653,0,1,3
iisc_02,750,21.102611,0,1,3
iisc_02,612,20.900860,0,1,3
iisc_02,-5233,0.000000,1,1,0
iisc_02,990,15.054864,0,1,3
iisc_02,1016,11.702552,0,1,3
iisc_02,-5754,0.000000,1,1,0
iisc_02,564,26.947421,0,1,3
iisc_02,1237,13.229923,0,1,3
iisc_02,-6387,0.000000,1,1,0
iisc_02,836,16.037406,0,1,3
iisc_02,763,26.218668,0,1,3
iisc_02,834,6.438970,0,1,3
iisc_02,-5769,0.000000,1,1,0
iisc_02,813,14.370174,0,1,3
iisc_02,758,25.778794,0,1,3
iisc_02,1144,25.936783,0,1,3
iisc_02,1179,14.160562,1,0,1
iisc_02,1101,25.062451,0,1,3
iisc_02,959,15.770875,0,1,3
iisc_02,584,21.256789,0,1,3
iisc_02,1286,27.587320,0,1,3
iisc_02,749,6.781986,0,1,3
iisc_02,-6662,0.000000,1,1,0
iisc_02,986,0.104350,0,1,3
iisc_02,3558,3.848026,1,1,0
iisc_02,1027,21.511284,0,1,3
iisc_02,2091,26.161108,0,0,2
iisc_02,523,19.450459,0,1,3
iisc_02,-7463,0.000000,1,1,0
iisc_02,815,17.316166,0,1,3
iisc_02,788,20.151921,0,1,3
iisc_02,1292,17.480929,0,1,3
iisc_02,768,8.431057,0,1,3
iisc_02,812,13.874935,0,1,3
iisc_02,342,33.011134,0,1,3
iisc_02,1318,5.830817,0,1,3
iisc_02,1390,12.087096,0,1,3
iisc_02,1663,28.403262,0,1,3
iisc_02,-5860,0.000000,1,1,0
iisc_02,-5185,0.000000,1,1,0
iisc_02,785,17.649566,0,1,3
iisc_02,806,26.848561,0,1,3
iisc_02,1651,22.537586,0,1,3
iisc_02,731,16.276757,0,1,3
iisc_02,-6385,0.000000,1,1,0
iisc_02,186,27.887148,0,0,1
iisc_02,557,8.562083,0,1,3
iisc_02,751,21.222193,0,1,3
iisc_02,1483,7.509573,0,1,3
iisc_02,604,10.758556,0,1,3
iisc_02,484,13.571114,0,1,3
iisc_02,1008,18.368765,1,0,1
iisc_02,1152,22.603268,0,1,3
iisc_02,1056,31.064148,0,1,3
iisc_02,1204,30.641855,0,1,3
iisc_02,613,27.234116,0,1,3
iisc_03,435,4.808611,0,1,3
iisc_03,640,3.216206,0,1,3
iisc_03,1048,2.310729,0,1,3
iisc_03,1380,1.938674,0,1,3
iisc_03,545,20.548067,0,1,3
iisc_03,537,3.618057,0,1,3
iisc_03,-5808,0.000000,1,1,0
iisc_03,397,1.653030,0,1,3
iisc_03,459,20.773899,0,1,3
iisc_03,554,5.393889,0,1,3
iisc_03,-5582,0.000000,1,1,0
iisc_03,574,8.356771,0,1,3
iisc_03,1054,0.544046,0,1,3
iisc_03,1087,2.781349,0,1,3
iisc_03,968,1.074468,0,1,3
iisc_03,445,1.427361,0,1,3
iisc_03,399,0.327658,0,1,3
iisc_03,443,5.840771,0,1,3
iisc_03,729,2.747107,0,1,3
iisc_03,-1195,27.204634,1,0,1
iisc_03,638,10.782316,0,1,3
iisc_03,613,10.645891,1,0,1
iisc_03,916,1.110579,0,1,3
iisc_03,856,4.621541,0,1,3
iisc_03,704,9.113847,0,1,3
iisc_03,548,11.114997,0,1,3
iisc_03,575,12.339633,0,1,3
iisc_03,294,7.095536,0,1,3
iisc_03,782,6.783065,0,1,3
iisc_03,615,2.329164,0,1,3
iisc_03,547,5.733651,0,1,3
iisc_03,-1123,23.925536,1,0,1
iisc_03,1284,7.495444,0,1,3
iisc_03,-6076,0.000000,1,1,0
iisc_03,-5710,0.000000,1,1,0
iisc_03,621,1.098430,0,1,3
iisc_03,479,3.497585,0,1,3
iisc_03,414,14.844086,0,1,3
iisc_03,985,3.076303,1,0,1
iisc_03,895,3.626992,0,1,3
iisc_03,715,15.056449,0,1,3
iisc_03,797,12.092856,0,1,3
iisc_03,-6408,0.000000,0,0,1
iisc_03,365,12.782089,0,1,3
iisc_03,145,30.001205,0,0,1
iisc_03,-6529,0.000000,1,1,0
iisc_03,1044,22.910337,0,1,3
iisc_03,710,12.588550,0,1,3
iisc_03,475,21.524153,1,0,1
iisc_03,721,7.456402,0,1,3
iisc_03,1175,11.083706,0,1,3
iisc_03,1438,11.684908,0,1,3
iisc_03,621,25.532369,0,1,3
iisc_03,745,12.473951,0,1,3
iisc_03,650,20.270567,1,0,1
iisc_03,729,28.488461,0,1,3
iisc_03,668,4.313902,0,1,3
iisc_03,806,0.416506,0,1,3
iisc_03,719,7.202942,0,1,3
iisc_03,1223,3.588561,0,1,3
iisc_03,728,11.460856,0,1,3
iisc_03,708,23.788860,0,1,3
iisc_03,541,6.934298,1,0,1
iisc_03,193,7.472265,0,0,1
iisc_03,-5747,0.000000,1,1,0
iisc_03,397,23.563000,0,1,3
iisc_03,574,21.549967,0,1,3
iisc_03,424,13.237217,0,1,3
iisc_03,530,23.175820,0,1,3
iisc_03,685,11.683365,0,1,3
iisc_03,597,12.656488,0,1,3
iisc_03,652,5.678970,0,1,3
iisc_03,724,9.633608,0,1,3
iisc_03,944,3.988865,0,1,3
iisc_03,1020,10.794373,0,1,3
iisc_03,-7141,0.000000,1,1,0
iisc_03,1108,19.821270,1,0,1
iisc_03,684,14.171612,0,1,3
iisc_03,-5499,0.000000,1,1,0
iisc_03,716,16.211303,0,1,3
iisc_03,554,24.897449,0,1,3
iisc_03,440,16.301608,0,1,3
iisc_03,856,14.410689,0,1,3
iisc_03,671,20.133450,0,1,3
iisc_03,513,18.326732,0,1,3
iisc_03,638,22.538740,0,1,3
iisc_03,869,6.056318,1,0,1
iisc_03,1029,29.688090,0,1,3
iisc_03,890,39.895658,0,1,3
iisc_03,614,38.630346,1,0,1
iisc_03,1050,26.159571,0,1,3
iisc_03,480,58.868306,0,1,3
iisc_03,1586,31.615783,0,1,3
iisc_03,576,43.021530,0,1,3
iisc_03,832,23.437489,0,1,3
iisc_03,835,13.793129,0,1,3
iisc_03,568,16.094833,1,0,1
iisc_03,719,21.160115,0,1,3
iisc_03,716,29.567103,0,1,3
iisc_03,1435,22.999788,0,1,3
iisc_03,754,26.591651,0,1,3
iisc_03,1153,17.249850,0,1,3
iisc_03,652,23.015688,0,1,3
iisc_03,1659,9.927932,1,0,1
iisc_03,472,11.138384,0,1,3
iisc_03,730,10.591469,0,1,3
iisc_03,551,20.703744,0,1,3
iisc_03,768,16.603574,0,1,3
iisc_03,689,28.620947,0,1,3
iisc_03,575,8.011382,0,1,3
iisc_03,493,26.652858,0,1,3
iisc_03,968,14.211143,1,0,1
iisc_03,1444,4.926695,1,0,1
iisc_03,702,13.276578,0,1,3
iisc_03,657,8.545532,0,1,3
iisc_03,586,16.599724,0,1,3
iisc_03,1045,14.836807,0,1,3
iisc_03,920,24.455399,0,1,3
iisc_03,-5530,0.000000,1,1,0
iisc_03,-5431,0.000000,1,1,0
iisc_03,-5913,0.000000,1,1,0
iisc_03,958,26.800198,0,1,3
iisc_03,145,21.639928,0,0,1
iisc_03,802,20.752237,0,1,3
iisc_03,477,15.707280,0,1,3
iisc_03,-6790,0.000000,1,1,0
iisc_03,711,12.825936,0,1,3
iisc_03,576,19.969900,0,1,3
iisc_03,441,15.943527,0,1,3
iisc_03,554,24.193931,0,1,3
iisc_03,475,23.443429,0,1,3
iisc_03,689,9.956457,0,1,3
iisc_03,512,19.960793,1,0,1
iisc_03,513,27.552291,0,1,3
iisc_03,567,36.136789,0,1,3
iisc_03,636,21.745222,0,1,3
iisc_03,718,25.809205,0,1,3
iisc_03,616,30.830069,0,1,3
iisc_03,715,30.278041,0,1,3
iisc_03,741,21.621782,0,1,3
iisc_03,389,21.370293,0,1,3
iisc_03,-5832,0.000000,1,1,0
iisc_03,459,20.321648,0,1,3
iisc_03,523,39.006896,0,1,3
iisc_03,487,23.558901,0,1,3
iisc_03,483,21.440566,0,1,3
iisc_03,-5233,0.000000,1,1,0
iisc_03,831,15.314670,0,1,3
iisc_03,444,16.067059,0,1,3
iisc_03,-5754,0.000000,1,1,0
iisc_03,793,25.318021,0,1,3
iisc_03,519,18.807576,0,1,3
iisc_03,-6387,0.000000,1,1,0
iisc_03,437,19.688209,0,1,3
iisc_03,763,26.218668,0,1,3
iisc_03,494,12.252306,0,1,3
iisc_03,-5769,0.000000,1,1,0
iisc_03,851,13.996476,0,1,3
iisc_03,514,26.198690,0,1,3
iisc_03,1038,26.128017,0,1,3
iisc_03,472,20.320405,1,0,1
iisc_03,481,27.142923,0,1,3
iisc_03,898,16.537344,0,1,3
iisc_03,530,21.534879,0,1,3
iisc_03,500,31.391276,0,1,3
iisc_03,803,6.735555,0,1,3
iisc_03,-6662,0.000000,1,1,0
iisc_03,833,0.087740,0,1,3
iisc_03,489,16.218208,1,0,1
iisc_03,580,28.290397,0,1,3
iisc_03,507,29.744535,0,1,3
iisc_03,572,18.531550,0,1,3
iisc_03,1010,13.807673,1,0,1
iisc_03,693,18.525500,0,1,3
iisc_03,1083,18.460049,0,1,3
iisc_03,521,21.317026,0,1,3
iisc_03,705,9.500663,0,1,3
iisc_03,316,20.740182,0,1,3
iisc_03,546,28.820465,0,1,3
iisc_03,504,17.000299,0,1,3
iisc_03,879,16.084834,0,1,3
iisc_03,1216,30.315787,0,1,3
iisc_03,-5860,0.000000,1,1,0
iisc_03,402,39.604120,1,0,1
iisc_03,863,16.900462,0,1,3
iisc_03,390,30.477493,0,1,3
iisc_03,491,28.453496,0,1,3
iisc_03,710,16.430347,0,1,3
iisc_03,-6385,0.000000,1,1,0
iisc_03,640,23.296064,0,1,3
iisc_03,866,5.073191,0,1,3
iisc_03,320,23.928943,0,1,3
iisc_03,1285,8.497023,0,1,3
iisc_03,693,10.754078,0,1,3
iisc_03,676,13.467462,0,1,3
iisc_03,498,22.699024,1,0,1
iisc_03,539,28.495690,0,1,3
iisc_03,708,33.819473,0,1,3
iisc_03,685,33.912603,0,1,3
iisc_03,-45,37.900865,0,0,1
iisc_04,747,2.221624,0,1,3
iisc_04,757,0.086459,0,1,3
iisc_04,410,6.128008,0,1,3
iisc_04,899,7.490145,0,1,3
iisc_04,518,20.549430,0,1,3
iisc_04,1004,7.313747,0,1,3
iisc_04,-5808,0.000000,1,1,0
iisc_04,816,4.061593,0,1,3
iisc_04,-1495,23.627184,0,0,1
iisc_04,718,3.872560,0,1,3
iisc_04,-5582,0.000000,1,1,0
iisc_04,787,8.097668,0,1,3
iisc_04,548,6.395531,0,1,3
iisc_04,888,3.992169,0,1,3
iisc_04,635,2.891504,0,1,3
iisc_04,705,2.677782,0,1,3
iisc_04,-6245,0.000000,0,0,1
iisc_04,830,0.748614,0,1,3
iisc_04,940,3.083175,0,1,3
iisc_04,-6539,0.000000,1,1,0
iisc_04,645,10.780313,0,1,3
iisc_04,1669,3.064727,1,0,1
iisc_04,964,0.786652,0,1,3
iisc_04,503,6.223934,0,1,3
iisc_04,1079,7.921015,0,1,3
iisc_04,793,11.002673,0,1,3
iisc_04,1500,1.649195,0,1,3
iisc_04,484,6.202151,0,1,3
iisc_04,638,8.348181,0,1,3
iisc_04,706,2.290990,0,1,3
iisc_04,522,6.205168,0,1,3
iisc_04,-6169,0.000000,1,1,0
iisc_04,676,8.631259,0,1,3
iisc_04,-6076,0.000000,1,1,0
iisc_04,-5710,0.000000,1,1,0
iisc_04,1051,6.684744,0,1,3
iisc_04,718,0.635951,0,1,3
iisc_04,536,13.972745,0,1,3
iisc_04,1038,2.557168,1,0,1
iisc_04,516,0.261104,0,1,3
iisc_04,535,18.313520,0,1,3
iisc_04,650,12.201896,0,1,3
iisc_04,1109,24.292916,0,1,3
iisc_04,606,11.858761,0,1,3
iisc_04,584,17.317915,0,1,3
iisc_04,-6529,0.000000,1,1,0
iisc_04,968,24.814540,0,1,3
iisc_04,-3864,34.343317,0,0,1
iisc_04,-5735,0.000000,1,1,0
iisc_04,490,10.354694,0,1,3
iisc_04,620,16.147912,0,1,3
iisc_04,1707,11.604920,0,1,3
iisc_04,548,25.614742,0,1,3
iisc_04,673,12.635803,0,1,3
iisc_04,735,18.574756,1,0,1
iisc_04,1227,27.632953,0,1,3
iisc_04,-1162,28.107142,0,0,1
iisc_04,1876,3.223243,0,1,3
iisc_04,657,7.260637,0,1,3
iisc_04,837,6.042217,0,1,3
iisc_04,494,13.988933,0,1,3
iisc_04,606,23.812131,0,1,3
iisc_04,-5637,0.000000,1,1,0
iisc_04,960,2.575994,0,1,3
iisc_04,-5747,0.000000,1,1,0
iisc_04,888,19.843503,0,1,3
iisc_04,706,20.550587,0,1,3
iisc_04,614,10.453052,0,1,3
iisc_04,546,23.175773,0,1,3
iisc_04,726,11.318230,0,1,3
iisc_04,628,12.655599,0,1,3
iisc_04,787,4.924474,0,1,3
iisc_04,2641,8.490743,0,0,2
iisc_04,745,5.900735,0,1,3
iisc_04,490,13.910056,0,1,3
iisc_04,-7141,0.000000,1,1,0
iisc_04,-6991,0.000000,1,1,0
iisc_04,605,15.172591,0,1,3
iisc_04,-5499,0.000000,1,1,0
iisc_04,710,16.213355,0,1,3
iisc_04,591,24.850474,0,1,3
iisc_04,-5060,31.616113,0,0,1
iisc_04,356,16.628523,0,1,3
iisc_04,1026,16.158813,0,1,3
iisc_04,1175,16.259845,0,1,3
iisc_04,1074,19.331468,0,1,3
iisc_04,2430,4.256732,1,1,0
iisc_04,862,32.908667,0,1,3
iisc_04,927,39.841017,0,1,3
iisc_04,648,38.614440,1,0,1
iisc_04,-3907,45.444856,0,0,1
iisc_04,1426,48.837190,0,1,3
iisc_04,1606,31.401109,0,1,3
iisc_04,534,43.115706,0,1,3
iisc_04,503,25.538057,0,1,3
iisc_04,3290,0.526783,0,0,2
iisc_04,-5900,0.000000,1,1,0
iisc_04,649,21.202940,0,1,3
iisc_04,545,32.176060,0,1,3
iisc_04,856,27.397396,0,1,3
iisc_04,1331,21.712409,0,1,3
iisc_04,971,17.649970,0,1,3
iisc_04,664,23.015509,0,1,3
iisc_04,-5878,0.000000,1,1,0
iisc_04,866,5.576438,0,1,3
iisc_04,1035,8.048318,0,1,3
iisc_04,575,20.053647,0,1,3
iisc_04,753,16.753052,0,1,3
iisc_04,2504,24.235133,0,0,2
iisc_04,783,7.501828,0,1,3
iisc_04,608,26.584232,0,1,3
iisc_04,1379,11.152688,1,0,1
iisc_04,-5446,0.000000,1,1,0
iisc_04,833,11.737411,0,1,3
iisc_04,585,8.606084,0,1,3
iisc_04,794,16.557518,0,1,3
iisc_04,603,19.873194,0,1,3
iisc_04,933,24.437304,0,1,3
iisc_04,-5530,0.000000,1,1,0
iisc_04,-5431,0.000000,1,1,0
iisc_04,1024,16.185846,1,0,1
iisc_04,733,31.062071,0,1,3
iisc_04,781,19.578811,0,1,3
iisc_04,544,22.384291,0,1,3
iisc_04,666,13.203153,0,1,3
iisc_04,-6790,0.000000,1,1,0
iisc_04,828,10.088944,0,1,3
iisc_04,1253,15.267957,0,1,3
iisc_04,814,9.280974,0,1,3
iisc_04,751,22.999808,0,1,3
iisc_04,723,20.610950,0,1,3
iisc_04,721,9.755120,0,1,3
iisc_04,-5355,0.000000,1,1,0
iisc_04,913,25.912754,0,1,3
iisc_04,858,34.506757,0,1,3
iisc_04,570,22.931358,0,1,3
iisc_04,888,24.736573,0,1,3
iisc_04,499,33.217815,0,1,3
iisc_04,590,30.606376,0,1,3
iisc_04,534,21.739889,0,1,3
iisc_04,583,20.075928,0,1,3
iisc_04,-5832,0.000000,1,1,0
iisc_04,589,17.722199,0,1,3
iisc_04,802,37.656275,0,1,3
iisc_04,1438,17.082544,0,1,3
iisc_04,717,20.769874,0,1,3
iisc_04,-5233,0.000000,1,1,0
iisc_04,744,15.411025,0,1,3
iisc_04,1450,10.242436,0,1,3
iisc_04,-3234,31.120782,1,0,1
iisc_04,739,25.862569,0,1,3
iisc_04,1380,10.174360,0,1,3
iisc_04,-6387,0.000000,1,1,0
iisc_04,1104,14.567235,0,1,3
iisc_04,551,26.359371,0,1,3
iisc_04,1091,4.056746,0,1,3
iisc_04,-5769,0.000000,1,1,0
iisc_04,520,18.776666,0,1,3
iisc_04,-5910,0.000000,0,0,1
iisc_04,1606,25.894792,0,1,3
iisc_04,-5903,0.000000,1,1,0
iisc_04,1068,25.062575,0,1,3
iisc_04,1486,12.218113,0,1,3
iisc_04,690,20.675711,0,1,3
iisc_04,876,28.434400,0,1,3
iisc_04,559,6.877842,0,1,3
iisc_04,-6662,0.000000,1,1,0
iisc_04,675,2.041815,0,1,3
iisc_04,-5676,0.000000,1,1,0
iisc_04,740,26.250062,0,1,3
iisc_04,447,29.935161,0,1,3
iisc_04,851,17.451192,0,1,3
iisc_04,-7463,0.000000,1,1,0
iisc_04,805,17.316913,0,1,3
iisc_04,1609,14.934986,0,1,3
iisc_04,973,20.137839,0,1,3
iisc_04,778,8.259113,0,1,3
iisc_04,1099,10.710278,0,1,3
iisc_04,783,28.016247,0,1,3
iisc_04,703,13.460042,0,1,3
iisc_04,576,18.189339,0,1,3
iisc_04,1385,30.184449,0,1,3
iisc_04,-5860,0.000000,1,1,0
iisc_04,1922,28.335969,1,0,1
iisc_04,1728,13.425611,0,1,3
iisc_04,536,28.588427,0,1,3
iisc_04,1071,23.356306,0,1,3
iisc_04,897,15.447994,0,1,3
iisc_04,-6385,0.000000,1,1,0
iisc_04,1707,18.760353,0,1,3
iisc_04,1056,3.604515,0,1,3
iisc_04,947,18.827300,0,1,3
iisc_04,2094,5.280377,0,0,2
iisc_04,894,10.167103,0,1,3
iisc_04,630,13.477617,0,1,3
iisc_04,-6213,0.000000,1,1,0
iisc_04,1164,22.540258,0,1,3
iisc_04,1143,30.918256,0,1,3
iisc_04,536,36.490934,0,1,3
iisc_04,516,27.397717,0,1,3
iisc_05,478,4.808260,0,1,3
iisc_05,359,4.390665,0,1,3
iisc_05,362,6.129596,0,1,3
iisc_05,604,7.531053,0,1,3
iisc_05,379,21.092798,0,1,3
iisc_05,510,3.328161,0,1,3
iisc_05,-5808,0.000000,1,1,0
iisc_05,320,1.154021,0,1,3
iisc_05,765,11.844071,0,1,3
iisc_05,-1073,18.704090,0,0,1
iisc_05,-5582,0.000000,1,1,0
iisc_05,357,13.122564,0,1,3
iisc_05,351,7.079325,0,1,3
iisc_05,454,6.869316,0,1,3
iisc_05,376,5.974380,0,1,3
iisc_05,648,1.570464,0,1,3
iisc_05,441,1.427410,0,1,3
iisc_05,423,5.843010,0,1,3
iisc_05,1352,3.323756,0,1,3
iisc_05,-6539,0.000000,1,1,0
iisc_05,563,10.793454,0,1,3
iisc_05,426,11.304461,1,0,1
iisc_05,604,7.324033,0,1,3
iisc_05,505,6.219667,0,1,3
iisc_05,544,9.395728,0,1,3
iisc_05,411,14.419246,0,1,3
iisc_05,672,11.773951,0,1,3
iisc_05,475,6.280815,0,1,3
iisc_05,424,10.033082,0,1,3
iisc_05,438,5.618750,0,1,3
iisc_05,395,8.222230,0,1,3
iisc_05,-6169,0.000000,1,1,0
iisc_05,563,9.074893,0,1,3
iisc_05,-6076,0.000000,1,1,0
iisc_05,-5710,0.000000,1,1,0
iisc_05,379,1.746714,0,1,3
iisc_05,382,4.867480,0,1,3
iisc_05,486,13.973137,0,1,3
iisc_05,-381,18.498426,1,0,1
iisc_05,609,1.176075,0,1,3
iisc_05,446,18.633817,0,1,3
iisc_05,581,12.436775,0,1,3
iisc_05,899,25.514523,0,1,3
iisc_05,436,12.482158,0,1,3
iisc_05,458,18.229707,0,1,3
iisc_05,2864,8.917665,1,1,0
iisc_05,386,27.497686,0,1,3
iisc_05,-4546,34.343317,0,0,1
iisc_05,-5735,0.000000,1,1,0
iisc_05,575,10.064134,0,1,3
iisc_05,727,14.228897,0,1,3
iisc_05,1087,12.073439,0,1,3
iisc_05,561,25.582028,0,1,3
iisc_05,389,13.988449,0,1,3
iisc_05,570,20.447181,1,0,1
iisc_05,644,28.624822,0,1,3
iisc_05,496,6.920206,0,1,3
iisc_05,1022,0.068492,0,1,3
iisc_05,441,9.608749,0,1,3
iisc_05,627,7.039501,0,1,3
iisc_05,377,16.606932,0,1,3
iisc_05,409,25.213194,0,1,3
iisc_05,2084,0.940992,1,1,0
iisc_05,475,6.130152,0,1,3
iisc_05,-5747,0.000000,1,1,0
iisc_05,472,23.498197,0,1,3
iisc_05,1043,16.466430,0,1,3
iisc_05,503,11.946058,0,1,3
iisc_05,568,23.175747,0,1,3
iisc_05,537,12.959324,0,1,3
iisc_05,471,12.965580,0,1,3
iisc_05,371,6.463011,0,1,3
iisc_05,933,5.078967,0,1,3
iisc_05,545,7.234266,0,1,3
iisc_05,542,12.526055,0,1,3
iisc_05,-7141,0.000000,1,1,0
iisc_05,338,25.995713,1,0,1
iisc_05,454,16.870211,0,1,3
iisc_05,-5499,0.000000,1,1,0
iisc_05,614,16.224812,0,1,3
iisc_05,482,24.900836,0,1,3
iisc_05,585,15.164199,0,1,3
iisc_05,527,15.736005,0,1,3
iisc_05,404,21.938105,0,1,3
iisc_05,378,18.340367,0,1,3
iisc_05,796,21.211863,0,1,3
iisc_05,694,8.296757,1,0,1
iisc_05,630,32.928383,0,1,3
iisc_05,552,44.634578,0,1,3
iisc_05,406,42.247910,1,0,1
iisc_05,602,28.352298,0,1,3
iisc_05,883,50.054016,0,1,3
iisc_05,435,44.556808,0,1,3
iisc_05,614,42.996178,0,1,3
iisc_05,473,25.633448,0,1,3
iisc_05,466,16.032224,0,1,3
iisc_05,1244,9.197881,1,0,1
iisc_05,412,26.026113,0,1,3
iisc_05,449,32.398963,0,1,3
iisc_05,441,30.793146,0,1,3
iisc_05,339,28.496509,0,1,3
iisc_05,581,18.534717,0,1,3
iisc_05,664,23.015509,0,1,3
iisc_05,551,16.998378,1,0,1
iisc_05,410,12.922450,0,1,3
iisc_05,376,12.753298,0,1,3
iisc_05,354,23.158950,0,1,3
iisc_05,423,17.971263,0,1,3
iisc_05,482,29.503022,0,1,3
iisc_05,521,8.601764,0,1,3
iisc_05,710,25.299525,0,1,3
iisc_05,422,18.936644,1,0,1
iisc_05,403,8.225505,1,0,1
iisc_05,489,15.815685,0,1,3
iisc_05,434,8.935010,0,1,3
iisc_05,500,16.928245,0,1,3
iisc_05,405,20.640656,0,1,3
iisc_05,2286,22.416272,0,0,2
iisc_05,631,11.429132,1,0,1
iisc_05,-793,33.716491,1,0,1
iisc_05,585,19.771746,1,0,1
iisc_05,672,32.356712,0,1,3
iisc_05,371,21.016414,0,1,3
iisc_05,319,22.406790,0,1,3
iisc_05,501,15.682565,0,1,3
iisc_05,-6790,0.000000,1,1,0
iisc_05,670,13.803970,0,1,3
iisc_05,754,17.923077,0,1,3
iisc_05,324,15.948433,0,1,3
iisc_05,397,24.432265,0,1,3
iisc_05,562,22.011152,0,1,3
iisc_05,678,9.957141,0,1,3
iisc_05,489,19.965765,1,0,1
iisc_05,475,27.671351,0,1,3
iisc_05,695,34.685145,0,1,3
iisc_05,463,24.392201,0,1,3
iisc_05,395,28.371186,0,1,3
iisc_05,433,35.554500,0,1,3
iisc_05,530,32.111969,0,1,3
iisc_05,561,21.725551,0,1,3
iisc_05,560,20.319976,0,1,3
iisc_05,-5832,0.000000,1,1,0
iisc_05,658,17.286919,0,1,3
iisc_05,376,39.438998,0,1,3
iisc_05,532,22.817744,0,1,3
iisc_05,550,21.327155,0,1,3
iisc_05,-5233,0.000000,1,1,0
iisc_05,930,15.230660,0,1,3
iisc_05,2757,5.032865,0,0,2
iisc_05,-5754,0.000000,1,1,0
iisc_05,359,27.758674,0,1,3
iisc_05,452,20.577400,0,1,3
iisc_05,-6387,0.000000,1,1,0
iisc_05,420,19.796083,0,1,3
iisc_05,630,26.288856,0,1,3
iisc_05,447,12.823955,0,1,3
iisc_05,719,23.827898,1,0,1
iisc_05,500,18.969497,0,1,3
iisc_05,585,26.194812,0,1,3
iisc_05,824,26.653103,0,1,3
iisc_05,-5903,0.000000,1,1,0
iisc_05,-6194,0.000000,0,0,1
iisc_05,398,23.483722,0,1,3
iisc_05,669,20.701132,0,1,3
iisc_05,553,31.049053,0,1,3
iisc_05,1771,2.993439,0,1,3
iisc_05,-6662,0.000000,1,1,0
iisc_05,422,5.008358,0,1,3
iisc_05,-5676,0.000000,1,1,0
iisc_05,567,28.298323,0,1,3
iisc_05,444,29.935760,0,1,3
iisc_05,519,19.500766,0,1,3
iisc_05,-7463,0.000000,1,1,0
iisc_05,482,19.895254,0,1,3
iisc_05,457,21.238152,0,1,3
iisc_05,427,22.949504,0,1,3
iisc_05,656,10.432024,0,1,3
iisc_05,471,17.403388,0,1,3
iisc_05,393,33.004484,0,1,3
iisc_05,815,11.216812,0,1,3
iisc_05,1554,10.326224,0,1,3
iisc_05,1114,31.222602,0,1,3
iisc_05,-5860,0.000000,1,1,0
iisc_05,655,31.023476,1,0,1
iisc_05,495,23.279670,0,1,3
iisc_05,606,27.423466,0,1,3
iisc_05,1119,22.863339,0,1,3
iisc_05,685,16.595912,0,1,3
iisc_05,2426,16.388319,1,1,0
iisc_05,663,23.246506,0,1,3
iisc_05,386,8.591408,0,1,3
iisc_05,458,22.935249,0,1,3
iisc_05,764,13.930755,0,1,3
iisc_05,535,11.122339,0,1,3
iisc_05,514,13.522104,0,1,3
iisc_05,-6213,0.000000,1,1,0
iisc_05,568,28.353506,0,1,3
iisc_05,505,34.926987,0,1,3
iisc_05,687,33.896595,0,1,3
iisc_05,642,26.940157,0,1,3
iisc_06,714,3.048140,0,1,3
iisc_06,669,3.051275,0,1,3
iisc_06,515,5.955960,0,1,3
iisc_06,1013,4.648281,0,1,3
iisc_06,563,20.547773,0,1,3
iisc_06,692,5.543285,0,1,3
iisc_06,-5808,0.000000,1,1,0
iisc_06,954,6.157510,0,1,3
iisc_06,452,20.774253,0,1,3
iisc_06,563,5.250049,0,1,3
iisc_06,-5582,0.000000,1,1,0
iisc_06,682,8.295352,0,1,3
iisc_06,436,7.014073,0,1,3
iisc_06,357,7.984004,0,1,3
iisc_06,649,2.651237,0,1,3
iisc_06,435,2.042994,0,1,3
iisc_06,562,4.248508,0,1,3
iisc_06,431,5.842406,0,1,3
iisc_06,564,1.220060,0,1,3
iisc_06,-6539,0.000000,1,1,0
iisc_06,452,11.053806,0,1,3
iisc_06,386,11.508958,1,0,1
iisc_06,480,8.339738,0,1,3
iisc_06,591,6.211390,0,1,3
iisc_06,420,11.516966,0,1,3
iisc_06,767,11.007441,0,1,3
iisc_06,804,8.361167,0,1,3
iisc_06,511,6.155942,0,1,3
iisc_06,564,8.982714,0,1,3
iisc_06,739,2.263079,0,1,3
iisc_06,671,5.043581,0,1,3
iisc_06,-6169,0.000000,1,1,0
iisc_06,869,8.290310,0,1,3
iisc_06,-6076,0.000000,1,1,0
iisc_06,589,15.232879,1,0,1
iisc_06,712,2.317882,0,1,3
iisc_06,500,2.645561,0,1,3
iisc_06,409,14.942531,0,1,3
iisc_06,752,5.207596,1,0,1
iisc_06,613,1.226890,0,1,3
iisc_06,600,17.170769,0,1,3
iisc_06,817,12.034137,0,1,3
iisc_06,970,25.244813,0,1,3
iisc_06,652,11.851369,0,1,3
iisc_06,413,20.289600,0,1,3
iisc_06,-6529,0.000000,1,1,0
iisc_06,402,27.359968,0,1,3
iisc_06,413,16.359088,0,1,3
iisc_06,-5735,0.000000,1,1,0
iisc_06,539,10.197660,0,1,3
iisc_06,592,16.515380,0,1,3
iisc_06,630,13.457651,0,1,3
iisc_06,1001,22.992563,0,1,3
iisc_06,403,13.831737,0,1,3
iisc_06,2599,5.511239,1,1,0
iisc_06,631,28.688918,0,1,3
iisc_06,720,2.905719,0,1,3
iisc_06,814,0.287164,0,1,3
iisc_06,595,7.670406,0,1,3
iisc_06,490,7.825417,0,1,3
iisc_06,397,16.375291,0,1,3
iisc_06,438,24.839965,0,1,3
iisc_06,1986,0.948735,1,0,1
iisc_06,426,6.131815,0,1,3
iisc_06,-3207,22.807168,1,0,1
iisc_06,537,21.649097,0,1,3
iisc_06,746,18.546890,0,1,3
iisc_06,367,14.292651,0,1,3
iisc_06,380,25.067389,0,1,3
iisc_06,404,13.289366,0,1,3
iisc_06,565,12.662746,0,1,3
iisc_06,505,6.270169,0,1,3
iisc_06,423,12.924992,0,1,3
iisc_06,495,7.246662,0,1,3
iisc_06,432,15.679175,0,1,3
iisc_06,-7141,0.000000,1,1,0
iisc_06,245,26.254412,1,0,1
iisc_06,679,14.186965,0,1,3
iisc_06,-5499,0.000000,1,1,0
iisc_06,452,18.480832,0,1,3
iisc_06,548,24.897491,0,1,3
iisc_06,461,16.288044,0,1,3
iisc_06,579,15.703164,0,1,3
iisc_06,757,19.016673,0,1,3
iisc_06,586,18.299019,0,1,3
iisc_06,515,23.250729,0,1,3
iisc_06,395,13.776820,1,0,1
iisc_06,910,32.883345,0,1,3
iisc_06,677,43.769250,0,1,3
iisc_06,526,39.535425,1,0,1
iisc_06,448,30.975937,0,1,3
iisc_06,646,50.460984,0,1,3
iisc_06,436,44.556789,0,1,3
iisc_06,999,40.461899,0,1,3
iisc_06,608,25.522658,0,1,3
iisc_06,713,13.795042,0,1,3
iisc_06,-5900,0.000000,1,1,0
iisc_06,551,21.685418,0,1,3
iisc_06,570,31.459577,0,1,3
iisc_06,476,30.466237,0,1,3
iisc_06,653,26.929546,0,1,3
iisc_06,1025,17.596676,0,1,3
iisc_06,464,23.335311,0,1,3
iisc_06,-5878,0.000000,1,1,0
iisc_06,583,9.020604,0,1,3
iisc_06,671,12.059723,0,1,3
iisc_06,897,19.313174,0,1,3
iisc_06,542,17.127602,0,1,3
iisc_06,1055,27.897201,0,1,3
iisc_06,564,8.087445,0,1,3
iisc_06,561,26.651232,0,1,3
iisc_06,611,16.566782,1,0,1
iisc_06,464,7.025587,1,0,1
iisc_06,522,15.690586,0,1,3
iisc_06,655,8.556697,0,1,3
iisc_06,700,16.578519,0,1,3
iisc_06,810,15.601438,0,1,3
iisc_06,-6261,0.000000,0,0,1
iisc_06,-5530,0.000000,1,1,0
iisc_06,-5431,0.000000,1,1,0
iisc_06,600,19.433678,1,0,1
iisc_06,761,30.218884,0,1,3
iisc_06,773,19.578818,0,1,3
iisc_06,487,22.403349,0,1,3
iisc_06,631,13.618651,0,1,3
iisc_06,-6790,0.000000,1,1,0
iisc_06,721,12.460132,0,1,3
iisc_06,530,20.130912,0,1,3
iisc_06,638,13.362949,0,1,3
iisc_06,506,24.239214,0,1,3
iisc_06,681,20.873368,0,1,3
iisc_06,975,7.317431,0,1,3
iisc_06,-5355,0.000000,1,1,0
iisc_06,398,27.896859,0,1,3
iisc_06,915,34.368305,0,1,3
iisc_06,877,17.801966,0,1,3
iisc_06,564,27.362336,0,1,3
iisc_06,559,31.137052,0,1,3
iisc_06,366,33.682384,0,1,3
iisc_06,578,21.721118,0,1,3
iisc_06,497,21.066633,0,1,3
iisc_06,-5832,0.000000,1,1,0
iisc_06,493,19.250438,0,1,3
iisc_06,482,39.074829,0,1,3
iisc_06,485,23.618620,0,1,3
iisc_06,767,20.767824,0,1,3
iisc_06,-5233,0.000000,1,1,0
iisc_06,800,15.336864,0,1,3
iisc_06,663,15.998757,0,1,3
iisc_06,1071,11.588009,1,0,1
iisc_06,542,26.948069,0,1,3
iisc_06,488,18.903761,0,1,3
iisc_06,-6387,0.000000,1,1,0
iisc_06,512,17.810437,0,1,3
iisc_06,480,27.586589,0,1,3
iisc_06,483,12.276497,0,1,3
iisc_06,-5769,0.000000,1,1,0
iisc_06,390,19.483360,0,1,3
iisc_06,588,26.194652,0,1,3
iisc_06,735,26.751937,0,1,3
iisc_06,-2071,31.782777,1,0,1
iisc_06,878,25.284049,0,1,3
iisc_06,500,23.123277,0,1,3
iisc_06,-956,29.238276,0,0,1
iisc_06,-577,38.749089,0,0,1
iisc_06,791,6.752422,0,1,3
iisc_06,-6662,0.000000,1,1,0
iisc_06,536,3.834389,0,1,3
iisc_06,997,12.593816,1,0,1
iisc_06,586,28.280090,0,1,3
iisc_06,584,29.615999,0,1,3
iisc_06,431,22.089360,0,1,3
iisc_06,-1482,37.554194,1,0,1
iisc_06,459,19.911926,0,1,3
iisc_06,605,20.999295,0,1,3
iisc_06,488,21.942860,0,1,3
iisc_06,-418,33.158722,0,0,1
iisc_06,554,16.385917,0,1,3
iisc_06,896,27.591623,0,1,3
iisc_06,557,16.952075,0,1,3
iisc_06,754,16.693991,0,1,3
iisc_06,-9486,0.000000,0,0,1
iisc_06,-5860,0.000000,1,1,0
iisc_06,-5185,0.000000,1,1,0
iisc_06,436,23.338092,0,1,3
iisc_06,478,30.392412,0,1,3
iisc_06,1454,22.662124,0,1,3
iisc_06,454,19.579774,0,1,3
iisc_06,-6385,0.000000,1,1,0
iisc_06,805,21.413669,0,1,3
iisc_06,514,8.562267,0,1,3
iisc_06,488,22.910615,0,1,3
iisc_06,741,13.936523,0,1,3
iisc_06,627,10.758029,0,1,3
iisc_06,-2003,29.779378,0,0,1
iisc_06,513,22.698938,1,0,1
iisc_06,531,28.539237,0,1,3
iisc_06,499,34.928481,0,1,3
iisc_06,783,33.409467,0,1,3
iisc_06,440,27.578262,0,1,3
iisc_07,1041,0.010813,0,1,3
iisc_07,1013,1.640264,0,1,3
iisc_07,770,0.800608,0,1,3
iisc_07,730,7.530861,0,1,3
iisc_07,1146,15.332238,0,1,3
iisc_07,653,5.222851,0,1,3
iisc_07,-5808,0.000000,1,1,0
iisc_07,800,3.932491,0,1,3
iisc_07,780,11.843320,0,1,3
iisc_07,572,5.039351,0,1,3
iisc_07,-5582,0.000000,1,1,0
iisc_07,667,8.295614,0,1,3
iisc_07,670,4.484185,0,1,3
iisc_07,769,5.098563,0,1,3
iisc_07,972,1.021093,0,1,3
iisc_07,758,3.567757,0,1,3
iisc_07,708,6.326169,0,1,3
iisc_07,699,2.324227,0,1,3
iisc_07,3085,5.539122,0,0,2
iisc_07,-6539,0.000000,1,1,0
iisc_07,770,10.081378,0,1,3
iisc_07,1313,5.039681,1,0,1
iisc_07,806,2.522982,0,1,3
iisc_07,726,6.025199,0,1,3
iisc_07,891,8.545458,0,1,3
iisc_07,878,10.044160,0,1,3
iisc_07,811,8.203690,0,1,3
iisc_07,438,6.711820,0,1,3
iisc_07,701,7.871064,0,1,3
iisc_07,426,6.023178,0,1,3
iisc_07,923,5.031660,0,1,3
iisc_07,-6169,0.000000,1,1,0
iisc_07,1645,5.981113,0,1,3
iisc_07,-6076,0.000000,1,1,0
iisc_07,-5710,0.000000,1,1,0
iisc_07,647,1.355227,0,1,3
iisc_07,295,6.347171,0,1,3
iisc_07,789,11.739880,0,1,3
iisc_07,-5637,0.000000,1,1,0
iisc_07,311,3.957214,0,1,3
iisc_07,562,17.813187,0,1,3
iisc_07,1156,11.152452,0,1,3
iisc_07,678,26.751850,0,1,3
iisc_07,592,11.860271,0,1,3
iisc_07,583,17.328360,0,1,3
iisc_07,-6529,0.000000,1,1,0
iisc_07,903,25.814219,0,1,3
iisc_07,459,16.261873,0,1,3
iisc_07,-5735,0.000000,1,1,0
iisc_07,526,10.225533,0,1,3
iisc_07,1099,12.156385,0,1,3
iisc_07,1089,12.071941,0,1,3
iisc_07,652,25.257593,0,1,3
iisc_07,569,12.760238,0,1,3
iisc_07,-5605,0.000000,1,1,0
iisc_07,634,28.680421,0,1,3
iisc_07,1112,1.749027,0,1,3
iisc_07,840,0.178672,0,1,3
iisc_07,1118,2.364809,0,1,3
iisc_07,1127,4.571078,0,1,3
iisc_07,1021,10.620645,0,1,3
iisc_07,945,21.170294,0,1,3
iisc_07,-5637,0.000000,1,1,0
iisc_07,430,6.130863,0,1,3
iisc_07,-5747,0.000000,1,1,0
iisc_07,839,19.934330,0,1,3
iisc_07,423,22.269631,0,1,3
iisc_07,766,10.424481,0,1,3
iisc_07,839,20.285147,0,1,3
iisc_07,1073,7.816868,0,1,3
iisc_07,544,12.669949,0,1,3
iisc_07,539,6.244144,0,1,3
iisc_07,797,6.769541,0,1,3
iisc_07,712,6.135435,0,1,3
iisc_07,926,10.972464,0,1,3
iisc_07,-7141,0.000000,1,1,0
iisc_07,719,24.322913,1,0,1
iisc_07,578,15.778443,0,1,3
iisc_07,-5499,0.000000,1,1,0
iisc_07,492,16.825731,0,1,3
iisc_07,500,24.899161,0,1,3
iisc_07,877,13.010733,0,1,3
iisc_07,644,15.695446,0,1,3
iisc_07,780,18.695368,0,1,3
iisc_07,876,16.481729,0,1,3
iisc_07,874,20.663811,0,1,3
iisc_07,677,8.641828,1,0,1
iisc_07,1308,27.346833,0,1,3
iisc_07,545,44.643279,0,1,3
iisc_07,-6495,0.000000,1,1,0
iisc_07,1007,26.206120,0,1,3
iisc_07,822,50.097451,0,1,3
iisc_07,746,40.223987,0,1,3
iisc_07,909,40.773557,0,1,3
iisc_07,793,23.887063,0,1,3
iisc_07,1305,11.131951,0,1,3
iisc_07,-5900,0.000000,1,1,0
iisc_07,946,20.530019,0,1,3
iisc_07,738,29.394181,0,1,3
iisc_07,703,29.797881,0,1,3
iisc_07,1106,22.543184,0,1,3
iisc_07,758,18.263040,0,1,3
iisc_07,416,23.347137,0,1,3
iisc_07,-5878,0.000000,1,1,0
iisc_07,656,8.527197,0,1,3
iisc_07,492,12.724200,0,1,3
iisc_07,916,19.295142,0,1,3
iisc_07,397,18.334306,0,1,3
iisc_07,704,28.613243,0,1,3
iisc_07,783,7.501828,0,1,3
iisc_07,857,21.673895,0,1,3
iisc_07,575,16.926113,1,0,1
iisc_07,1471,4.958765,1,0,1
iisc_07,721,12.919796,0,1,3
iisc_07,813,7.501887,0,1,3
iisc_07,1485,10.112679,0,1,3
iisc_07,758,16.383655,0,1,3
iisc_07,645,28.750960,0,1,3
iisc_07,-5530,0.000000,1,1,0
iisc_07,-5431,0.000000,1,1,0
iisc_07,-5913,0.000000,1,1,0
iisc_07,732,31.110759,0,1,3
iisc_07,1153,14.610307,0,1,3
iisc_07,890,20.542194,0,1,3
iisc_07,1180,9.825471,0,1,3
iisc_07,-6790,0.000000,1,1,0
iisc_07,1030,8.797491,0,1,3
iisc_07,1028,17.190422,0,1,3
iisc_07,566,13.618659,0,1,3
iisc_07,485,24.257217,0,1,3
iisc_07,972,19.713284,0,1,3
iisc_07,1354,3.934979,0,1,3
iisc_07,398,20.751161,1,0,1
iisc_07,778,26.791083,0,1,3
iisc_07,920,34.329494,0,1,3
iisc_07,959,16.827333,0,1,3
iisc_07,526,27.903160,0,1,3
iisc_07,864,30.254954,0,1,3
iisc_07,830,30.012761,0,1,3
iisc_07,549,21.730139,0,1,3
iisc_07,547,20.495857,0,1,3
iisc_07,-5832,0.000000,1,1,0
iisc_07,851,14.340202,0,1,3
iisc_07,796,37.658046,0,1,3
iisc_07,775,20.683289,0,1,3
iisc_07,757,20.769417,0,1,3
iisc_07,-5233,0.000000,1,1,0
iisc_07,-229,31.578676,0,0,1
iisc_07,857,12.832523,0,1,3
iisc_07,-5754,0.000000,1,1,0
iisc_07,434,27.273413,0,1,3
iisc_07,3458,0.063955,0,0,2
iisc_07,-6387,0.000000,1,1,0
iisc_07,545,17.796928,0,1,3
iisc_07,1410,19.516250,0,1,3
iisc_07,1009,4.664752,0,1,3
iisc_07,-5769,0.000000,1,1,0
iisc_07,1062,13.672580,0,1,3
iisc_07,-5910,0.000000,0,0,1
iisc_07,810,26.669054,0,1,3
iisc_07,-5903,0.000000,1,1,0
iisc_07,1288,25.034489,0,1,3
iisc_07,926,16.150969,0,1,3
iisc_07,521,21.543685,0,1,3
iisc_07,1050,28.244679,0,1,3
iisc_07,2332,4.314535,0,0,2
iisc_07,-6662,0.000000,1,1,0
iisc_07,499,3.950585,0,1,3
iisc_07,483,16.254882,1,0,1
iisc_07,431,28.710971,0,1,3
iisc_07,502,29.786513,0,1,3
iisc_07,823,17.472181,0,1,3
iisc_07,-7463,0.000000,1,1,0
iisc_07,901,17.245716,0,1,3
iisc_07,904,19.390860,0,1,3
iisc_07,417,23.050647,0,1,3
iisc_07,355,15.298235,0,1,3
iisc_07,402,18.723477,0,1,3
iisc_07,757,28.129641,0,1,3
iisc_07,496,17.012607,0,1,3
iisc_07,585,18.188061,0,1,3
iisc_07,2141,28.057033,0,0,2
iisc_07,-5860,0.000000,1,1,0
iisc_07,-5185,0.000000,1,1,0
iisc_07,753,18.351203,0,1,3
iisc_07,733,27.021390,0,1,3
iisc_07,-5520,0.000000,0,0,1
iisc_07,794,15.862199,0,1,3
iisc_07,-6385,0.000000,1,1,0
iisc_07,1292,19.222340,0,1,3
iisc_07,881,5.073030,0,1,3
iisc_07,715,21.327080,0,1,3
iisc_07,968,11.009543,0,1,3
iisc_07,613,10.758152,0,1,3
iisc_07,664,13.473270,0,1,3
iisc_07,-6213,0.000000,1,1,0
iisc_07,602,28.125145,0,1,3
iisc_07,685,33.840893,0,1,3
iisc_07,648,34.196841,0,1,3
iisc_07,701,26.286036,0,1,3
iisc_08,742,2.326720,0,1,3
iisc_08,618,3.339513,0,1,3
iisc_08,1000,1.751704,0,1,3
iisc_08,687,7.530876,0,1,3
iisc_08,427,20.691937,0,1,3
iisc_08,479,3.268036,0,1,3
iisc_08,-5808,0.000000,1,1,0
iisc_08,295,1.012998,0,1,3
iisc_08,574,13.271056,0,1,3
iisc_08,733,3.787114,0,1,3
iisc_08,-5582,0.000000,1,1,0
iisc_08,709,8.262402,0,1,3
iisc_08,688,4.159537,0,1,3
iisc_08,682,5.648420,0,1,3
iisc_08,595,3.777566,0,1,3
iisc_08,705,2.677782,0,1,3
iisc_08,802,7.671342,0,1,3
iisc_08,363,5.860615,0,1,3
iisc_08,1311,3.317348,0,1,3
iisc_08,-6539,0.000000,1,1,0
iisc_08,506,10.797801,0,1,3
iisc_08,-5903,0.000000,1,1,0
iisc_08,415,9.598032,0,1,3
iisc_08,454,6.685509,0,1,3
iisc_08,536,9.483909,0,1,3
iisc_08,620,11.031940,0,1,3
iisc_08,1091,5.050552,0,1,3
iisc_08,477,6.264230,0,1,3
iisc_08,899,4.818393,0,1,3
iisc_08,693,2.304675,0,1,3
iisc_08,480,6.981676,0,1,3
iisc_08,-6169,0.000000,1,1,0
iisc_08,590,8.849617,0,1,3
iisc_08,-3213,17.330262,1,0,1
iisc_08,533,15.585663,1,0,1
iisc_08,395,1.577940,0,1,3
iisc_08,597,1.240996,0,1,3
iisc_08,416,14.791366,0,1,3
iisc_08,-5637,0.000000,1,1,0
iisc_08,467,0.615027,0,1,3
iisc_08,439,18.634501,0,1,3
iisc_08,915,11.678371,0,1,3
iisc_08,1027,24.645675,0,1,3
iisc_08,443,12.401673,0,1,3
iisc_08,533,17.682102,0,1,3
iisc_08,-6529,0.000000,1,1,0
iisc_08,1095,22.021997,0,1,3
iisc_08,605,14.078453,0,1,3
iisc_08,-5735,0.000000,1,1,0
iisc_08,559,10.152610,0,1,3
iisc_08,693,14.858206,0,1,3
iisc_08,558,15.230945,0,1,3
iisc_08,591,25.548882,0,1,3
iisc_08,715,12.575801,0,1,3
iisc_08,1560,9.725460,1,0,1
iisc_08,592,28.993993,0,1,3
iisc_08,622,5.442274,0,1,3
iisc_08,2097,3.728442,0,0,2
iisc_08,505,8.512207,0,1,3
iisc_08,701,6.293150,0,1,3
iisc_08,-7578,0.000000,0,0,1
iisc_08,757,22.714792,0,1,3
iisc_08,-3092,20.709311,1,0,1
iisc_08,485,6.130067,0,1,3
iisc_08,-5747,0.000000,1,1,0
iisc_08,441,23.530998,0,1,3
iisc_08,771,17.685561,0,1,3
iisc_08,283,15.460693,0,1,3
iisc_08,589,23.175717,0,1,3
iisc_08,310,14.045113,0,1,3
iisc_08,526,12.694405,0,1,3
iisc_08,416,6.461336,0,1,3
iisc_08,3313,9.218753,0,0,2
iisc_08,667,6.280059,0,1,3
iisc_08,615,12.072925,0,1,3
iisc_08,-7141,0.000000,1,1,0
iisc_08,-6991,0.000000,1,1,0
iisc_08,742,13.798870,0,1,3
iisc_08,-5499,0.000000,1,1,0
iisc_08,566,16.271784,0,1,3
iisc_08,1085,19.736107,0,1,3
iisc_08,416,16.332090,0,1,3
iisc_08,665,15.690395,0,1,3
iisc_08,553,20.996599,0,1,3
iisc_08,729,16.790565,0,1,3
iisc_08,1260,19.194055,0,1,3
iisc_08,-5450,0.000000,1,1,0
iisc_08,827,32.928175,0,1,3
iisc_08,807,43.028532,0,1,3
iisc_08,669,38.596670,1,0,1
iisc_08,824,28.200821,0,1,3
iisc_08,799,50.097885,0,1,3
iisc_08,1279,35.386420,0,1,3
iisc_08,1108,39.568492,0,1,3
iisc_08,595,25.522694,0,1,3
iisc_08,848,13.793115,0,1,3
iisc_08,-5900,0.000000,1,1,0
iisc_08,618,21.204695,0,1,3
iisc_08,567,31.556090,0,1,3
iisc_08,895,27.245408,0,1,3
iisc_08,802,26.555223,0,1,3
iisc_08,671,18.265290,0,1,3
iisc_08,544,23.030219,0,1,3
iisc_08,-5878,0.000000,1,1,0
iisc_08,519,9.968633,0,1,3
iisc_08,513,12.724096,0,1,3
iisc_08,774,19.435757,0,1,3
iisc_08,742,16.868931,0,1,3
iisc_08,-7259,0.000000,0,0,1
iisc_08,453,8.884291,0,1,3
iisc_08,468,26.664339,0,1,3
iisc_08,-2279,33.615018,1,0,1
iisc_08,-5446,0.000000,1,1,0
iisc_08,534,15.671978,0,1,3
iisc_08,725,8.171647,0,1,3
iisc_08,539,16.682434,0,1,3
iisc_08,479,20.489037,0,1,3
iisc_08,826,26.046384,0,1,3
iisc_08,629,11.432939,1,0,1
iisc_08,-571,33.716491,1,0,1
iisc_08,581,19.926457,1,0,1
iisc_08,929,27.094381,0,1,3
iisc_08,458,20.174333,0,1,3
iisc_08,408,22.403360,0,1,3
iisc_08,420,16.295159,0,1,3
iisc_08,-6790,0.000000,1,1,0
iisc_08,490,16.300931,0,1,3
iisc_08,574,19.972455,0,1,3
iisc_08,847,8.434453,0,1,3
iisc_08,430,24.424438,0,1,3
iisc_08,558,22.129051,0,1,3
iisc_08,1142,7.145466,0,1,3
iisc_08,-5355,0.000000,1,1,0
iisc_08,1268,22.595893,0,1,3
iisc_08,486,43.133450,0,1,3
iisc_08,478,24.321805,0,1,3
iisc_08,415,28.161324,0,1,3
iisc_08,532,31.899848,0,1,3
iisc_08,669,30.518264,0,1,3
iisc_08,551,21.728598,0,1,3
iisc_08,556,20.377053,0,1,3
iisc_08,-5832,0.000000,1,1,0
iisc_08,849,14.340441,0,1,3
iisc_08,519,39.030854,0,1,3
iisc_08,587,22.634811,0,1,3
iisc_08,603,20.933830,0,1,3
iisc_08,-5233,0.000000,1,1,0
iisc_08,709,15.799972,0,1,3
iisc_08,762,14.252736,0,1,3
iisc_08,-5754,0.000000,1,1,0
iisc_08,363,27.735239,0,1,3
iisc_08,627,18.272959,0,1,3
iisc_08,-6387,0.000000,1,1,0
iisc_08,495,17.814439,0,1,3
iisc_08,416,30.173749,0,1,3
iisc_08,490,12.262283,0,1,3
iisc_08,-5769,0.000000,1,1,0
iisc_08,797,14.614952,0,1,3
iisc_08,472,26.472794,0,1,3
iisc_08,884,26.617773,0,1,3
iisc_08,902,14.870602,1,0,1
iisc_08,-2138,41.440173,0,0,1
iisc_08,755,18.874353,0,1,3
iisc_08,1015,20.244015,0,1,3
iisc_08,863,28.489751,0,1,3
iisc_08,658,6.842565,0,1,3
iisc_08,-6662,0.000000,1,1,0
iisc_08,427,5.008118,0,1,3
iisc_08,3432,4.446520,1,1,0
iisc_08,740,26.250062,0,1,3
iisc_08,871,28.931656,0,1,3
iisc_08,458,21.736275,0,1,3
iisc_08,-7463,0.000000,1,1,0
iisc_08,461,19.908143,0,1,3
iisc_08,554,21.007019,0,1,3
iisc_08,459,22.419122,0,1,3
iisc_08,393,15.189679,0,1,3
iisc_08,585,16.248824,0,1,3
iisc_08,460,32.359100,0,1,3
iisc_08,689,13.856196,0,1,3
iisc_08,1130,14.971527,0,1,3
iisc_08,1512,29.225993,0,1,3
iisc_08,-5860,0.000000,1,1,0
iisc_08,-5185,0.000000,1,1,0
iisc_08,558,22.606955,0,1,3
iisc_08,471,30.403130,0,1,3
iisc_08,746,27.258717,0,1,3
iisc_08,747,16.163380,0,1,3
iisc_08,-6385,0.000000,1,1,0
iisc_08,-6204,0.000000,0,0,1
iisc_08,584,8.562012,0,1,3
iisc_08,608,22.722625,0,1,3
iisc_08,1290,8.492870,0,1,3
iisc_08,615,10.758134,0,1,3
iisc_08,636,13.477242,0,1,3
iisc_08,-6213,0.000000,1,1,0
iisc_08,1427,21.111551,0,1,3
iisc_08,658,34.051830,0,1,3
iisc_08,633,34.403294,0,1,3
iisc_08,365,27.596325,0,1,3
